-13,-5,9RURPWHd3t03fITjKqDQ4kTe91E=,g5Y86J25iGMvrFhFzQWPsnHROf0=
-14,-5,9RURPWHd3t03fITjKqDQ4kTe91E=,g5Y86J25iGMvrFhFzQWPsnHROf0=
-11,-5,9RURPWHd3t03fITjKqDQ4kTe91E=,APwp67ySMxQ+t4ozy0OztPIN8n4=
-12,-5,9RURPWHd3t03fITjKqDQ4kTe91E=,APwp67ySMxQ+t4ozy0OztPIN8n4=
-11,-6,9RURPWHd3t03fITjKqDQ4kTe91E=,APwp67ySMxQ+t4ozy0OztPIN8n4=
-13,-6,AZov1ml/YT/swxNWOe/JldCtPlU=,g5Y86J25iGMvrFhFzQWPsnHROf0=
-14,-6,AZov1ml/YT/swxNWOe/JldCtPlU=,g5Y86J25iGMvrFhFzQWPsnHROf0=
-12,-6,9RURPWHd3t03fITjKqDQ4kTe91E=,APwp67ySMxQ+t4ozy0OztPIN8n4=
-11,-3,9RURPWHd3t03fITjKqDQ4kTe91E=,jSjh/BnOTmcApJo4lmP4ds5JZN0=
-12,-3,9RURPWHd3t03fITjKqDQ4kTe91E=,jSjh/BnOTmcApJo4lmP4ds5JZN0=
-11,-4,9RURPWHd3t03fITjKqDQ4kTe91E=,jSjh/BnOTmcApJo4lmP4ds5JZN0=
-12,-4,9RURPWHd3t03fITjKqDQ4kTe91E=,jSjh/BnOTmcApJo4lmP4ds5JZN0=
-13,-3,9RURPWHd3t03fITjKqDQ4kTe91E=,InkclkjhjxgkLqRt16yIXeykVOg=
-14,-3,9RURPWHd3t03fITjKqDQ4kTe91E=,InkclkjhjxgkLqRt16yIXeykVOg=
-13,-4,9RURPWHd3t03fITjKqDQ4kTe91E=,InkclkjhjxgkLqRt16yIXeykVOg=
-14,-4,9RURPWHd3t03fITjKqDQ4kTe91E=,InkclkjhjxgkLqRt16yIXeykVOg=
-13,-9,K+1r78dgZQqFLJblkUleykBE9co=,unCIFZ3g7M56hjWEeAbrnEPcGK8=
-13,-13,K+1r78dgZQqFLJblkUleykBE9co=,TCRIGCrrNtgbqAzGvCTJPrrPArM=
-14,-9,K+1r78dgZQqFLJblkUleykBE9co=,unCIFZ3g7M56hjWEeAbrnEPcGK8=
-11,-10,K+1r78dgZQqFLJblkUleykBE9co=,71gTi/S40koTUhGmlSDup+dxha8=
-14,-13,K+1r78dgZQqFLJblkUleykBE9co=,TCRIGCrrNtgbqAzGvCTJPrrPArM=
-12,-10,K+1r78dgZQqFLJblkUleykBE9co=,71gTi/S40koTUhGmlSDup+dxha8=
-11,-13,aNvZXc+DWkuTB+tkAW/J71hDhHI=,/JZDxaIqZ8RfH2Hw6qJaJ4NKCCM=
-11,-11,K+1r78dgZQqFLJblkUleykBE9co=,71gTi/S40koTUhGmlSDup+dxha8=
-13,-14,aNvZXc+DWkuTB+tkAW/J71hDhHI=,TCRIGCrrNtgbqAzGvCTJPrrPArM=
-9,-13,DXeTfLiNYRJFjFgqF/eV1z82JZc=,/JZDxaIqZ8RfH2Hw6qJaJ4NKCCM=
-10,-13,oYoEA+RQzpI2dLBFkiJ3N4RSjOU=,/JZDxaIqZ8RfH2Hw6qJaJ4NKCCM=
-12,-11,K+1r78dgZQqFLJblkUleykBE9co=,71gTi/S40koTUhGmlSDup+dxha8=
-9,-10,oYoEA+RQzpI2dLBFkiJ3N4RSjOU=,71gTi/S40koTUhGmlSDup+dxha8=
-9,-11,DXeTfLiNYRJFjFgqF/eV1z82JZc=,71gTi/S40koTUhGmlSDup+dxha8=
-14,-14,aNvZXc+DWkuTB+tkAW/J71hDhHI=,TCRIGCrrNtgbqAzGvCTJPrrPArM=
-10,-10,oN4d5i1no2T5/zkD9tM0yQCbiUU=,71gTi/S40koTUhGmlSDup+dxha8=
-9,-5,AZov1ml/YT/swxNWOe/JldCtPlU=,APwp67ySMxQ+t4ozy0OztPIN8n4=
-10,-11,DXeTfLiNYRJFjFgqF/eV1z82JZc=,71gTi/S40koTUhGmlSDup+dxha8=
-11,-12,K+1r78dgZQqFLJblkUleykBE9co=,71gTi/S40koTUhGmlSDup+dxha8=
-7,-10,oN4d5i1no2T5/zkD9tM0yQCbiUU=,OOB+la/txPBF35eyflLhaZ8brsY=
-10,-5,AZov1ml/YT/swxNWOe/JldCtPlU=,APwp67ySMxQ+t4ozy0OztPIN8n4=
-9,-12,DXeTfLiNYRJFjFgqF/eV1z82JZc=,71gTi/S40koTUhGmlSDup+dxha8=
-9,-6,9RURPWHd3t03fITjKqDQ4kTe91E=,APwp67ySMxQ+t4ozy0OztPIN8n4=
-10,-12,DXeTfLiNYRJFjFgqF/eV1z82JZc=,71gTi/S40koTUhGmlSDup+dxha8=
-12,-12,K+1r78dgZQqFLJblkUleykBE9co=,71gTi/S40koTUhGmlSDup+dxha8=
-8,-10,oN4d5i1no2T5/zkD9tM0yQCbiUU=,OOB+la/txPBF35eyflLhaZ8brsY=
-9,-14,oYoEA+RQzpI2dLBFkiJ3N4RSjOU=,/JZDxaIqZ8RfH2Hw6qJaJ4NKCCM=
-10,-6,AZov1ml/YT/swxNWOe/JldCtPlU=,APwp67ySMxQ+t4ozy0OztPIN8n4=
-12,-13,K+1r78dgZQqFLJblkUleykBE9co=,/JZDxaIqZ8RfH2Hw6qJaJ4NKCCM=
-9,-9,oYoEA+RQzpI2dLBFkiJ3N4RSjOU=,71gTi/S40koTUhGmlSDup+dxha8=
-9,-3,AZov1ml/YT/swxNWOe/JldCtPlU=,jSjh/BnOTmcApJo4lmP4ds5JZN0=
-10,-14,oYoEA+RQzpI2dLBFkiJ3N4RSjOU=,/JZDxaIqZ8RfH2Hw6qJaJ4NKCCM=
-13,-10,K+1r78dgZQqFLJblkUleykBE9co=,unCIFZ3g7M56hjWEeAbrnEPcGK8=
-7,-9,oN4d5i1no2T5/zkD9tM0yQCbiUU=,OOB+la/txPBF35eyflLhaZ8brsY=
-10,-3,AZov1ml/YT/swxNWOe/JldCtPlU=,jSjh/BnOTmcApJo4lmP4ds5JZN0=
-7,-11,DXeTfLiNYRJFjFgqF/eV1z82JZc=,OOB+la/txPBF35eyflLhaZ8brsY=
-11,-7,K+1r78dgZQqFLJblkUleykBE9co=,APwp67ySMxQ+t4ozy0OztPIN8n4=
-9,-7,oN4d5i1no2T5/zkD9tM0yQCbiUU=,APwp67ySMxQ+t4ozy0OztPIN8n4=
-9,-4,AZov1ml/YT/swxNWOe/JldCtPlU=,jSjh/BnOTmcApJo4lmP4ds5JZN0=
-8,-11,DXeTfLiNYRJFjFgqF/eV1z82JZc=,OOB+la/txPBF35eyflLhaZ8brsY=
-12,-7,K+1r78dgZQqFLJblkUleykBE9co=,APwp67ySMxQ+t4ozy0OztPIN8n4=
-10,-4,AZov1ml/YT/swxNWOe/JldCtPlU=,jSjh/BnOTmcApJo4lmP4ds5JZN0=
-7,-12,DXeTfLiNYRJFjFgqF/eV1z82JZc=,OOB+la/txPBF35eyflLhaZ8brsY=
-11,-9,K+1r78dgZQqFLJblkUleykBE9co=,71gTi/S40koTUhGmlSDup+dxha8=
-10,-9,oYoEA+RQzpI2dLBFkiJ3N4RSjOU=,71gTi/S40koTUhGmlSDup+dxha8=
-7,-5,9RURPWHd3t03fITjKqDQ4kTe91E=,kHoreVyExqz/XCURdiSzYobnmCk=
-8,-12,DXeTfLiNYRJFjFgqF/eV1z82JZc=,OOB+la/txPBF35eyflLhaZ8brsY=
-10,-7,oYoEA+RQzpI2dLBFkiJ3N4RSjOU=,APwp67ySMxQ+t4ozy0OztPIN8n4=
-14,-10,K+1r78dgZQqFLJblkUleykBE9co=,unCIFZ3g7M56hjWEeAbrnEPcGK8=
-8,-5,AZov1ml/YT/swxNWOe/JldCtPlU=,kHoreVyExqz/XCURdiSzYobnmCk=
-9,-8,oN4d5i1no2T5/zkD9tM0yQCbiUU=,APwp67ySMxQ+t4ozy0OztPIN8n4=
-7,-3,9RURPWHd3t03fITjKqDQ4kTe91E=,dLdekBtwFltRGQZhdkfKe6dA+4k=
-8,-3,9RURPWHd3t03fITjKqDQ4kTe91E=,dLdekBtwFltRGQZhdkfKe6dA+4k=
-8,-9,oN4d5i1no2T5/zkD9tM0yQCbiUU=,OOB+la/txPBF35eyflLhaZ8brsY=
-7,-14,oYoEA+RQzpI2dLBFkiJ3N4RSjOU=,Yu60TSpyvbDZZVVAy2snQ8759pc=
-11,-14,K+1r78dgZQqFLJblkUleykBE9co=,/JZDxaIqZ8RfH2Hw6qJaJ4NKCCM=
-7,-4,9RURPWHd3t03fITjKqDQ4kTe91E=,dLdekBtwFltRGQZhdkfKe6dA+4k=
-10,-8,oYoEA+RQzpI2dLBFkiJ3N4RSjOU=,APwp67ySMxQ+t4ozy0OztPIN8n4=
-8,-14,oYoEA+RQzpI2dLBFkiJ3N4RSjOU=,Yu60TSpyvbDZZVVAy2snQ8759pc=
-11,-8,K+1r78dgZQqFLJblkUleykBE9co=,APwp67ySMxQ+t4ozy0OztPIN8n4=
-8,-4,AZov1ml/YT/swxNWOe/JldCtPlU=,dLdekBtwFltRGQZhdkfKe6dA+4k=
-7,-7,oN4d5i1no2T5/zkD9tM0yQCbiUU=,kHoreVyExqz/XCURdiSzYobnmCk=
-7,-13,DXeTfLiNYRJFjFgqF/eV1z82JZc=,Yu60TSpyvbDZZVVAy2snQ8759pc=
-12,-8,K+1r78dgZQqFLJblkUleykBE9co=,APwp67ySMxQ+t4ozy0OztPIN8n4=
-7,-6,AZov1ml/YT/swxNWOe/JldCtPlU=,kHoreVyExqz/XCURdiSzYobnmCk=
-8,-7,oN4d5i1no2T5/zkD9tM0yQCbiUU=,kHoreVyExqz/XCURdiSzYobnmCk=
-12,-9,K+1r78dgZQqFLJblkUleykBE9co=,71gTi/S40koTUhGmlSDup+dxha8=
-8,-13,oYoEA+RQzpI2dLBFkiJ3N4RSjOU=,Yu60TSpyvbDZZVVAy2snQ8759pc=
-8,-6,AZov1ml/YT/swxNWOe/JldCtPlU=,kHoreVyExqz/XCURdiSzYobnmCk=
-7,-8,oN4d5i1no2T5/zkD9tM0yQCbiUU=,kHoreVyExqz/XCURdiSzYobnmCk=
-12,-14,K+1r78dgZQqFLJblkUleykBE9co=,/JZDxaIqZ8RfH2Hw6qJaJ4NKCCM=
-8,-8,oN4d5i1no2T5/zkD9tM0yQCbiUU=,kHoreVyExqz/XCURdiSzYobnmCk=
-13,-7,3QYbFVGc4A+d8ffxr/ylNjPazuo=,g5Y86J25iGMvrFhFzQWPsnHROf0=
-14,-7,K+1r78dgZQqFLJblkUleykBE9co=,g5Y86J25iGMvrFhFzQWPsnHROf0=
-13,-8,K+1r78dgZQqFLJblkUleykBE9co=,g5Y86J25iGMvrFhFzQWPsnHROf0=
-14,-8,K+1r78dgZQqFLJblkUleykBE9co=,g5Y86J25iGMvrFhFzQWPsnHROf0=
-13,-11,K+1r78dgZQqFLJblkUleykBE9co=,unCIFZ3g7M56hjWEeAbrnEPcGK8=
-14,-11,K+1r78dgZQqFLJblkUleykBE9co=,unCIFZ3g7M56hjWEeAbrnEPcGK8=
-13,-12,K+1r78dgZQqFLJblkUleykBE9co=,unCIFZ3g7M56hjWEeAbrnEPcGK8=
-14,-12,K+1r78dgZQqFLJblkUleykBE9co=,unCIFZ3g7M56hjWEeAbrnEPcGK8=
-5,-11,DXeTfLiNYRJFjFgqF/eV1z82JZc=,OOB+la/txPBF35eyflLhaZ8brsY=
-6,-11,EcTlquJQvck0k9oTHqHNYitBMdg=,OOB+la/txPBF35eyflLhaZ8brsY=
-5,-10,QrqE/ohV2V4/x8OGIIwsTLXqFoU=,OOB+la/txPBF35eyflLhaZ8brsY=
-1,-13,aNvZXc+DWkuTB+tkAW/J71hDhHI=,tmM2WpmjIz9UywZEFsDt3tfA/v0=
-1,-8,aNvZXc+DWkuTB+tkAW/J71hDhHI=,QNtZia7U8MQP/U8zbM4uYyo4eIQ=
-5,-12,EcTlquJQvck0k9oTHqHNYitBMdg=,OOB+la/txPBF35eyflLhaZ8brsY=
-5,-5,AZov1ml/YT/swxNWOe/JldCtPlU=,kHoreVyExqz/XCURdiSzYobnmCk=
-2,-13,aNvZXc+DWkuTB+tkAW/J71hDhHI=,tmM2WpmjIz9UywZEFsDt3tfA/v0=
-6,-12,DXeTfLiNYRJFjFgqF/eV1z82JZc=,OOB+la/txPBF35eyflLhaZ8brsY=
-2,-8,aNvZXc+DWkuTB+tkAW/J71hDhHI=,QNtZia7U8MQP/U8zbM4uYyo4eIQ=
-6,-5,9RURPWHd3t03fITjKqDQ4kTe91E=,kHoreVyExqz/XCURdiSzYobnmCk=
-1,-14,aNvZXc+DWkuTB+tkAW/J71hDhHI=,tmM2WpmjIz9UywZEFsDt3tfA/v0=
-5,-14,DXeTfLiNYRJFjFgqF/eV1z82JZc=,Yu60TSpyvbDZZVVAy2snQ8759pc=
-1,-9,aNvZXc+DWkuTB+tkAW/J71hDhHI=,nZeXGtbck3voDTOZ4wr9zoGyaKQ=
-5,-7,abnxlYV5UDHhHP01vkHs6eGOYR8=,kHoreVyExqz/XCURdiSzYobnmCk=
-2,-14,aNvZXc+DWkuTB+tkAW/J71hDhHI=,tmM2WpmjIz9UywZEFsDt3tfA/v0=
-6,-14,EcTlquJQvck0k9oTHqHNYitBMdg=,Yu60TSpyvbDZZVVAy2snQ8759pc=
-2,-9,aNvZXc+DWkuTB+tkAW/J71hDhHI=,nZeXGtbck3voDTOZ4wr9zoGyaKQ=
-6,-10,QrqE/ohV2V4/x8OGIIwsTLXqFoU=,OOB+la/txPBF35eyflLhaZ8brsY=
-1,-11,aNvZXc+DWkuTB+tkAW/J71hDhHI=,nZeXGtbck3voDTOZ4wr9zoGyaKQ=
-1,-10,aNvZXc+DWkuTB+tkAW/J71hDhHI=,nZeXGtbck3voDTOZ4wr9zoGyaKQ=
-3,-13,DXeTfLiNYRJFjFgqF/eV1z82JZc=,tmM2WpmjIz9UywZEFsDt3tfA/v0=
-5,-9,3QYbFVGc4A+d8ffxr/ylNjPazuo=,OOB+la/txPBF35eyflLhaZ8brsY=
-2,-11,aNvZXc+DWkuTB+tkAW/J71hDhHI=,nZeXGtbck3voDTOZ4wr9zoGyaKQ=
-4,-13,DXeTfLiNYRJFjFgqF/eV1z82JZc=,tmM2WpmjIz9UywZEFsDt3tfA/v0=
-2,-10,aNvZXc+DWkuTB+tkAW/J71hDhHI=,nZeXGtbck3voDTOZ4wr9zoGyaKQ=
-6,-7,QrqE/ohV2V4/x8OGIIwsTLXqFoU=,kHoreVyExqz/XCURdiSzYobnmCk=
-1,-12,aNvZXc+DWkuTB+tkAW/J71hDhHI=,nZeXGtbck3voDTOZ4wr9zoGyaKQ=
-3,-11,DXeTfLiNYRJFjFgqF/eV1z82JZc=,nZeXGtbck3voDTOZ4wr9zoGyaKQ=
-1,-7,aNvZXc+DWkuTB+tkAW/J71hDhHI=,QNtZia7U8MQP/U8zbM4uYyo4eIQ=
-6,-9,3QYbFVGc4A+d8ffxr/ylNjPazuo=,OOB+la/txPBF35eyflLhaZ8brsY=
-2,-12,aNvZXc+DWkuTB+tkAW/J71hDhHI=,nZeXGtbck3voDTOZ4wr9zoGyaKQ=
-4,-11,DXeTfLiNYRJFjFgqF/eV1z82JZc=,nZeXGtbck3voDTOZ4wr9zoGyaKQ=
-2,-7,aNvZXc+DWkuTB+tkAW/J71hDhHI=,QNtZia7U8MQP/U8zbM4uYyo4eIQ=
-3,-8,3QYbFVGc4A+d8ffxr/ylNjPazuo=,QNtZia7U8MQP/U8zbM4uYyo4eIQ=
-4,-8,3QYbFVGc4A+d8ffxr/ylNjPazuo=,QNtZia7U8MQP/U8zbM4uYyo4eIQ=
-3,-14,DXeTfLiNYRJFjFgqF/eV1z82JZc=,tmM2WpmjIz9UywZEFsDt3tfA/v0=
-1,-3,aNvZXc+DWkuTB+tkAW/J71hDhHI=,aXz0TR130ql5XTu/ks2AhVLvfEs=
-3,-1,aNvZXc+DWkuTB+tkAW/J71hDhHI=,aXz0TR130ql5XTu/ks2AhVLvfEs=
-3,-3,9RURPWHd3t03fITjKqDQ4kTe91E=,aXz0TR130ql5XTu/ks2AhVLvfEs=
-2,-3,aNvZXc+DWkuTB+tkAW/J71hDhHI=,aXz0TR130ql5XTu/ks2AhVLvfEs=
-4,-14,EcTlquJQvck0k9oTHqHNYitBMdg=,tmM2WpmjIz9UywZEFsDt3tfA/v0=
-4,-1,aNvZXc+DWkuTB+tkAW/J71hDhHI=,aXz0TR130ql5XTu/ks2AhVLvfEs=
-4,-3,AZov1ml/YT/swxNWOe/JldCtPlU=,aXz0TR130ql5XTu/ks2AhVLvfEs=
-3,-12,EcTlquJQvck0k9oTHqHNYitBMdg=,nZeXGtbck3voDTOZ4wr9zoGyaKQ=
-1,-5,aNvZXc+DWkuTB+tkAW/J71hDhHI=,QNtZia7U8MQP/U8zbM4uYyo4eIQ=
-5,-2,aNvZXc+DWkuTB+tkAW/J71hDhHI=,dLdekBtwFltRGQZhdkfKe6dA+4k=
-5,-3,AZov1ml/YT/swxNWOe/JldCtPlU=,dLdekBtwFltRGQZhdkfKe6dA+4k=
-4,-12,EcTlquJQvck0k9oTHqHNYitBMdg=,nZeXGtbck3voDTOZ4wr9zoGyaKQ=
-2,-5,aNvZXc+DWkuTB+tkAW/J71hDhHI=,QNtZia7U8MQP/U8zbM4uYyo4eIQ=
-6,-2,aNvZXc+DWkuTB+tkAW/J71hDhHI=,dLdekBtwFltRGQZhdkfKe6dA+4k=
-5,-13,EcTlquJQvck0k9oTHqHNYitBMdg=,Yu60TSpyvbDZZVVAy2snQ8759pc=
-6,-3,9RURPWHd3t03fITjKqDQ4kTe91E=,dLdekBtwFltRGQZhdkfKe6dA+4k=
-1,-6,aNvZXc+DWkuTB+tkAW/J71hDhHI=,QNtZia7U8MQP/U8zbM4uYyo4eIQ=
-3,-2,aNvZXc+DWkuTB+tkAW/J71hDhHI=,aXz0TR130ql5XTu/ks2AhVLvfEs=
-6,-13,EcTlquJQvck0k9oTHqHNYitBMdg=,Yu60TSpyvbDZZVVAy2snQ8759pc=
-3,-9,3QYbFVGc4A+d8ffxr/ylNjPazuo=,nZeXGtbck3voDTOZ4wr9zoGyaKQ=
-2,-6,aNvZXc+DWkuTB+tkAW/J71hDhHI=,QNtZia7U8MQP/U8zbM4uYyo4eIQ=
-4,-2,aNvZXc+DWkuTB+tkAW/J71hDhHI=,aXz0TR130ql5XTu/ks2AhVLvfEs=
-9,-1,aNvZXc+DWkuTB+tkAW/J71hDhHI=,jSjh/BnOTmcApJo4lmP4ds5JZN0=
-4,-9,AZov1ml/YT/swxNWOe/JldCtPlU=,nZeXGtbck3voDTOZ4wr9zoGyaKQ=
-1,-4,aNvZXc+DWkuTB+tkAW/J71hDhHI=,aXz0TR130ql5XTu/ks2AhVLvfEs=
-5,-1,aNvZXc+DWkuTB+tkAW/J71hDhHI=,dLdekBtwFltRGQZhdkfKe6dA+4k=
-3,-10,3QYbFVGc4A+d8ffxr/ylNjPazuo=,nZeXGtbck3voDTOZ4wr9zoGyaKQ=
-10,-1,aNvZXc+DWkuTB+tkAW/J71hDhHI=,jSjh/BnOTmcApJo4lmP4ds5JZN0=
-2,-4,aNvZXc+DWkuTB+tkAW/J71hDhHI=,aXz0TR130ql5XTu/ks2AhVLvfEs=
-4,-10,3QYbFVGc4A+d8ffxr/ylNjPazuo=,nZeXGtbck3voDTOZ4wr9zoGyaKQ=
-6,-1,aNvZXc+DWkuTB+tkAW/J71hDhHI=,dLdekBtwFltRGQZhdkfKe6dA+4k=
-9,-2,aNvZXc+DWkuTB+tkAW/J71hDhHI=,jSjh/BnOTmcApJo4lmP4ds5JZN0=
-10,-2,aNvZXc+DWkuTB+tkAW/J71hDhHI=,jSjh/BnOTmcApJo4lmP4ds5JZN0=
-5,-4,9RURPWHd3t03fITjKqDQ4kTe91E=,dLdekBtwFltRGQZhdkfKe6dA+4k=
-7,-2,aNvZXc+DWkuTB+tkAW/J71hDhHI=,dLdekBtwFltRGQZhdkfKe6dA+4k=
-13,-1,aNvZXc+DWkuTB+tkAW/J71hDhHI=,InkclkjhjxgkLqRt16yIXeykVOg=
-6,-4,AZov1ml/YT/swxNWOe/JldCtPlU=,dLdekBtwFltRGQZhdkfKe6dA+4k=
-8,-2,aNvZXc+DWkuTB+tkAW/J71hDhHI=,dLdekBtwFltRGQZhdkfKe6dA+4k=
-14,-1,aNvZXc+DWkuTB+tkAW/J71hDhHI=,InkclkjhjxgkLqRt16yIXeykVOg=
-15,-5,aNvZXc+DWkuTB+tkAW/J71hDhHI=,g5Y86J25iGMvrFhFzQWPsnHROf0=
-7,-1,aNvZXc+DWkuTB+tkAW/J71hDhHI=,dLdekBtwFltRGQZhdkfKe6dA+4k=
-3,-5,AZov1ml/YT/swxNWOe/JldCtPlU=,QNtZia7U8MQP/U8zbM4uYyo4eIQ=
-4,-5,AZov1ml/YT/swxNWOe/JldCtPlU=,QNtZia7U8MQP/U8zbM4uYyo4eIQ=
-11,-1,aNvZXc+DWkuTB+tkAW/J71hDhHI=,jSjh/BnOTmcApJo4lmP4ds5JZN0=
-8,-1,aNvZXc+DWkuTB+tkAW/J71hDhHI=,dLdekBtwFltRGQZhdkfKe6dA+4k=
-16,-5,aNvZXc+DWkuTB+tkAW/J71hDhHI=,g5Y86J25iGMvrFhFzQWPsnHROf0=
-13,-2,aNvZXc+DWkuTB+tkAW/J71hDhHI=,InkclkjhjxgkLqRt16yIXeykVOg=
-15,-6,aNvZXc+DWkuTB+tkAW/J71hDhHI=,g5Y86J25iGMvrFhFzQWPsnHROf0=
-5,-6,9RURPWHd3t03fITjKqDQ4kTe91E=,kHoreVyExqz/XCURdiSzYobnmCk=
-15,-9,aNvZXc+DWkuTB+tkAW/J71hDhHI=,unCIFZ3g7M56hjWEeAbrnEPcGK8=
-16,-6,aNvZXc+DWkuTB+tkAW/J71hDhHI=,g5Y86J25iGMvrFhFzQWPsnHROf0=
-12,-1,aNvZXc+DWkuTB+tkAW/J71hDhHI=,jSjh/BnOTmcApJo4lmP4ds5JZN0=
-6,-6,AZov1ml/YT/swxNWOe/JldCtPlU=,kHoreVyExqz/XCURdiSzYobnmCk=
-16,-9,aNvZXc+DWkuTB+tkAW/J71hDhHI=,unCIFZ3g7M56hjWEeAbrnEPcGK8=
-14,-2,aNvZXc+DWkuTB+tkAW/J71hDhHI=,InkclkjhjxgkLqRt16yIXeykVOg=
-15,-3,aNvZXc+DWkuTB+tkAW/J71hDhHI=,InkclkjhjxgkLqRt16yIXeykVOg=
-5,-8,QrqE/ohV2V4/x8OGIIwsTLXqFoU=,kHoreVyExqz/XCURdiSzYobnmCk=
-11,-2,aNvZXc+DWkuTB+tkAW/J71hDhHI=,jSjh/BnOTmcApJo4lmP4ds5JZN0=
-15,-10,aNvZXc+DWkuTB+tkAW/J71hDhHI=,unCIFZ3g7M56hjWEeAbrnEPcGK8=
-16,-3,aNvZXc+DWkuTB+tkAW/J71hDhHI=,InkclkjhjxgkLqRt16yIXeykVOg=
-12,-2,aNvZXc+DWkuTB+tkAW/J71hDhHI=,jSjh/BnOTmcApJo4lmP4ds5JZN0=
-6,-8,abnxlYV5UDHhHP01vkHs6eGOYR8=,kHoreVyExqz/XCURdiSzYobnmCk=
-16,-10,aNvZXc+DWkuTB+tkAW/J71hDhHI=,unCIFZ3g7M56hjWEeAbrnEPcGK8=
-15,-4,aNvZXc+DWkuTB+tkAW/J71hDhHI=,InkclkjhjxgkLqRt16yIXeykVOg=
-3,-6,AZov1ml/YT/swxNWOe/JldCtPlU=,QNtZia7U8MQP/U8zbM4uYyo4eIQ=
-15,-13,K+1r78dgZQqFLJblkUleykBE9co=,TCRIGCrrNtgbqAzGvCTJPrrPArM=
-15,-7,aNvZXc+DWkuTB+tkAW/J71hDhHI=,g5Y86J25iGMvrFhFzQWPsnHROf0=
-16,-13,aNvZXc+DWkuTB+tkAW/J71hDhHI=,TCRIGCrrNtgbqAzGvCTJPrrPArM=
-16,-7,aNvZXc+DWkuTB+tkAW/J71hDhHI=,g5Y86J25iGMvrFhFzQWPsnHROf0=
-4,-6,AZov1ml/YT/swxNWOe/JldCtPlU=,QNtZia7U8MQP/U8zbM4uYyo4eIQ=
-15,-14,K+1r78dgZQqFLJblkUleykBE9co=,TCRIGCrrNtgbqAzGvCTJPrrPArM=
-16,-4,aNvZXc+DWkuTB+tkAW/J71hDhHI=,InkclkjhjxgkLqRt16yIXeykVOg=
-15,-8,aNvZXc+DWkuTB+tkAW/J71hDhHI=,g5Y86J25iGMvrFhFzQWPsnHROf0=
-16,-14,K+1r78dgZQqFLJblkUleykBE9co=,TCRIGCrrNtgbqAzGvCTJPrrPArM=
-16,-8,aNvZXc+DWkuTB+tkAW/J71hDhHI=,g5Y86J25iGMvrFhFzQWPsnHROf0=
-3,-7,3QYbFVGc4A+d8ffxr/ylNjPazuo=,QNtZia7U8MQP/U8zbM4uYyo4eIQ=
-15,-11,K+1r78dgZQqFLJblkUleykBE9co=,unCIFZ3g7M56hjWEeAbrnEPcGK8=
-16,-11,K+1r78dgZQqFLJblkUleykBE9co=,unCIFZ3g7M56hjWEeAbrnEPcGK8=
-4,-7,QrqE/ohV2V4/x8OGIIwsTLXqFoU=,QNtZia7U8MQP/U8zbM4uYyo4eIQ=
-11,-16,aNvZXc+DWkuTB+tkAW/J71hDhHI=,/JZDxaIqZ8RfH2Hw6qJaJ4NKCCM=
-9,-15,aNvZXc+DWkuTB+tkAW/J71hDhHI=,/JZDxaIqZ8RfH2Hw6qJaJ4NKCCM=
-15,-12,K+1r78dgZQqFLJblkUleykBE9co=,unCIFZ3g7M56hjWEeAbrnEPcGK8=
-16,-12,K+1r78dgZQqFLJblkUleykBE9co=,unCIFZ3g7M56hjWEeAbrnEPcGK8=
-12,-16,aNvZXc+DWkuTB+tkAW/J71hDhHI=,/JZDxaIqZ8RfH2Hw6qJaJ4NKCCM=
-3,-4,9RURPWHd3t03fITjKqDQ4kTe91E=,aXz0TR130ql5XTu/ks2AhVLvfEs=
-9,-16,aNvZXc+DWkuTB+tkAW/J71hDhHI=,/JZDxaIqZ8RfH2Hw6qJaJ4NKCCM=
-11,-15,aNvZXc+DWkuTB+tkAW/J71hDhHI=,/JZDxaIqZ8RfH2Hw6qJaJ4NKCCM=
-5,-15,aNvZXc+DWkuTB+tkAW/J71hDhHI=,Yu60TSpyvbDZZVVAy2snQ8759pc=
-4,-4,9RURPWHd3t03fITjKqDQ4kTe91E=,aXz0TR130ql5XTu/ks2AhVLvfEs=
-10,-16,aNvZXc+DWkuTB+tkAW/J71hDhHI=,/JZDxaIqZ8RfH2Hw6qJaJ4NKCCM=
-13,-15,aNvZXc+DWkuTB+tkAW/J71hDhHI=,TCRIGCrrNtgbqAzGvCTJPrrPArM=
-6,-15,aNvZXc+DWkuTB+tkAW/J71hDhHI=,Yu60TSpyvbDZZVVAy2snQ8759pc=
-1,-15,aNvZXc+DWkuTB+tkAW/J71hDhHI=,tmM2WpmjIz9UywZEFsDt3tfA/v0=
-14,-15,aNvZXc+DWkuTB+tkAW/J71hDhHI=,TCRIGCrrNtgbqAzGvCTJPrrPArM=
-10,-15,aNvZXc+DWkuTB+tkAW/J71hDhHI=,/JZDxaIqZ8RfH2Hw6qJaJ4NKCCM=
-3,-15,aNvZXc+DWkuTB+tkAW/J71hDhHI=,tmM2WpmjIz9UywZEFsDt3tfA/v0=
-13,-16,aNvZXc+DWkuTB+tkAW/J71hDhHI=,TCRIGCrrNtgbqAzGvCTJPrrPArM=
-2,-15,aNvZXc+DWkuTB+tkAW/J71hDhHI=,tmM2WpmjIz9UywZEFsDt3tfA/v0=
-14,-16,aNvZXc+DWkuTB+tkAW/J71hDhHI=,TCRIGCrrNtgbqAzGvCTJPrrPArM=
-7,-15,aNvZXc+DWkuTB+tkAW/J71hDhHI=,Yu60TSpyvbDZZVVAy2snQ8759pc=
-4,-15,aNvZXc+DWkuTB+tkAW/J71hDhHI=,tmM2WpmjIz9UywZEFsDt3tfA/v0=
-12,-15,aNvZXc+DWkuTB+tkAW/J71hDhHI=,/JZDxaIqZ8RfH2Hw6qJaJ4NKCCM=
-1,-16,aNvZXc+DWkuTB+tkAW/J71hDhHI=,tmM2WpmjIz9UywZEFsDt3tfA/v0=
-8,-15,aNvZXc+DWkuTB+tkAW/J71hDhHI=,Yu60TSpyvbDZZVVAy2snQ8759pc=
-3,-16,aNvZXc+DWkuTB+tkAW/J71hDhHI=,tmM2WpmjIz9UywZEFsDt3tfA/v0=
-2,-16,aNvZXc+DWkuTB+tkAW/J71hDhHI=,tmM2WpmjIz9UywZEFsDt3tfA/v0=
-15,-1,aNvZXc+DWkuTB+tkAW/J71hDhHI=,InkclkjhjxgkLqRt16yIXeykVOg=
-7,-16,aNvZXc+DWkuTB+tkAW/J71hDhHI=,Yu60TSpyvbDZZVVAy2snQ8759pc=
-4,-16,aNvZXc+DWkuTB+tkAW/J71hDhHI=,tmM2WpmjIz9UywZEFsDt3tfA/v0=
-16,-1,aNvZXc+DWkuTB+tkAW/J71hDhHI=,InkclkjhjxgkLqRt16yIXeykVOg=
-1,-1,aNvZXc+DWkuTB+tkAW/J71hDhHI=,aXz0TR130ql5XTu/ks2AhVLvfEs=
-8,-16,aNvZXc+DWkuTB+tkAW/J71hDhHI=,Yu60TSpyvbDZZVVAy2snQ8759pc=
-5,-16,aNvZXc+DWkuTB+tkAW/J71hDhHI=,Yu60TSpyvbDZZVVAy2snQ8759pc=
-15,-2,aNvZXc+DWkuTB+tkAW/J71hDhHI=,InkclkjhjxgkLqRt16yIXeykVOg=
-2,-1,aNvZXc+DWkuTB+tkAW/J71hDhHI=,aXz0TR130ql5XTu/ks2AhVLvfEs=
-6,-16,aNvZXc+DWkuTB+tkAW/J71hDhHI=,Yu60TSpyvbDZZVVAy2snQ8759pc=
-15,-15,aNvZXc+DWkuTB+tkAW/J71hDhHI=,TCRIGCrrNtgbqAzGvCTJPrrPArM=
-16,-2,aNvZXc+DWkuTB+tkAW/J71hDhHI=,InkclkjhjxgkLqRt16yIXeykVOg=
-1,-2,aNvZXc+DWkuTB+tkAW/J71hDhHI=,aXz0TR130ql5XTu/ks2AhVLvfEs=
-16,-15,aNvZXc+DWkuTB+tkAW/J71hDhHI=,TCRIGCrrNtgbqAzGvCTJPrrPArM=
-15,-16,aNvZXc+DWkuTB+tkAW/J71hDhHI=,TCRIGCrrNtgbqAzGvCTJPrrPArM=
-2,-2,aNvZXc+DWkuTB+tkAW/J71hDhHI=,aXz0TR130ql5XTu/ks2AhVLvfEs=
-16,-16,aNvZXc+DWkuTB+tkAW/J71hDhHI=,TCRIGCrrNtgbqAzGvCTJPrrPArM=
-1,-21,+M88WJ/Bfb/CD0SHxYFC38BdOCs=,CB33oiaVlY+wWdbuNRCzzCzaPOE=
-2,-21,+M88WJ/Bfb/CD0SHxYFC38BdOCs=,CB33oiaVlY+wWdbuNRCzzCzaPOE=
-1,-19,+M88WJ/Bfb/CD0SHxYFC38BdOCs=,hO8e3oULWn8Q6bVlCgm/9XuaxM0=
-1,-20,+M88WJ/Bfb/CD0SHxYFC38BdOCs=,hO8e3oULWn8Q6bVlCgm/9XuaxM0=
-2,-19,+M88WJ/Bfb/CD0SHxYFC38BdOCs=,hO8e3oULWn8Q6bVlCgm/9XuaxM0=
-2,-20,+M88WJ/Bfb/CD0SHxYFC38BdOCs=,hO8e3oULWn8Q6bVlCgm/9XuaxM0=
-1,-22,+M88WJ/Bfb/CD0SHxYFC38BdOCs=,CB33oiaVlY+wWdbuNRCzzCzaPOE=
-2,-22,+M88WJ/Bfb/CD0SHxYFC38BdOCs=,CB33oiaVlY+wWdbuNRCzzCzaPOE=
-15,-19,+M88WJ/Bfb/CD0SHxYFC38BdOCs=,r0AO38V26o/VnkNDjHY9b07sLe8=
-16,-19,+M88WJ/Bfb/CD0SHxYFC38BdOCs=,r0AO38V26o/VnkNDjHY9b07sLe8=
-15,-20,+M88WJ/Bfb/CD0SHxYFC38BdOCs=,r0AO38V26o/VnkNDjHY9b07sLe8=
-16,-20,+M88WJ/Bfb/CD0SHxYFC38BdOCs=,r0AO38V26o/VnkNDjHY9b07sLe8=
-1,-18,+M88WJ/Bfb/CD0SHxYFC38BdOCs=,hO8e3oULWn8Q6bVlCgm/9XuaxM0=
-2,-18,+M88WJ/Bfb/CD0SHxYFC38BdOCs=,hO8e3oULWn8Q6bVlCgm/9XuaxM0=
-1,-17,+M88WJ/Bfb/CD0SHxYFC38BdOCs=,hO8e3oULWn8Q6bVlCgm/9XuaxM0=
-2,-17,+M88WJ/Bfb/CD0SHxYFC38BdOCs=,hO8e3oULWn8Q6bVlCgm/9XuaxM0=
-1,-23,+M88WJ/Bfb/CD0SHxYFC38BdOCs=,CB33oiaVlY+wWdbuNRCzzCzaPOE=
-2,-23,+M88WJ/Bfb/CD0SHxYFC38BdOCs=,CB33oiaVlY+wWdbuNRCzzCzaPOE=
-1,-24,+M88WJ/Bfb/CD0SHxYFC38BdOCs=,CB33oiaVlY+wWdbuNRCzzCzaPOE=
-15,-17,+M88WJ/Bfb/CD0SHxYFC38BdOCs=,r0AO38V26o/VnkNDjHY9b07sLe8=
-2,-24,+M88WJ/Bfb/CD0SHxYFC38BdOCs=,CB33oiaVlY+wWdbuNRCzzCzaPOE=
-16,-17,+M88WJ/Bfb/CD0SHxYFC38BdOCs=,r0AO38V26o/VnkNDjHY9b07sLe8=
-3,-23,jfTaksb8xDf9GrFNfJoMicsgv9c=,CB33oiaVlY+wWdbuNRCzzCzaPOE=
-15,-18,+M88WJ/Bfb/CD0SHxYFC38BdOCs=,r0AO38V26o/VnkNDjHY9b07sLe8=
-4,-23,jfTaksb8xDf9GrFNfJoMicsgv9c=,CB33oiaVlY+wWdbuNRCzzCzaPOE=
-16,-18,+M88WJ/Bfb/CD0SHxYFC38BdOCs=,r0AO38V26o/VnkNDjHY9b07sLe8=
-3,-24,jfTaksb8xDf9GrFNfJoMicsgv9c=,CB33oiaVlY+wWdbuNRCzzCzaPOE=
-4,-24,vpc3TOwNpdXVV2Ou5aGHl8Ul1RQ=,CB33oiaVlY+wWdbuNRCzzCzaPOE=
-3,-21,BkZOwToBy0VI+bWRFeL8F5JlWuA=,CB33oiaVlY+wWdbuNRCzzCzaPOE=
-4,-21,y/n9XhortfbuTpjDmdVpOLNJxpI=,CB33oiaVlY+wWdbuNRCzzCzaPOE=
-3,-18,+M88WJ/Bfb/CD0SHxYFC38BdOCs=,hO8e3oULWn8Q6bVlCgm/9XuaxM0=
-5,-17,+M88WJ/Bfb/CD0SHxYFC38BdOCs=,uTIWkq3g6W3s5GscSMfaDBkLkcM=
-13,-19,rW2sOG6V3Irbe6+myeOpJRybszw=,r0AO38V26o/VnkNDjHY9b07sLe8=
-14,-19,rW2sOG6V3Irbe6+myeOpJRybszw=,r0AO38V26o/VnkNDjHY9b07sLe8=
-6,-17,+M88WJ/Bfb/CD0SHxYFC38BdOCs=,uTIWkq3g6W3s5GscSMfaDBkLkcM=
-4,-18,+M88WJ/Bfb/CD0SHxYFC38BdOCs=,hO8e3oULWn8Q6bVlCgm/9XuaxM0=
-13,-17,+M88WJ/Bfb/CD0SHxYFC38BdOCs=,r0AO38V26o/VnkNDjHY9b07sLe8=
-5,-19,y/n9XhortfbuTpjDmdVpOLNJxpI=,uTIWkq3g6W3s5GscSMfaDBkLkcM=
-14,-17,+M88WJ/Bfb/CD0SHxYFC38BdOCs=,r0AO38V26o/VnkNDjHY9b07sLe8=
-6,-19,y/n9XhortfbuTpjDmdVpOLNJxpI=,uTIWkq3g6W3s5GscSMfaDBkLkcM=
-9,-19,rW2sOG6V3Irbe6+myeOpJRybszw=,SzZj27DTHunHsFrSAoggr7MgKoI=
-5,-20,Km79kP0XA+x6C/aPYIejFe25EzQ=,uTIWkq3g6W3s5GscSMfaDBkLkcM=
-13,-20,fa9f3q4C+WreQwjL7dkY6mAbf9Q=,r0AO38V26o/VnkNDjHY9b07sLe8=
-6,-20,y/n9XhortfbuTpjDmdVpOLNJxpI=,uTIWkq3g6W3s5GscSMfaDBkLkcM=
-14,-20,rW2sOG6V3Irbe6+myeOpJRybszw=,r0AO38V26o/VnkNDjHY9b07sLe8=
-3,-20,y/n9XhortfbuTpjDmdVpOLNJxpI=,hO8e3oULWn8Q6bVlCgm/9XuaxM0=
-10,-19,rW2sOG6V3Irbe6+myeOpJRybszw=,SzZj27DTHunHsFrSAoggr7MgKoI=
-4,-20,Km79kP0XA+x6C/aPYIejFe25EzQ=,hO8e3oULWn8Q6bVlCgm/9XuaxM0=
-3,-19,y/n9XhortfbuTpjDmdVpOLNJxpI=,hO8e3oULWn8Q6bVlCgm/9XuaxM0=
-4,-19,y/n9XhortfbuTpjDmdVpOLNJxpI=,hO8e3oULWn8Q6bVlCgm/9XuaxM0=
-9,-17,+M88WJ/Bfb/CD0SHxYFC38BdOCs=,SzZj27DTHunHsFrSAoggr7MgKoI=
-5,-18,+M88WJ/Bfb/CD0SHxYFC38BdOCs=,uTIWkq3g6W3s5GscSMfaDBkLkcM=
-6,-18,+M88WJ/Bfb/CD0SHxYFC38BdOCs=,uTIWkq3g6W3s5GscSMfaDBkLkcM=
-10,-17,+M88WJ/Bfb/CD0SHxYFC38BdOCs=,SzZj27DTHunHsFrSAoggr7MgKoI=
-3,-17,+M88WJ/Bfb/CD0SHxYFC38BdOCs=,hO8e3oULWn8Q6bVlCgm/9XuaxM0=
-7,-19,rW2sOG6V3Irbe6+myeOpJRybszw=,uTIWkq3g6W3s5GscSMfaDBkLkcM=
-7,-17,+M88WJ/Bfb/CD0SHxYFC38BdOCs=,uTIWkq3g6W3s5GscSMfaDBkLkcM=
-4,-17,+M88WJ/Bfb/CD0SHxYFC38BdOCs=,hO8e3oULWn8Q6bVlCgm/9XuaxM0=
-3,-22,y/n9XhortfbuTpjDmdVpOLNJxpI=,CB33oiaVlY+wWdbuNRCzzCzaPOE=
-4,-22,y/n9XhortfbuTpjDmdVpOLNJxpI=,CB33oiaVlY+wWdbuNRCzzCzaPOE=
-8,-17,+M88WJ/Bfb/CD0SHxYFC38BdOCs=,uTIWkq3g6W3s5GscSMfaDBkLkcM=
-8,-19,rW2sOG6V3Irbe6+myeOpJRybszw=,uTIWkq3g6W3s5GscSMfaDBkLkcM=
-7,-20,rW2sOG6V3Irbe6+myeOpJRybszw=,uTIWkq3g6W3s5GscSMfaDBkLkcM=
-8,-20,rW2sOG6V3Irbe6+myeOpJRybszw=,uTIWkq3g6W3s5GscSMfaDBkLkcM=
-11,-19,rW2sOG6V3Irbe6+myeOpJRybszw=,SzZj27DTHunHsFrSAoggr7MgKoI=
-12,-19,fa9f3q4C+WreQwjL7dkY6mAbf9Q=,SzZj27DTHunHsFrSAoggr7MgKoI=
-11,-17,+M88WJ/Bfb/CD0SHxYFC38BdOCs=,SzZj27DTHunHsFrSAoggr7MgKoI=
-12,-17,+M88WJ/Bfb/CD0SHxYFC38BdOCs=,SzZj27DTHunHsFrSAoggr7MgKoI=
-9,-18,+M88WJ/Bfb/CD0SHxYFC38BdOCs=,SzZj27DTHunHsFrSAoggr7MgKoI=
-10,-18,+M88WJ/Bfb/CD0SHxYFC38BdOCs=,SzZj27DTHunHsFrSAoggr7MgKoI=
-13,-18,+M88WJ/Bfb/CD0SHxYFC38BdOCs=,r0AO38V26o/VnkNDjHY9b07sLe8=
-14,-18,+M88WJ/Bfb/CD0SHxYFC38BdOCs=,r0AO38V26o/VnkNDjHY9b07sLe8=
-9,-20,rW2sOG6V3Irbe6+myeOpJRybszw=,SzZj27DTHunHsFrSAoggr7MgKoI=
-10,-20,rW2sOG6V3Irbe6+myeOpJRybszw=,SzZj27DTHunHsFrSAoggr7MgKoI=
-11,-20,TCiniQH+opFRlRAnN+zMfrm8A08=,SzZj27DTHunHsFrSAoggr7MgKoI=
-12,-20,TCiniQH+opFRlRAnN+zMfrm8A08=,SzZj27DTHunHsFrSAoggr7MgKoI=
-7,-18,+M88WJ/Bfb/CD0SHxYFC38BdOCs=,uTIWkq3g6W3s5GscSMfaDBkLkcM=
-8,-18,+M88WJ/Bfb/CD0SHxYFC38BdOCs=,uTIWkq3g6W3s5GscSMfaDBkLkcM=
-11,-18,+M88WJ/Bfb/CD0SHxYFC38BdOCs=,SzZj27DTHunHsFrSAoggr7MgKoI=
-12,-18,+M88WJ/Bfb/CD0SHxYFC38BdOCs=,SzZj27DTHunHsFrSAoggr7MgKoI=
-17,-19,9uKlTJR5/TR2NetyIlQPhpGbYKY=,jESzS4asVK4YBMA6z+ncG5lA1/g=
-18,-19,9uKlTJR5/TR2NetyIlQPhpGbYKY=,jESzS4asVK4YBMA6z+ncG5lA1/g=
-17,-20,9uKlTJR5/TR2NetyIlQPhpGbYKY=,jESzS4asVK4YBMA6z+ncG5lA1/g=
-18,-20,x3y2RgZ9HLKWnOCj72OjsUcr8l8=,jESzS4asVK4YBMA6z+ncG5lA1/g=
-19,-20,eBeHh8arR7lz270FCIin4ipy/jg=,jESzS4asVK4YBMA6z+ncG5lA1/g=
-20,-20,x3y2RgZ9HLKWnOCj72OjsUcr8l8=,jESzS4asVK4YBMA6z+ncG5lA1/g=
-17,-18,9uKlTJR5/TR2NetyIlQPhpGbYKY=,jESzS4asVK4YBMA6z+ncG5lA1/g=
-18,-18,9uKlTJR5/TR2NetyIlQPhpGbYKY=,jESzS4asVK4YBMA6z+ncG5lA1/g=
-19,-19,x3y2RgZ9HLKWnOCj72OjsUcr8l8=,jESzS4asVK4YBMA6z+ncG5lA1/g=
-20,-19,x3y2RgZ9HLKWnOCj72OjsUcr8l8=,jESzS4asVK4YBMA6z+ncG5lA1/g=
-19,-18,9uKlTJR5/TR2NetyIlQPhpGbYKY=,jESzS4asVK4YBMA6z+ncG5lA1/g=
-20,-18,9uKlTJR5/TR2NetyIlQPhpGbYKY=,jESzS4asVK4YBMA6z+ncG5lA1/g=
-17,-17,9uKlTJR5/TR2NetyIlQPhpGbYKY=,jESzS4asVK4YBMA6z+ncG5lA1/g=
-18,-17,9uKlTJR5/TR2NetyIlQPhpGbYKY=,jESzS4asVK4YBMA6z+ncG5lA1/g=
-19,-17,9uKlTJR5/TR2NetyIlQPhpGbYKY=,jESzS4asVK4YBMA6z+ncG5lA1/g=
-20,-17,9uKlTJR5/TR2NetyIlQPhpGbYKY=,jESzS4asVK4YBMA6z+ncG5lA1/g=
-21,-13,hyQacA78BqD8ZTAHB2x4Ai5Pqr4=,K/L4r1S1QJBCbj/C6foHtPysj3U=
-21,-9,Gm3XyiW+cHoKSwLE5Ppay6ghUuU=,5KFhLduF9KT+5JjRSr0xAoxiiXk=
-21,-4,hyQacA78BqD8ZTAHB2x4Ai5Pqr4=,soBLQvsjQLnaNz9l0MCBIKvfwxc=
-22,-9,RIOpzJJEQ9upakuqSimLmqw+LuQ=,5KFhLduF9KT+5JjRSr0xAoxiiXk=
-22,-4,hyQacA78BqD8ZTAHB2x4Ai5Pqr4=,soBLQvsjQLnaNz9l0MCBIKvfwxc=
-22,-13,hyQacA78BqD8ZTAHB2x4Ai5Pqr4=,K/L4r1S1QJBCbj/C6foHtPysj3U=
-21,-2,hyQacA78BqD8ZTAHB2x4Ai5Pqr4=,soBLQvsjQLnaNz9l0MCBIKvfwxc=
-21,-10,Gm3XyiW+cHoKSwLE5Ppay6ghUuU=,5KFhLduF9KT+5JjRSr0xAoxiiXk=
-19,-6,hyQacA78BqD8ZTAHB2x4Ai5Pqr4=,iZb4YHCsuL9Ta87H18mCrRgKvOo=
-21,-14,hyQacA78BqD8ZTAHB2x4Ai5Pqr4=,K/L4r1S1QJBCbj/C6foHtPysj3U=
-22,-2,hyQacA78BqD8ZTAHB2x4Ai5Pqr4=,soBLQvsjQLnaNz9l0MCBIKvfwxc=
-22,-10,Gm3XyiW+cHoKSwLE5Ppay6ghUuU=,5KFhLduF9KT+5JjRSr0xAoxiiXk=
-20,-6,hyQacA78BqD8ZTAHB2x4Ai5Pqr4=,iZb4YHCsuL9Ta87H18mCrRgKvOo=
-19,-13,I9DF4zKhW9lV4EiydyToy69x8QA=,1/wLUaPR263I7GwWrPD4zIB9ah0=
-19,-9,Gm3XyiW+cHoKSwLE5Ppay6ghUuU=,VFYtlqRds8SzFIQ9vDpYY2N/WlY=
-19,-1,hyQacA78BqD8ZTAHB2x4Ai5Pqr4=,WIIzGPwfN2S1ItyFGDjALs5ji6o=
-22,-14,hyQacA78BqD8ZTAHB2x4Ai5Pqr4=,K/L4r1S1QJBCbj/C6foHtPysj3U=
-19,-5,hyQacA78BqD8ZTAHB2x4Ai5Pqr4=,iZb4YHCsuL9Ta87H18mCrRgKvOo=
-21,-11,I9DF4zKhW9lV4EiydyToy69x8QA=,5KFhLduF9KT+5JjRSr0xAoxiiXk=
-20,-9,Gm3XyiW+cHoKSwLE5Ppay6ghUuU=,VFYtlqRds8SzFIQ9vDpYY2N/WlY=
-20,-5,hyQacA78BqD8ZTAHB2x4Ai5Pqr4=,iZb4YHCsuL9Ta87H18mCrRgKvOo=
-20,-1,hyQacA78BqD8ZTAHB2x4Ai5Pqr4=,WIIzGPwfN2S1ItyFGDjALs5ji6o=
-20,-13,I9DF4zKhW9lV4EiydyToy69x8QA=,1/wLUaPR263I7GwWrPD4zIB9ah0=
-21,-3,hyQacA78BqD8ZTAHB2x4Ai5Pqr4=,soBLQvsjQLnaNz9l0MCBIKvfwxc=
-19,-8,Gm3XyiW+cHoKSwLE5Ppay6ghUuU=,iZb4YHCsuL9Ta87H18mCrRgKvOo=
-21,-1,hyQacA78BqD8ZTAHB2x4Ai5Pqr4=,soBLQvsjQLnaNz9l0MCBIKvfwxc=
-22,-11,hyQacA78BqD8ZTAHB2x4Ai5Pqr4=,5KFhLduF9KT+5JjRSr0xAoxiiXk=
-19,-11,I9DF4zKhW9lV4EiydyToy69x8QA=,VFYtlqRds8SzFIQ9vDpYY2N/WlY=
-22,-3,hyQacA78BqD8ZTAHB2x4Ai5Pqr4=,soBLQvsjQLnaNz9l0MCBIKvfwxc=
-20,-8,Gm3XyiW+cHoKSwLE5Ppay6ghUuU=,iZb4YHCsuL9Ta87H18mCrRgKvOo=
-22,-1,hyQacA78BqD8ZTAHB2x4Ai5Pqr4=,soBLQvsjQLnaNz9l0MCBIKvfwxc=
-20,-11,I9DF4zKhW9lV4EiydyToy69x8QA=,VFYtlqRds8SzFIQ9vDpYY2N/WlY=
-19,-3,hyQacA78BqD8ZTAHB2x4Ai5Pqr4=,WIIzGPwfN2S1ItyFGDjALs5ji6o=
-19,-10,Gm3XyiW+cHoKSwLE5Ppay6ghUuU=,VFYtlqRds8SzFIQ9vDpYY2N/WlY=
-19,-14,hyQacA78BqD8ZTAHB2x4Ai5Pqr4=,1/wLUaPR263I7GwWrPD4zIB9ah0=
-20,-10,Gm3XyiW+cHoKSwLE5Ppay6ghUuU=,VFYtlqRds8SzFIQ9vDpYY2N/WlY=
-19,-2,hyQacA78BqD8ZTAHB2x4Ai5Pqr4=,WIIzGPwfN2S1ItyFGDjALs5ji6o=
-20,-3,hyQacA78BqD8ZTAHB2x4Ai5Pqr4=,WIIzGPwfN2S1ItyFGDjALs5ji6o=
-19,-7,Gm3XyiW+cHoKSwLE5Ppay6ghUuU=,iZb4YHCsuL9Ta87H18mCrRgKvOo=
-19,-4,hyQacA78BqD8ZTAHB2x4Ai5Pqr4=,WIIzGPwfN2S1ItyFGDjALs5ji6o=
-20,-2,hyQacA78BqD8ZTAHB2x4Ai5Pqr4=,WIIzGPwfN2S1ItyFGDjALs5ji6o=
-20,-14,hyQacA78BqD8ZTAHB2x4Ai5Pqr4=,1/wLUaPR263I7GwWrPD4zIB9ah0=
-20,-7,Gm3XyiW+cHoKSwLE5Ppay6ghUuU=,iZb4YHCsuL9Ta87H18mCrRgKvOo=
-21,-12,hyQacA78BqD8ZTAHB2x4Ai5Pqr4=,5KFhLduF9KT+5JjRSr0xAoxiiXk=
-20,-4,hyQacA78BqD8ZTAHB2x4Ai5Pqr4=,WIIzGPwfN2S1ItyFGDjALs5ji6o=
-17,-9,hyQacA78BqD8ZTAHB2x4Ai5Pqr4=,VFYtlqRds8SzFIQ9vDpYY2N/WlY=
-22,-12,hyQacA78BqD8ZTAHB2x4Ai5Pqr4=,5KFhLduF9KT+5JjRSr0xAoxiiXk=
-17,-6,hyQacA78BqD8ZTAHB2x4Ai5Pqr4=,iZb4YHCsuL9Ta87H18mCrRgKvOo=
-18,-9,hyQacA78BqD8ZTAHB2x4Ai5Pqr4=,VFYtlqRds8SzFIQ9vDpYY2N/WlY=
-17,-13,hyQacA78BqD8ZTAHB2x4Ai5Pqr4=,1/wLUaPR263I7GwWrPD4zIB9ah0=
-19,-12,I9DF4zKhW9lV4EiydyToy69x8QA=,VFYtlqRds8SzFIQ9vDpYY2N/WlY=
-18,-13,hyQacA78BqD8ZTAHB2x4Ai5Pqr4=,1/wLUaPR263I7GwWrPD4zIB9ah0=
-18,-6,hyQacA78BqD8ZTAHB2x4Ai5Pqr4=,iZb4YHCsuL9Ta87H18mCrRgKvOo=
-20,-12,I9DF4zKhW9lV4EiydyToy69x8QA=,VFYtlqRds8SzFIQ9vDpYY2N/WlY=
-17,-8,hyQacA78BqD8ZTAHB2x4Ai5Pqr4=,iZb4YHCsuL9Ta87H18mCrRgKvOo=
-17,-11,hyQacA78BqD8ZTAHB2x4Ai5Pqr4=,VFYtlqRds8SzFIQ9vDpYY2N/WlY=
-18,-11,hyQacA78BqD8ZTAHB2x4Ai5Pqr4=,VFYtlqRds8SzFIQ9vDpYY2N/WlY=
-17,-5,hyQacA78BqD8ZTAHB2x4Ai5Pqr4=,iZb4YHCsuL9Ta87H18mCrRgKvOo=
-18,-8,hyQacA78BqD8ZTAHB2x4Ai5Pqr4=,iZb4YHCsuL9Ta87H18mCrRgKvOo=
-19,-15,hyQacA78BqD8ZTAHB2x4Ai5Pqr4=,1/wLUaPR263I7GwWrPD4zIB9ah0=
-17,-14,hyQacA78BqD8ZTAHB2x4Ai5Pqr4=,1/wLUaPR263I7GwWrPD4zIB9ah0=
-18,-5,hyQacA78BqD8ZTAHB2x4Ai5Pqr4=,iZb4YHCsuL9Ta87H18mCrRgKvOo=
-17,-7,hyQacA78BqD8ZTAHB2x4Ai5Pqr4=,iZb4YHCsuL9Ta87H18mCrRgKvOo=
-18,-14,hyQacA78BqD8ZTAHB2x4Ai5Pqr4=,1/wLUaPR263I7GwWrPD4zIB9ah0=
-20,-15,hyQacA78BqD8ZTAHB2x4Ai5Pqr4=,1/wLUaPR263I7GwWrPD4zIB9ah0=
-17,-3,hyQacA78BqD8ZTAHB2x4Ai5Pqr4=,WIIzGPwfN2S1ItyFGDjALs5ji6o=
-18,-7,hyQacA78BqD8ZTAHB2x4Ai5Pqr4=,iZb4YHCsuL9Ta87H18mCrRgKvOo=
-17,-12,hyQacA78BqD8ZTAHB2x4Ai5Pqr4=,VFYtlqRds8SzFIQ9vDpYY2N/WlY=
-21,-15,hyQacA78BqD8ZTAHB2x4Ai5Pqr4=,K/L4r1S1QJBCbj/C6foHtPysj3U=
-18,-3,hyQacA78BqD8ZTAHB2x4Ai5Pqr4=,WIIzGPwfN2S1ItyFGDjALs5ji6o=
-17,-10,hyQacA78BqD8ZTAHB2x4Ai5Pqr4=,VFYtlqRds8SzFIQ9vDpYY2N/WlY=
-18,-12,I9DF4zKhW9lV4EiydyToy69x8QA=,VFYtlqRds8SzFIQ9vDpYY2N/WlY=
-18,-10,hyQacA78BqD8ZTAHB2x4Ai5Pqr4=,VFYtlqRds8SzFIQ9vDpYY2N/WlY=
-17,-4,hyQacA78BqD8ZTAHB2x4Ai5Pqr4=,WIIzGPwfN2S1ItyFGDjALs5ji6o=
-22,-15,hyQacA78BqD8ZTAHB2x4Ai5Pqr4=,K/L4r1S1QJBCbj/C6foHtPysj3U=
-25,-1,hyQacA78BqD8ZTAHB2x4Ai5Pqr4=,yL5qVVtZSWCKUlxPA6j/Zu2QYhE=
-23,-13,Gm3XyiW+cHoKSwLE5Ppay6ghUuU=,K/L4r1S1QJBCbj/C6foHtPysj3U=
-21,-16,hyQacA78BqD8ZTAHB2x4Ai5Pqr4=,K/L4r1S1QJBCbj/C6foHtPysj3U=
-18,-4,hyQacA78BqD8ZTAHB2x4Ai5Pqr4=,WIIzGPwfN2S1ItyFGDjALs5ji6o=
-26,-1,hyQacA78BqD8ZTAHB2x4Ai5Pqr4=,yL5qVVtZSWCKUlxPA6j/Zu2QYhE=
-24,-13,Dl821VStdtNo1fO58YA3Ww7htso=,K/L4r1S1QJBCbj/C6foHtPysj3U=
-23,-9,Dl821VStdtNo1fO58YA3Ww7htso=,5KFhLduF9KT+5JjRSr0xAoxiiXk=
-22,-16,hyQacA78BqD8ZTAHB2x4Ai5Pqr4=,K/L4r1S1QJBCbj/C6foHtPysj3U=
-25,-2,I9DF4zKhW9lV4EiydyToy69x8QA=,yL5qVVtZSWCKUlxPA6j/Zu2QYhE=
-24,-9,Dl821VStdtNo1fO58YA3Ww7htso=,5KFhLduF9KT+5JjRSr0xAoxiiXk=
-26,-2,hyQacA78BqD8ZTAHB2x4Ai5Pqr4=,yL5qVVtZSWCKUlxPA6j/Zu2QYhE=
-23,-11,Gm3XyiW+cHoKSwLE5Ppay6ghUuU=,5KFhLduF9KT+5JjRSr0xAoxiiXk=
-19,-16,hyQacA78BqD8ZTAHB2x4Ai5Pqr4=,1/wLUaPR263I7GwWrPD4zIB9ah0=
-23,-10,Dl821VStdtNo1fO58YA3Ww7htso=,5KFhLduF9KT+5JjRSr0xAoxiiXk=
-23,-2,hyQacA78BqD8ZTAHB2x4Ai5Pqr4=,soBLQvsjQLnaNz9l0MCBIKvfwxc=
-24,-11,Gm3XyiW+cHoKSwLE5Ppay6ghUuU=,5KFhLduF9KT+5JjRSr0xAoxiiXk=
-24,-10,Dl821VStdtNo1fO58YA3Ww7htso=,5KFhLduF9KT+5JjRSr0xAoxiiXk=
-24,-2,I9DF4zKhW9lV4EiydyToy69x8QA=,soBLQvsjQLnaNz9l0MCBIKvfwxc=
-20,-16,hyQacA78BqD8ZTAHB2x4Ai5Pqr4=,1/wLUaPR263I7GwWrPD4zIB9ah0=
-23,-4,I9DF4zKhW9lV4EiydyToy69x8QA=,soBLQvsjQLnaNz9l0MCBIKvfwxc=
-23,-14,Gm3XyiW+cHoKSwLE5Ppay6ghUuU=,K/L4r1S1QJBCbj/C6foHtPysj3U=
-23,-1,hyQacA78BqD8ZTAHB2x4Ai5Pqr4=,soBLQvsjQLnaNz9l0MCBIKvfwxc=
-27,-1,hyQacA78BqD8ZTAHB2x4Ai5Pqr4=,yL5qVVtZSWCKUlxPA6j/Zu2QYhE=
-24,-4,I9DF4zKhW9lV4EiydyToy69x8QA=,soBLQvsjQLnaNz9l0MCBIKvfwxc=
-24,-14,Gm3XyiW+cHoKSwLE5Ppay6ghUuU=,K/L4r1S1QJBCbj/C6foHtPysj3U=
-28,-1,hyQacA78BqD8ZTAHB2x4Ai5Pqr4=,yL5qVVtZSWCKUlxPA6j/Zu2QYhE=
-25,-3,I9DF4zKhW9lV4EiydyToy69x8QA=,yL5qVVtZSWCKUlxPA6j/Zu2QYhE=
-24,-1,hyQacA78BqD8ZTAHB2x4Ai5Pqr4=,soBLQvsjQLnaNz9l0MCBIKvfwxc=
-23,-12,Gm3XyiW+cHoKSwLE5Ppay6ghUuU=,5KFhLduF9KT+5JjRSr0xAoxiiXk=
-26,-3,oaXKxKIcLZvaX7qrzDMPx24Zspg=,yL5qVVtZSWCKUlxPA6j/Zu2QYhE=
-27,-2,hyQacA78BqD8ZTAHB2x4Ai5Pqr4=,yL5qVVtZSWCKUlxPA6j/Zu2QYhE=
-17,-15,hyQacA78BqD8ZTAHB2x4Ai5Pqr4=,1/wLUaPR263I7GwWrPD4zIB9ah0=
-24,-12,Dl821VStdtNo1fO58YA3Ww7htso=,5KFhLduF9KT+5JjRSr0xAoxiiXk=
-28,-2,oaXKxKIcLZvaX7qrzDMPx24Zspg=,yL5qVVtZSWCKUlxPA6j/Zu2QYhE=
-25,-4,I9DF4zKhW9lV4EiydyToy69x8QA=,yL5qVVtZSWCKUlxPA6j/Zu2QYhE=
-18,-15,hyQacA78BqD8ZTAHB2x4Ai5Pqr4=,1/wLUaPR263I7GwWrPD4zIB9ah0=
-26,-4,oaXKxKIcLZvaX7qrzDMPx24Zspg=,yL5qVVtZSWCKUlxPA6j/Zu2QYhE=
-27,-3,oaXKxKIcLZvaX7qrzDMPx24Zspg=,yL5qVVtZSWCKUlxPA6j/Zu2QYhE=
-17,-16,hyQacA78BqD8ZTAHB2x4Ai5Pqr4=,1/wLUaPR263I7GwWrPD4zIB9ah0=
-23,-3,I9DF4zKhW9lV4EiydyToy69x8QA=,soBLQvsjQLnaNz9l0MCBIKvfwxc=
-17,-1,hyQacA78BqD8ZTAHB2x4Ai5Pqr4=,WIIzGPwfN2S1ItyFGDjALs5ji6o=
-28,-3,oaXKxKIcLZvaX7qrzDMPx24Zspg=,yL5qVVtZSWCKUlxPA6j/Zu2QYhE=
-27,-4,oaXKxKIcLZvaX7qrzDMPx24Zspg=,yL5qVVtZSWCKUlxPA6j/Zu2QYhE=
-24,-3,I9DF4zKhW9lV4EiydyToy69x8QA=,soBLQvsjQLnaNz9l0MCBIKvfwxc=
-18,-16,hyQacA78BqD8ZTAHB2x4Ai5Pqr4=,1/wLUaPR263I7GwWrPD4zIB9ah0=
-18,-1,hyQacA78BqD8ZTAHB2x4Ai5Pqr4=,WIIzGPwfN2S1ItyFGDjALs5ji6o=
-28,-4,oaXKxKIcLZvaX7qrzDMPx24Zspg=,yL5qVVtZSWCKUlxPA6j/Zu2QYhE=
-23,-15,hyQacA78BqD8ZTAHB2x4Ai5Pqr4=,K/L4r1S1QJBCbj/C6foHtPysj3U=
-24,-15,hyQacA78BqD8ZTAHB2x4Ai5Pqr4=,K/L4r1S1QJBCbj/C6foHtPysj3U=
-23,-16,hyQacA78BqD8ZTAHB2x4Ai5Pqr4=,K/L4r1S1QJBCbj/C6foHtPysj3U=
-24,-16,hyQacA78BqD8ZTAHB2x4Ai5Pqr4=,K/L4r1S1QJBCbj/C6foHtPysj3U=
-17,-2,hyQacA78BqD8ZTAHB2x4Ai5Pqr4=,WIIzGPwfN2S1ItyFGDjALs5ji6o=
-18,-2,hyQacA78BqD8ZTAHB2x4Ai5Pqr4=,WIIzGPwfN2S1ItyFGDjALs5ji6o=
-8,-26,cO+69f0ur+NaQPpJEUVZH/a0yjY=,0wXF6eeM0Mc+aJhiSEYolOEW9w8=
-10,-24,X2AVzlJfMPW1KrdlUSPbpZw77QU=,tgl6wUqlDaqDx8CC1pH1rd5cyKw=
-7,-26,X2AVzlJfMPW1KrdlUSPbpZw77QU=,0wXF6eeM0Mc+aJhiSEYolOEW9w8=
-9,-24,cO+69f0ur+NaQPpJEUVZH/a0yjY=,tgl6wUqlDaqDx8CC1pH1rd5cyKw=
-9,-23,X2AVzlJfMPW1KrdlUSPbpZw77QU=,tgl6wUqlDaqDx8CC1pH1rd5cyKw=
-10,-23,X2AVzlJfMPW1KrdlUSPbpZw77QU=,tgl6wUqlDaqDx8CC1pH1rd5cyKw=
-8,-24,cO+69f0ur+NaQPpJEUVZH/a0yjY=,RPqDKcGRKfmMOYZ4e5+UEvIaRQg=
-7,-24,cO+69f0ur+NaQPpJEUVZH/a0yjY=,RPqDKcGRKfmMOYZ4e5+UEvIaRQg=
-8,-25,+M88WJ/Bfb/CD0SHxYFC38BdOCs=,0wXF6eeM0Mc+aJhiSEYolOEW9w8=
-7,-25,cO+69f0ur+NaQPpJEUVZH/a0yjY=,0wXF6eeM0Mc+aJhiSEYolOEW9w8=
-7,-23,cO+69f0ur+NaQPpJEUVZH/a0yjY=,RPqDKcGRKfmMOYZ4e5+UEvIaRQg=
-8,-23,cO+69f0ur+NaQPpJEUVZH/a0yjY=,RPqDKcGRKfmMOYZ4e5+UEvIaRQg=
-5,-21,y/n9XhortfbuTpjDmdVpOLNJxpI=,RPqDKcGRKfmMOYZ4e5+UEvIaRQg=
-6,-21,X2AVzlJfMPW1KrdlUSPbpZw77QU=,RPqDKcGRKfmMOYZ4e5+UEvIaRQg=
-5,-22,Km79kP0XA+x6C/aPYIejFe25EzQ=,RPqDKcGRKfmMOYZ4e5+UEvIaRQg=
-6,-22,Km79kP0XA+x6C/aPYIejFe25EzQ=,RPqDKcGRKfmMOYZ4e5+UEvIaRQg=
-7,-21,rW2sOG6V3Irbe6+myeOpJRybszw=,RPqDKcGRKfmMOYZ4e5+UEvIaRQg=
-8,-21,rW2sOG6V3Irbe6+myeOpJRybszw=,RPqDKcGRKfmMOYZ4e5+UEvIaRQg=
-7,-22,rW2sOG6V3Irbe6+myeOpJRybszw=,RPqDKcGRKfmMOYZ4e5+UEvIaRQg=
-10,-21,rW2sOG6V3Irbe6+myeOpJRybszw=,tgl6wUqlDaqDx8CC1pH1rd5cyKw=
-8,-22,rW2sOG6V3Irbe6+myeOpJRybszw=,RPqDKcGRKfmMOYZ4e5+UEvIaRQg=
-10,-22,fa9f3q4C+WreQwjL7dkY6mAbf9Q=,tgl6wUqlDaqDx8CC1pH1rd5cyKw=
-9,-22,rW2sOG6V3Irbe6+myeOpJRybszw=,tgl6wUqlDaqDx8CC1pH1rd5cyKw=
-9,-21,rW2sOG6V3Irbe6+myeOpJRybszw=,tgl6wUqlDaqDx8CC1pH1rd5cyKw=
-3,-25,jfTaksb8xDf9GrFNfJoMicsgv9c=,/t2CJC2KjqL7i4VL/CBz3md53N8=
-6,-25,vpc3TOwNpdXVV2Ou5aGHl8Ul1RQ=,0wXF6eeM0Mc+aJhiSEYolOEW9w8=
-4,-25,jfTaksb8xDf9GrFNfJoMicsgv9c=,/t2CJC2KjqL7i4VL/CBz3md53N8=
-6,-24,vpc3TOwNpdXVV2Ou5aGHl8Ul1RQ=,RPqDKcGRKfmMOYZ4e5+UEvIaRQg=
-6,-26,rW2sOG6V3Irbe6+myeOpJRybszw=,0wXF6eeM0Mc+aJhiSEYolOEW9w8=
-5,-23,rW2sOG6V3Irbe6+myeOpJRybszw=,RPqDKcGRKfmMOYZ4e5+UEvIaRQg=
-4,-26,jfTaksb8xDf9GrFNfJoMicsgv9c=,/t2CJC2KjqL7i4VL/CBz3md53N8=
-3,-26,jfTaksb8xDf9GrFNfJoMicsgv9c=,/t2CJC2KjqL7i4VL/CBz3md53N8=
-5,-24,vpc3TOwNpdXVV2Ou5aGHl8Ul1RQ=,RPqDKcGRKfmMOYZ4e5+UEvIaRQg=
-5,-25,jfTaksb8xDf9GrFNfJoMicsgv9c=,0wXF6eeM0Mc+aJhiSEYolOEW9w8=
-5,-26,vpc3TOwNpdXVV2Ou5aGHl8Ul1RQ=,0wXF6eeM0Mc+aJhiSEYolOEW9w8=
-6,-23,BkZOwToBy0VI+bWRFeL8F5JlWuA=,RPqDKcGRKfmMOYZ4e5+UEvIaRQg=
-2,-26,+M88WJ/Bfb/CD0SHxYFC38BdOCs=,/t2CJC2KjqL7i4VL/CBz3md53N8=
-1,-26,+M88WJ/Bfb/CD0SHxYFC38BdOCs=,/t2CJC2KjqL7i4VL/CBz3md53N8=
-2,-25,+M88WJ/Bfb/CD0SHxYFC38BdOCs=,/t2CJC2KjqL7i4VL/CBz3md53N8=
-1,-25,+M88WJ/Bfb/CD0SHxYFC38BdOCs=,/t2CJC2KjqL7i4VL/CBz3md53N8=
-12,-22,aNvZXc+DWkuTB+tkAW/J71hDhHI=,tgl6wUqlDaqDx8CC1pH1rd5cyKw=
-11,-22,TCiniQH+opFRlRAnN+zMfrm8A08=,tgl6wUqlDaqDx8CC1pH1rd5cyKw=
-12,-21,TCiniQH+opFRlRAnN+zMfrm8A08=,tgl6wUqlDaqDx8CC1pH1rd5cyKw=
-11,-21,TCiniQH+opFRlRAnN+zMfrm8A08=,tgl6wUqlDaqDx8CC1pH1rd5cyKw=
-2,-28,+M88WJ/Bfb/CD0SHxYFC38BdOCs=,/t2CJC2KjqL7i4VL/CBz3md53N8=
-6,-28,vpc3TOwNpdXVV2Ou5aGHl8Ul1RQ=,0wXF6eeM0Mc+aJhiSEYolOEW9w8=
-1,-28,+M88WJ/Bfb/CD0SHxYFC38BdOCs=,/t2CJC2KjqL7i4VL/CBz3md53N8=
-7,-28,X2AVzlJfMPW1KrdlUSPbpZw77QU=,0wXF6eeM0Mc+aJhiSEYolOEW9w8=
-8,-28,X2AVzlJfMPW1KrdlUSPbpZw77QU=,0wXF6eeM0Mc+aJhiSEYolOEW9w8=
-8,-27,cO+69f0ur+NaQPpJEUVZH/a0yjY=,0wXF6eeM0Mc+aJhiSEYolOEW9w8=
-7,-27,X2AVzlJfMPW1KrdlUSPbpZw77QU=,0wXF6eeM0Mc+aJhiSEYolOEW9w8=
-1,-27,+M88WJ/Bfb/CD0SHxYFC38BdOCs=,/t2CJC2KjqL7i4VL/CBz3md53N8=
-6,-27,rW2sOG6V3Irbe6+myeOpJRybszw=,0wXF6eeM0Mc+aJhiSEYolOEW9w8=
-4,-28,vpc3TOwNpdXVV2Ou5aGHl8Ul1RQ=,/t2CJC2KjqL7i4VL/CBz3md53N8=
-5,-28,jfTaksb8xDf9GrFNfJoMicsgv9c=,0wXF6eeM0Mc+aJhiSEYolOEW9w8=
-3,-28,vpc3TOwNpdXVV2Ou5aGHl8Ul1RQ=,/t2CJC2KjqL7i4VL/CBz3md53N8=
-2,-27,+M88WJ/Bfb/CD0SHxYFC38BdOCs=,/t2CJC2KjqL7i4VL/CBz3md53N8=
-5,-27,vpc3TOwNpdXVV2Ou5aGHl8Ul1RQ=,0wXF6eeM0Mc+aJhiSEYolOEW9w8=
-4,-27,BkZOwToBy0VI+bWRFeL8F5JlWuA=,/t2CJC2KjqL7i4VL/CBz3md53N8=
-3,-27,BkZOwToBy0VI+bWRFeL8F5JlWuA=,/t2CJC2KjqL7i4VL/CBz3md53N8=
-12,-24,+M88WJ/Bfb/CD0SHxYFC38BdOCs=,tgl6wUqlDaqDx8CC1pH1rd5cyKw=
-11,-23,cO+69f0ur+NaQPpJEUVZH/a0yjY=,tgl6wUqlDaqDx8CC1pH1rd5cyKw=
-11,-24,+M88WJ/Bfb/CD0SHxYFC38BdOCs=,tgl6wUqlDaqDx8CC1pH1rd5cyKw=
-12,-23,aNvZXc+DWkuTB+tkAW/J71hDhHI=,tgl6wUqlDaqDx8CC1pH1rd5cyKw=
-13,-22,TCiniQH+opFRlRAnN+zMfrm8A08=,0y4PtlIsuZMRSmKlXujTiLJKWrs=
-14,-22,TCiniQH+opFRlRAnN+zMfrm8A08=,0y4PtlIsuZMRSmKlXujTiLJKWrs=
-13,-21,TCiniQH+opFRlRAnN+zMfrm8A08=,0y4PtlIsuZMRSmKlXujTiLJKWrs=
-14,-21,TCiniQH+opFRlRAnN+zMfrm8A08=,0y4PtlIsuZMRSmKlXujTiLJKWrs=
-16,-22,+M88WJ/Bfb/CD0SHxYFC38BdOCs=,0y4PtlIsuZMRSmKlXujTiLJKWrs=
-15,-22,+M88WJ/Bfb/CD0SHxYFC38BdOCs=,0y4PtlIsuZMRSmKlXujTiLJKWrs=
-16,-21,+M88WJ/Bfb/CD0SHxYFC38BdOCs=,0y4PtlIsuZMRSmKlXujTiLJKWrs=
-15,-21,+M88WJ/Bfb/CD0SHxYFC38BdOCs=,0y4PtlIsuZMRSmKlXujTiLJKWrs=
-1,-31,+M88WJ/Bfb/CD0SHxYFC38BdOCs=,hmwZbRFXy/eD3Kt3aXmQgYkfYcQ=
-2,-31,+M88WJ/Bfb/CD0SHxYFC38BdOCs=,hmwZbRFXy/eD3Kt3aXmQgYkfYcQ=
-4,-31,+M88WJ/Bfb/CD0SHxYFC38BdOCs=,hmwZbRFXy/eD3Kt3aXmQgYkfYcQ=
-1,-29,+M88WJ/Bfb/CD0SHxYFC38BdOCs=,hmwZbRFXy/eD3Kt3aXmQgYkfYcQ=
-3,-31,+M88WJ/Bfb/CD0SHxYFC38BdOCs=,hmwZbRFXy/eD3Kt3aXmQgYkfYcQ=
-3,-29,vpc3TOwNpdXVV2Ou5aGHl8Ul1RQ=,hmwZbRFXy/eD3Kt3aXmQgYkfYcQ=
-2,-29,+M88WJ/Bfb/CD0SHxYFC38BdOCs=,hmwZbRFXy/eD3Kt3aXmQgYkfYcQ=
-1,-32,+M88WJ/Bfb/CD0SHxYFC38BdOCs=,hmwZbRFXy/eD3Kt3aXmQgYkfYcQ=
-4,-29,rW2sOG6V3Irbe6+myeOpJRybszw=,hmwZbRFXy/eD3Kt3aXmQgYkfYcQ=
-2,-32,+M88WJ/Bfb/CD0SHxYFC38BdOCs=,hmwZbRFXy/eD3Kt3aXmQgYkfYcQ=
-1,-30,+M88WJ/Bfb/CD0SHxYFC38BdOCs=,hmwZbRFXy/eD3Kt3aXmQgYkfYcQ=
-3,-32,+M88WJ/Bfb/CD0SHxYFC38BdOCs=,hmwZbRFXy/eD3Kt3aXmQgYkfYcQ=
-2,-30,+M88WJ/Bfb/CD0SHxYFC38BdOCs=,hmwZbRFXy/eD3Kt3aXmQgYkfYcQ=
-4,-32,+M88WJ/Bfb/CD0SHxYFC38BdOCs=,hmwZbRFXy/eD3Kt3aXmQgYkfYcQ=
-3,-30,rW2sOG6V3Irbe6+myeOpJRybszw=,hmwZbRFXy/eD3Kt3aXmQgYkfYcQ=
-4,-30,rW2sOG6V3Irbe6+myeOpJRybszw=,hmwZbRFXy/eD3Kt3aXmQgYkfYcQ=
-14,-23,cO+69f0ur+NaQPpJEUVZH/a0yjY=,0y4PtlIsuZMRSmKlXujTiLJKWrs=
-14,-24,+M88WJ/Bfb/CD0SHxYFC38BdOCs=,0y4PtlIsuZMRSmKlXujTiLJKWrs=
-13,-24,+M88WJ/Bfb/CD0SHxYFC38BdOCs=,0y4PtlIsuZMRSmKlXujTiLJKWrs=
-13,-23,cO+69f0ur+NaQPpJEUVZH/a0yjY=,0y4PtlIsuZMRSmKlXujTiLJKWrs=
-15,-24,+M88WJ/Bfb/CD0SHxYFC38BdOCs=,0y4PtlIsuZMRSmKlXujTiLJKWrs=
-16,-23,+M88WJ/Bfb/CD0SHxYFC38BdOCs=,0y4PtlIsuZMRSmKlXujTiLJKWrs=
-15,-23,+M88WJ/Bfb/CD0SHxYFC38BdOCs=,0y4PtlIsuZMRSmKlXujTiLJKWrs=
-16,-24,+M88WJ/Bfb/CD0SHxYFC38BdOCs=,0y4PtlIsuZMRSmKlXujTiLJKWrs=
-22,-7,RIOpzJJEQ9upakuqSimLmqw+LuQ=,Weozc0veqePe8lmIfgfxE5mcV2E=
-21,-8,Gm3XyiW+cHoKSwLE5Ppay6ghUuU=,Weozc0veqePe8lmIfgfxE5mcV2E=
-22,-8,Dl821VStdtNo1fO58YA3Ww7htso=,Weozc0veqePe8lmIfgfxE5mcV2E=
-21,-7,Gm3XyiW+cHoKSwLE5Ppay6ghUuU=,Weozc0veqePe8lmIfgfxE5mcV2E=
-21,-6,hyQacA78BqD8ZTAHB2x4Ai5Pqr4=,Weozc0veqePe8lmIfgfxE5mcV2E=
-22,-6,RIOpzJJEQ9upakuqSimLmqw+LuQ=,Weozc0veqePe8lmIfgfxE5mcV2E=
-21,-5,hyQacA78BqD8ZTAHB2x4Ai5Pqr4=,Weozc0veqePe8lmIfgfxE5mcV2E=
-22,-5,hyQacA78BqD8ZTAHB2x4Ai5Pqr4=,Weozc0veqePe8lmIfgfxE5mcV2E=
-23,-8,Dl821VStdtNo1fO58YA3Ww7htso=,Weozc0veqePe8lmIfgfxE5mcV2E=
-24,-8,Dl821VStdtNo1fO58YA3Ww7htso=,Weozc0veqePe8lmIfgfxE5mcV2E=
-24,-7,RIOpzJJEQ9upakuqSimLmqw+LuQ=,Weozc0veqePe8lmIfgfxE5mcV2E=
-23,-7,RIOpzJJEQ9upakuqSimLmqw+LuQ=,Weozc0veqePe8lmIfgfxE5mcV2E=
-24,-5,I9DF4zKhW9lV4EiydyToy69x8QA=,Weozc0veqePe8lmIfgfxE5mcV2E=
-23,-6,I9DF4zKhW9lV4EiydyToy69x8QA=,Weozc0veqePe8lmIfgfxE5mcV2E=
-24,-6,I9DF4zKhW9lV4EiydyToy69x8QA=,Weozc0veqePe8lmIfgfxE5mcV2E=
-23,-5,I9DF4zKhW9lV4EiydyToy69x8QA=,Weozc0veqePe8lmIfgfxE5mcV2E=
-10,-25,X2AVzlJfMPW1KrdlUSPbpZw77QU=,2wbK50KUmf10mGgVHti4LQ1sKBc=
-10,-26,X2AVzlJfMPW1KrdlUSPbpZw77QU=,2wbK50KUmf10mGgVHti4LQ1sKBc=
-9,-26,cO+69f0ur+NaQPpJEUVZH/a0yjY=,2wbK50KUmf10mGgVHti4LQ1sKBc=
-9,-25,cO+69f0ur+NaQPpJEUVZH/a0yjY=,2wbK50KUmf10mGgVHti4LQ1sKBc=
-11,-25,cO+69f0ur+NaQPpJEUVZH/a0yjY=,2wbK50KUmf10mGgVHti4LQ1sKBc=
-12,-26,cO+69f0ur+NaQPpJEUVZH/a0yjY=,2wbK50KUmf10mGgVHti4LQ1sKBc=
-11,-26,cO+69f0ur+NaQPpJEUVZH/a0yjY=,2wbK50KUmf10mGgVHti4LQ1sKBc=
-12,-25,cO+69f0ur+NaQPpJEUVZH/a0yjY=,2wbK50KUmf10mGgVHti4LQ1sKBc=
-9,-27,cO+69f0ur+NaQPpJEUVZH/a0yjY=,2wbK50KUmf10mGgVHti4LQ1sKBc=
-10,-27,cO+69f0ur+NaQPpJEUVZH/a0yjY=,2wbK50KUmf10mGgVHti4LQ1sKBc=
-9,-28,cO+69f0ur+NaQPpJEUVZH/a0yjY=,2wbK50KUmf10mGgVHti4LQ1sKBc=
-12,-28,+M88WJ/Bfb/CD0SHxYFC38BdOCs=,2wbK50KUmf10mGgVHti4LQ1sKBc=
-12,-27,cO+69f0ur+NaQPpJEUVZH/a0yjY=,2wbK50KUmf10mGgVHti4LQ1sKBc=
-11,-27,cO+69f0ur+NaQPpJEUVZH/a0yjY=,2wbK50KUmf10mGgVHti4LQ1sKBc=
-11,-28,+M88WJ/Bfb/CD0SHxYFC38BdOCs=,2wbK50KUmf10mGgVHti4LQ1sKBc=
-10,-28,cO+69f0ur+NaQPpJEUVZH/a0yjY=,2wbK50KUmf10mGgVHti4LQ1sKBc=
-5,-29,jfTaksb8xDf9GrFNfJoMicsgv9c=,mzRoGKfftPrnvPl0KapqOtyElvs=
-6,-29,jfTaksb8xDf9GrFNfJoMicsgv9c=,mzRoGKfftPrnvPl0KapqOtyElvs=
-5,-30,vpc3TOwNpdXVV2Ou5aGHl8Ul1RQ=,mzRoGKfftPrnvPl0KapqOtyElvs=
-6,-30,vpc3TOwNpdXVV2Ou5aGHl8Ul1RQ=,mzRoGKfftPrnvPl0KapqOtyElvs=
-13,-25,cO+69f0ur+NaQPpJEUVZH/a0yjY=,wjvzrHusIqf0qPOOWn6dOUCTXPk=
-14,-25,cO+69f0ur+NaQPpJEUVZH/a0yjY=,wjvzrHusIqf0qPOOWn6dOUCTXPk=
-13,-26,cO+69f0ur+NaQPpJEUVZH/a0yjY=,wjvzrHusIqf0qPOOWn6dOUCTXPk=
-14,-26,cO+69f0ur+NaQPpJEUVZH/a0yjY=,wjvzrHusIqf0qPOOWn6dOUCTXPk=
-7,-29,X2AVzlJfMPW1KrdlUSPbpZw77QU=,mzRoGKfftPrnvPl0KapqOtyElvs=
-10,-29,cO+69f0ur+NaQPpJEUVZH/a0yjY=,JcA2Ld/UMpX/j4G9f8IGrep37kM=
-8,-29,X2AVzlJfMPW1KrdlUSPbpZw77QU=,mzRoGKfftPrnvPl0KapqOtyElvs=
-10,-30,X2AVzlJfMPW1KrdlUSPbpZw77QU=,JcA2Ld/UMpX/j4G9f8IGrep37kM=
-7,-30,cO+69f0ur+NaQPpJEUVZH/a0yjY=,mzRoGKfftPrnvPl0KapqOtyElvs=
-9,-29,cO+69f0ur+NaQPpJEUVZH/a0yjY=,JcA2Ld/UMpX/j4G9f8IGrep37kM=
-9,-30,cO+69f0ur+NaQPpJEUVZH/a0yjY=,JcA2Ld/UMpX/j4G9f8IGrep37kM=
-8,-30,cO+69f0ur+NaQPpJEUVZH/a0yjY=,mzRoGKfftPrnvPl0KapqOtyElvs=
-13,-30,cO+69f0ur+NaQPpJEUVZH/a0yjY=,Yc3M68KJkgHUY90WHpHuaHbgB1s=
-13,-27,cO+69f0ur+NaQPpJEUVZH/a0yjY=,wjvzrHusIqf0qPOOWn6dOUCTXPk=
-14,-29,cO+69f0ur+NaQPpJEUVZH/a0yjY=,Yc3M68KJkgHUY90WHpHuaHbgB1s=
-14,-30,cO+69f0ur+NaQPpJEUVZH/a0yjY=,Yc3M68KJkgHUY90WHpHuaHbgB1s=
-14,-27,cO+69f0ur+NaQPpJEUVZH/a0yjY=,wjvzrHusIqf0qPOOWn6dOUCTXPk=
-11,-29,+M88WJ/Bfb/CD0SHxYFC38BdOCs=,JcA2Ld/UMpX/j4G9f8IGrep37kM=
-13,-28,cO+69f0ur+NaQPpJEUVZH/a0yjY=,wjvzrHusIqf0qPOOWn6dOUCTXPk=
-13,-29,cO+69f0ur+NaQPpJEUVZH/a0yjY=,Yc3M68KJkgHUY90WHpHuaHbgB1s=
-11,-30,cO+69f0ur+NaQPpJEUVZH/a0yjY=,JcA2Ld/UMpX/j4G9f8IGrep37kM=
-12,-29,+M88WJ/Bfb/CD0SHxYFC38BdOCs=,JcA2Ld/UMpX/j4G9f8IGrep37kM=
-12,-30,+M88WJ/Bfb/CD0SHxYFC38BdOCs=,JcA2Ld/UMpX/j4G9f8IGrep37kM=
-14,-28,+M88WJ/Bfb/CD0SHxYFC38BdOCs=,wjvzrHusIqf0qPOOWn6dOUCTXPk=
-15,-29,+M88WJ/Bfb/CD0SHxYFC38BdOCs=,Yc3M68KJkgHUY90WHpHuaHbgB1s=
-16,-29,+M88WJ/Bfb/CD0SHxYFC38BdOCs=,Yc3M68KJkgHUY90WHpHuaHbgB1s=
-15,-25,+M88WJ/Bfb/CD0SHxYFC38BdOCs=,wjvzrHusIqf0qPOOWn6dOUCTXPk=
-15,-26,+M88WJ/Bfb/CD0SHxYFC38BdOCs=,wjvzrHusIqf0qPOOWn6dOUCTXPk=
-16,-26,+M88WJ/Bfb/CD0SHxYFC38BdOCs=,wjvzrHusIqf0qPOOWn6dOUCTXPk=
-15,-30,+M88WJ/Bfb/CD0SHxYFC38BdOCs=,Yc3M68KJkgHUY90WHpHuaHbgB1s=
-16,-25,+M88WJ/Bfb/CD0SHxYFC38BdOCs=,wjvzrHusIqf0qPOOWn6dOUCTXPk=
-16,-30,+M88WJ/Bfb/CD0SHxYFC38BdOCs=,Yc3M68KJkgHUY90WHpHuaHbgB1s=
-16,-28,+M88WJ/Bfb/CD0SHxYFC38BdOCs=,wjvzrHusIqf0qPOOWn6dOUCTXPk=
-15,-28,+M88WJ/Bfb/CD0SHxYFC38BdOCs=,wjvzrHusIqf0qPOOWn6dOUCTXPk=
-16,-27,+M88WJ/Bfb/CD0SHxYFC38BdOCs=,wjvzrHusIqf0qPOOWn6dOUCTXPk=
-15,-27,+M88WJ/Bfb/CD0SHxYFC38BdOCs=,wjvzrHusIqf0qPOOWn6dOUCTXPk=
-6,-32,cO+69f0ur+NaQPpJEUVZH/a0yjY=,mzRoGKfftPrnvPl0KapqOtyElvs=
-5,-32,+M88WJ/Bfb/CD0SHxYFC38BdOCs=,mzRoGKfftPrnvPl0KapqOtyElvs=
-6,-31,rW2sOG6V3Irbe6+myeOpJRybszw=,mzRoGKfftPrnvPl0KapqOtyElvs=
-5,-31,+M88WJ/Bfb/CD0SHxYFC38BdOCs=,mzRoGKfftPrnvPl0KapqOtyElvs=
-10,-32,+M88WJ/Bfb/CD0SHxYFC38BdOCs=,JcA2Ld/UMpX/j4G9f8IGrep37kM=
-8,-31,+M88WJ/Bfb/CD0SHxYFC38BdOCs=,mzRoGKfftPrnvPl0KapqOtyElvs=
-7,-31,+M88WJ/Bfb/CD0SHxYFC38BdOCs=,mzRoGKfftPrnvPl0KapqOtyElvs=
-9,-32,+M88WJ/Bfb/CD0SHxYFC38BdOCs=,JcA2Ld/UMpX/j4G9f8IGrep37kM=
-7,-32,cO+69f0ur+NaQPpJEUVZH/a0yjY=,mzRoGKfftPrnvPl0KapqOtyElvs=
-10,-31,+M88WJ/Bfb/CD0SHxYFC38BdOCs=,JcA2Ld/UMpX/j4G9f8IGrep37kM=
-8,-32,+M88WJ/Bfb/CD0SHxYFC38BdOCs=,mzRoGKfftPrnvPl0KapqOtyElvs=
-9,-31,+M88WJ/Bfb/CD0SHxYFC38BdOCs=,JcA2Ld/UMpX/j4G9f8IGrep37kM=
-12,-32,+M88WJ/Bfb/CD0SHxYFC38BdOCs=,JcA2Ld/UMpX/j4G9f8IGrep37kM=
-11,-32,+M88WJ/Bfb/CD0SHxYFC38BdOCs=,JcA2Ld/UMpX/j4G9f8IGrep37kM=
-12,-31,+M88WJ/Bfb/CD0SHxYFC38BdOCs=,JcA2Ld/UMpX/j4G9f8IGrep37kM=
-13,-31,+M88WJ/Bfb/CD0SHxYFC38BdOCs=,Yc3M68KJkgHUY90WHpHuaHbgB1s=
-11,-31,+M88WJ/Bfb/CD0SHxYFC38BdOCs=,JcA2Ld/UMpX/j4G9f8IGrep37kM=
-14,-32,+M88WJ/Bfb/CD0SHxYFC38BdOCs=,Yc3M68KJkgHUY90WHpHuaHbgB1s=
-14,-31,+M88WJ/Bfb/CD0SHxYFC38BdOCs=,Yc3M68KJkgHUY90WHpHuaHbgB1s=
-15,-31,+M88WJ/Bfb/CD0SHxYFC38BdOCs=,Yc3M68KJkgHUY90WHpHuaHbgB1s=
-13,-32,+M88WJ/Bfb/CD0SHxYFC38BdOCs=,Yc3M68KJkgHUY90WHpHuaHbgB1s=
-16,-32,+M88WJ/Bfb/CD0SHxYFC38BdOCs=,Yc3M68KJkgHUY90WHpHuaHbgB1s=
-15,-32,+M88WJ/Bfb/CD0SHxYFC38BdOCs=,Yc3M68KJkgHUY90WHpHuaHbgB1s=
-16,-31,+M88WJ/Bfb/CD0SHxYFC38BdOCs=,Yc3M68KJkgHUY90WHpHuaHbgB1s=
-21,-20,x3y2RgZ9HLKWnOCj72OjsUcr8l8=,Eg1Y3Z55pNZ7XwOgSlZU6bFzclQ=
-19,-21,x3y2RgZ9HLKWnOCj72OjsUcr8l8=,Om4bdfaootvvUELu+JYn9NUvt9E=
-20,-22,x3y2RgZ9HLKWnOCj72OjsUcr8l8=,Om4bdfaootvvUELu+JYn9NUvt9E=
-22,-20,x3y2RgZ9HLKWnOCj72OjsUcr8l8=,Eg1Y3Z55pNZ7XwOgSlZU6bFzclQ=
-19,-22,x3y2RgZ9HLKWnOCj72OjsUcr8l8=,Om4bdfaootvvUELu+JYn9NUvt9E=
-21,-19,x3y2RgZ9HLKWnOCj72OjsUcr8l8=,Eg1Y3Z55pNZ7XwOgSlZU6bFzclQ=
-22,-19,x3y2RgZ9HLKWnOCj72OjsUcr8l8=,Eg1Y3Z55pNZ7XwOgSlZU6bFzclQ=
-20,-21,x3y2RgZ9HLKWnOCj72OjsUcr8l8=,Om4bdfaootvvUELu+JYn9NUvt9E=
-20,-24,TyxSSfMHYy5FanbYXcvTbhgyTbs=,Om4bdfaootvvUELu+JYn9NUvt9E=
-20,-23,x3y2RgZ9HLKWnOCj72OjsUcr8l8=,Om4bdfaootvvUELu+JYn9NUvt9E=
-19,-24,9uKlTJR5/TR2NetyIlQPhpGbYKY=,Om4bdfaootvvUELu+JYn9NUvt9E=
-19,-23,x3y2RgZ9HLKWnOCj72OjsUcr8l8=,Om4bdfaootvvUELu+JYn9NUvt9E=
-20,-25,9uKlTJR5/TR2NetyIlQPhpGbYKY=,5WGvunLK1/4uZBdyAS1X/D5rJKo=
-19,-25,9uKlTJR5/TR2NetyIlQPhpGbYKY=,5WGvunLK1/4uZBdyAS1X/D5rJKo=
-20,-26,9uKlTJR5/TR2NetyIlQPhpGbYKY=,5WGvunLK1/4uZBdyAS1X/D5rJKo=
-19,-26,9uKlTJR5/TR2NetyIlQPhpGbYKY=,5WGvunLK1/4uZBdyAS1X/D5rJKo=
-22,-26,9uKlTJR5/TR2NetyIlQPhpGbYKY=,BvZAae9+fjbmUxROo+QVNRyoGN0=
-21,-26,9uKlTJR5/TR2NetyIlQPhpGbYKY=,BvZAae9+fjbmUxROo+QVNRyoGN0=
-22,-25,9uKlTJR5/TR2NetyIlQPhpGbYKY=,BvZAae9+fjbmUxROo+QVNRyoGN0=
-21,-25,TyxSSfMHYy5FanbYXcvTbhgyTbs=,BvZAae9+fjbmUxROo+QVNRyoGN0=
-22,-29,CpfLu9MwrcrWhxR12ejgrcsMgZ0=,mz8qZac2TzHACIkI6IBZDSKCmXI=
-21,-27,TyxSSfMHYy5FanbYXcvTbhgyTbs=,BvZAae9+fjbmUxROo+QVNRyoGN0=
-24,-28,TyxSSfMHYy5FanbYXcvTbhgyTbs=,BvZAae9+fjbmUxROo+QVNRyoGN0=
-23,-28,TyxSSfMHYy5FanbYXcvTbhgyTbs=,BvZAae9+fjbmUxROo+QVNRyoGN0=
-22,-27,TyxSSfMHYy5FanbYXcvTbhgyTbs=,BvZAae9+fjbmUxROo+QVNRyoGN0=
-19,-30,9uKlTJR5/TR2NetyIlQPhpGbYKY=,z6vbNRVQvjY+Svhz3q4/+VELtE8=
-21,-29,TyxSSfMHYy5FanbYXcvTbhgyTbs=,mz8qZac2TzHACIkI6IBZDSKCmXI=
-24,-30,TyxSSfMHYy5FanbYXcvTbhgyTbs=,mz8qZac2TzHACIkI6IBZDSKCmXI=
-21,-30,9uKlTJR5/TR2NetyIlQPhpGbYKY=,mz8qZac2TzHACIkI6IBZDSKCmXI=
-22,-30,9uKlTJR5/TR2NetyIlQPhpGbYKY=,mz8qZac2TzHACIkI6IBZDSKCmXI=
-23,-30,TyxSSfMHYy5FanbYXcvTbhgyTbs=,mz8qZac2TzHACIkI6IBZDSKCmXI=
-24,-27,TyxSSfMHYy5FanbYXcvTbhgyTbs=,BvZAae9+fjbmUxROo+QVNRyoGN0=
-23,-27,TyxSSfMHYy5FanbYXcvTbhgyTbs=,BvZAae9+fjbmUxROo+QVNRyoGN0=
-24,-29,CpfLu9MwrcrWhxR12ejgrcsMgZ0=,mz8qZac2TzHACIkI6IBZDSKCmXI=
-23,-29,CpfLu9MwrcrWhxR12ejgrcsMgZ0=,mz8qZac2TzHACIkI6IBZDSKCmXI=
-26,-30,eBeHh8arR7lz270FCIin4ipy/jg=,S154ma9o1V8KbTC01YXkyLkkews=
-25,-30,TyxSSfMHYy5FanbYXcvTbhgyTbs=,S154ma9o1V8KbTC01YXkyLkkews=
-26,-29,CpfLu9MwrcrWhxR12ejgrcsMgZ0=,S154ma9o1V8KbTC01YXkyLkkews=
-25,-29,CpfLu9MwrcrWhxR12ejgrcsMgZ0=,S154ma9o1V8KbTC01YXkyLkkews=
-21,-28,TyxSSfMHYy5FanbYXcvTbhgyTbs=,BvZAae9+fjbmUxROo+QVNRyoGN0=
-22,-28,9uKlTJR5/TR2NetyIlQPhpGbYKY=,BvZAae9+fjbmUxROo+QVNRyoGN0=
-20,-29,9uKlTJR5/TR2NetyIlQPhpGbYKY=,z6vbNRVQvjY+Svhz3q4/+VELtE8=
-20,-27,9uKlTJR5/TR2NetyIlQPhpGbYKY=,5WGvunLK1/4uZBdyAS1X/D5rJKo=
-19,-27,9uKlTJR5/TR2NetyIlQPhpGbYKY=,5WGvunLK1/4uZBdyAS1X/D5rJKo=
-20,-30,9uKlTJR5/TR2NetyIlQPhpGbYKY=,z6vbNRVQvjY+Svhz3q4/+VELtE8=
-19,-28,9uKlTJR5/TR2NetyIlQPhpGbYKY=,5WGvunLK1/4uZBdyAS1X/D5rJKo=
-20,-28,9uKlTJR5/TR2NetyIlQPhpGbYKY=,5WGvunLK1/4uZBdyAS1X/D5rJKo=
-19,-29,9uKlTJR5/TR2NetyIlQPhpGbYKY=,z6vbNRVQvjY+Svhz3q4/+VELtE8=
-24,-19,TyxSSfMHYy5FanbYXcvTbhgyTbs=,Eg1Y3Z55pNZ7XwOgSlZU6bFzclQ=
-25,-19,TyxSSfMHYy5FanbYXcvTbhgyTbs=,NxWn+msRBhz5Q3BwIDHwUh8uZ6Q=
-23,-25,TyxSSfMHYy5FanbYXcvTbhgyTbs=,BvZAae9+fjbmUxROo+QVNRyoGN0=
-26,-19,9uKlTJR5/TR2NetyIlQPhpGbYKY=,NxWn+msRBhz5Q3BwIDHwUh8uZ6Q=
-23,-26,TyxSSfMHYy5FanbYXcvTbhgyTbs=,BvZAae9+fjbmUxROo+QVNRyoGN0=
-24,-26,TyxSSfMHYy5FanbYXcvTbhgyTbs=,BvZAae9+fjbmUxROo+QVNRyoGN0=
-24,-25,TyxSSfMHYy5FanbYXcvTbhgyTbs=,BvZAae9+fjbmUxROo+QVNRyoGN0=
-23,-20,TyxSSfMHYy5FanbYXcvTbhgyTbs=,Eg1Y3Z55pNZ7XwOgSlZU6bFzclQ=
-24,-20,TyxSSfMHYy5FanbYXcvTbhgyTbs=,Eg1Y3Z55pNZ7XwOgSlZU6bFzclQ=
-25,-20,TyxSSfMHYy5FanbYXcvTbhgyTbs=,NxWn+msRBhz5Q3BwIDHwUh8uZ6Q=
-26,-20,TyxSSfMHYy5FanbYXcvTbhgyTbs=,NxWn+msRBhz5Q3BwIDHwUh8uZ6Q=
-23,-19,TyxSSfMHYy5FanbYXcvTbhgyTbs=,Eg1Y3Z55pNZ7XwOgSlZU6bFzclQ=
-28,-20,9uKlTJR5/TR2NetyIlQPhpGbYKY=,NxWn+msRBhz5Q3BwIDHwUh8uZ6Q=
-27,-20,TyxSSfMHYy5FanbYXcvTbhgyTbs=,NxWn+msRBhz5Q3BwIDHwUh8uZ6Q=
-30,-20,9uKlTJR5/TR2NetyIlQPhpGbYKY=,hQ9640aDaUgKX8XX85VUCfPztxc=
-29,-20,9uKlTJR5/TR2NetyIlQPhpGbYKY=,hQ9640aDaUgKX8XX85VUCfPztxc=
-28,-19,9uKlTJR5/TR2NetyIlQPhpGbYKY=,NxWn+msRBhz5Q3BwIDHwUh8uZ6Q=
-27,-19,9uKlTJR5/TR2NetyIlQPhpGbYKY=,NxWn+msRBhz5Q3BwIDHwUh8uZ6Q=
-30,-19,9uKlTJR5/TR2NetyIlQPhpGbYKY=,hQ9640aDaUgKX8XX85VUCfPztxc=
-29,-19,9uKlTJR5/TR2NetyIlQPhpGbYKY=,hQ9640aDaUgKX8XX85VUCfPztxc=
-30,-18,9uKlTJR5/TR2NetyIlQPhpGbYKY=,hQ9640aDaUgKX8XX85VUCfPztxc=
-29,-18,9uKlTJR5/TR2NetyIlQPhpGbYKY=,hQ9640aDaUgKX8XX85VUCfPztxc=
-30,-17,9uKlTJR5/TR2NetyIlQPhpGbYKY=,hQ9640aDaUgKX8XX85VUCfPztxc=
-28,-18,9uKlTJR5/TR2NetyIlQPhpGbYKY=,NxWn+msRBhz5Q3BwIDHwUh8uZ6Q=
-29,-17,9uKlTJR5/TR2NetyIlQPhpGbYKY=,hQ9640aDaUgKX8XX85VUCfPztxc=
-27,-18,9uKlTJR5/TR2NetyIlQPhpGbYKY=,NxWn+msRBhz5Q3BwIDHwUh8uZ6Q=
-23,-18,9uKlTJR5/TR2NetyIlQPhpGbYKY=,Eg1Y3Z55pNZ7XwOgSlZU6bFzclQ=
-24,-18,9uKlTJR5/TR2NetyIlQPhpGbYKY=,Eg1Y3Z55pNZ7XwOgSlZU6bFzclQ=
-25,-18,9uKlTJR5/TR2NetyIlQPhpGbYKY=,NxWn+msRBhz5Q3BwIDHwUh8uZ6Q=
-26,-18,9uKlTJR5/TR2NetyIlQPhpGbYKY=,NxWn+msRBhz5Q3BwIDHwUh8uZ6Q=
-28,-17,9uKlTJR5/TR2NetyIlQPhpGbYKY=,NxWn+msRBhz5Q3BwIDHwUh8uZ6Q=
-24,-17,9uKlTJR5/TR2NetyIlQPhpGbYKY=,Eg1Y3Z55pNZ7XwOgSlZU6bFzclQ=
-26,-17,9uKlTJR5/TR2NetyIlQPhpGbYKY=,NxWn+msRBhz5Q3BwIDHwUh8uZ6Q=
-25,-17,9uKlTJR5/TR2NetyIlQPhpGbYKY=,NxWn+msRBhz5Q3BwIDHwUh8uZ6Q=
-23,-17,9uKlTJR5/TR2NetyIlQPhpGbYKY=,Eg1Y3Z55pNZ7XwOgSlZU6bFzclQ=
-27,-17,9uKlTJR5/TR2NetyIlQPhpGbYKY=,NxWn+msRBhz5Q3BwIDHwUh8uZ6Q=
-17,-30,9uKlTJR5/TR2NetyIlQPhpGbYKY=,z6vbNRVQvjY+Svhz3q4/+VELtE8=
-18,-30,9uKlTJR5/TR2NetyIlQPhpGbYKY=,z6vbNRVQvjY+Svhz3q4/+VELtE8=
-17,-29,9uKlTJR5/TR2NetyIlQPhpGbYKY=,z6vbNRVQvjY+Svhz3q4/+VELtE8=
-18,-29,9uKlTJR5/TR2NetyIlQPhpGbYKY=,z6vbNRVQvjY+Svhz3q4/+VELtE8=
-17,-28,9uKlTJR5/TR2NetyIlQPhpGbYKY=,5WGvunLK1/4uZBdyAS1X/D5rJKo=
-18,-27,9uKlTJR5/TR2NetyIlQPhpGbYKY=,5WGvunLK1/4uZBdyAS1X/D5rJKo=
-17,-27,9uKlTJR5/TR2NetyIlQPhpGbYKY=,5WGvunLK1/4uZBdyAS1X/D5rJKo=
-18,-25,9uKlTJR5/TR2NetyIlQPhpGbYKY=,5WGvunLK1/4uZBdyAS1X/D5rJKo=
-17,-24,9uKlTJR5/TR2NetyIlQPhpGbYKY=,Om4bdfaootvvUELu+JYn9NUvt9E=
-18,-24,9uKlTJR5/TR2NetyIlQPhpGbYKY=,Om4bdfaootvvUELu+JYn9NUvt9E=
-18,-28,9uKlTJR5/TR2NetyIlQPhpGbYKY=,5WGvunLK1/4uZBdyAS1X/D5rJKo=
-17,-25,9uKlTJR5/TR2NetyIlQPhpGbYKY=,5WGvunLK1/4uZBdyAS1X/D5rJKo=
-18,-23,9uKlTJR5/TR2NetyIlQPhpGbYKY=,Om4bdfaootvvUELu+JYn9NUvt9E=
-18,-26,9uKlTJR5/TR2NetyIlQPhpGbYKY=,5WGvunLK1/4uZBdyAS1X/D5rJKo=
-17,-26,9uKlTJR5/TR2NetyIlQPhpGbYKY=,5WGvunLK1/4uZBdyAS1X/D5rJKo=
-17,-23,9uKlTJR5/TR2NetyIlQPhpGbYKY=,Om4bdfaootvvUELu+JYn9NUvt9E=
-18,-21,x3y2RgZ9HLKWnOCj72OjsUcr8l8=,Om4bdfaootvvUELu+JYn9NUvt9E=
-17,-21,9uKlTJR5/TR2NetyIlQPhpGbYKY=,Om4bdfaootvvUELu+JYn9NUvt9E=
-18,-22,9uKlTJR5/TR2NetyIlQPhpGbYKY=,Om4bdfaootvvUELu+JYn9NUvt9E=
-17,-22,9uKlTJR5/TR2NetyIlQPhpGbYKY=,Om4bdfaootvvUELu+JYn9NUvt9E=
-21,-18,9uKlTJR5/TR2NetyIlQPhpGbYKY=,Eg1Y3Z55pNZ7XwOgSlZU6bFzclQ=
-22,-18,9uKlTJR5/TR2NetyIlQPhpGbYKY=,Eg1Y3Z55pNZ7XwOgSlZU6bFzclQ=
-22,-17,9uKlTJR5/TR2NetyIlQPhpGbYKY=,Eg1Y3Z55pNZ7XwOgSlZU6bFzclQ=
-21,-17,9uKlTJR5/TR2NetyIlQPhpGbYKY=,Eg1Y3Z55pNZ7XwOgSlZU6bFzclQ=
-29,-30,9uKlTJR5/TR2NetyIlQPhpGbYKY=,E3ggpJZRm88tkMtR5bh9GvVSj+M=
-30,-30,9uKlTJR5/TR2NetyIlQPhpGbYKY=,E3ggpJZRm88tkMtR5bh9GvVSj+M=
-28,-30,9uKlTJR5/TR2NetyIlQPhpGbYKY=,S154ma9o1V8KbTC01YXkyLkkews=
-29,-29,9uKlTJR5/TR2NetyIlQPhpGbYKY=,E3ggpJZRm88tkMtR5bh9GvVSj+M=
-30,-29,9uKlTJR5/TR2NetyIlQPhpGbYKY=,E3ggpJZRm88tkMtR5bh9GvVSj+M=
-27,-30,eBeHh8arR7lz270FCIin4ipy/jg=,S154ma9o1V8KbTC01YXkyLkkews=
-28,-29,9uKlTJR5/TR2NetyIlQPhpGbYKY=,S154ma9o1V8KbTC01YXkyLkkews=
-27,-29,CpfLu9MwrcrWhxR12ejgrcsMgZ0=,S154ma9o1V8KbTC01YXkyLkkews=
-30,-32,9uKlTJR5/TR2NetyIlQPhpGbYKY=,E3ggpJZRm88tkMtR5bh9GvVSj+M=
-28,-32,9uKlTJR5/TR2NetyIlQPhpGbYKY=,S154ma9o1V8KbTC01YXkyLkkews=
-29,-32,9uKlTJR5/TR2NetyIlQPhpGbYKY=,E3ggpJZRm88tkMtR5bh9GvVSj+M=
-27,-32,9uKlTJR5/TR2NetyIlQPhpGbYKY=,S154ma9o1V8KbTC01YXkyLkkews=
-28,-31,9uKlTJR5/TR2NetyIlQPhpGbYKY=,S154ma9o1V8KbTC01YXkyLkkews=
-27,-31,eBeHh8arR7lz270FCIin4ipy/jg=,S154ma9o1V8KbTC01YXkyLkkews=
-30,-31,9uKlTJR5/TR2NetyIlQPhpGbYKY=,E3ggpJZRm88tkMtR5bh9GvVSj+M=
-29,-31,9uKlTJR5/TR2NetyIlQPhpGbYKY=,E3ggpJZRm88tkMtR5bh9GvVSj+M=
-21,-32,9uKlTJR5/TR2NetyIlQPhpGbYKY=,mz8qZac2TzHACIkI6IBZDSKCmXI=
-22,-32,9uKlTJR5/TR2NetyIlQPhpGbYKY=,mz8qZac2TzHACIkI6IBZDSKCmXI=
-20,-32,9uKlTJR5/TR2NetyIlQPhpGbYKY=,z6vbNRVQvjY+Svhz3q4/+VELtE8=
-26,-31,CpfLu9MwrcrWhxR12ejgrcsMgZ0=,S154ma9o1V8KbTC01YXkyLkkews=
-26,-32,9uKlTJR5/TR2NetyIlQPhpGbYKY=,S154ma9o1V8KbTC01YXkyLkkews=
-19,-32,9uKlTJR5/TR2NetyIlQPhpGbYKY=,z6vbNRVQvjY+Svhz3q4/+VELtE8=
-19,-31,9uKlTJR5/TR2NetyIlQPhpGbYKY=,z6vbNRVQvjY+Svhz3q4/+VELtE8=
-20,-31,9uKlTJR5/TR2NetyIlQPhpGbYKY=,z6vbNRVQvjY+Svhz3q4/+VELtE8=
-23,-31,CpfLu9MwrcrWhxR12ejgrcsMgZ0=,mz8qZac2TzHACIkI6IBZDSKCmXI=
-23,-32,9uKlTJR5/TR2NetyIlQPhpGbYKY=,mz8qZac2TzHACIkI6IBZDSKCmXI=
-22,-31,9uKlTJR5/TR2NetyIlQPhpGbYKY=,mz8qZac2TzHACIkI6IBZDSKCmXI=
-24,-31,9uKlTJR5/TR2NetyIlQPhpGbYKY=,mz8qZac2TzHACIkI6IBZDSKCmXI=
-25,-32,9uKlTJR5/TR2NetyIlQPhpGbYKY=,S154ma9o1V8KbTC01YXkyLkkews=
-24,-32,9uKlTJR5/TR2NetyIlQPhpGbYKY=,mz8qZac2TzHACIkI6IBZDSKCmXI=
-25,-31,9uKlTJR5/TR2NetyIlQPhpGbYKY=,S154ma9o1V8KbTC01YXkyLkkews=
-21,-31,CpfLu9MwrcrWhxR12ejgrcsMgZ0=,mz8qZac2TzHACIkI6IBZDSKCmXI=
-18,-31,9uKlTJR5/TR2NetyIlQPhpGbYKY=,z6vbNRVQvjY+Svhz3q4/+VELtE8=
-17,-32,9uKlTJR5/TR2NetyIlQPhpGbYKY=,z6vbNRVQvjY+Svhz3q4/+VELtE8=
-18,-32,9uKlTJR5/TR2NetyIlQPhpGbYKY=,z6vbNRVQvjY+Svhz3q4/+VELtE8=
-32,-30,9uKlTJR5/TR2NetyIlQPhpGbYKY=,E3ggpJZRm88tkMtR5bh9GvVSj+M=
-17,-31,9uKlTJR5/TR2NetyIlQPhpGbYKY=,z6vbNRVQvjY+Svhz3q4/+VELtE8=
-31,-30,9uKlTJR5/TR2NetyIlQPhpGbYKY=,E3ggpJZRm88tkMtR5bh9GvVSj+M=
-31,-31,9uKlTJR5/TR2NetyIlQPhpGbYKY=,E3ggpJZRm88tkMtR5bh9GvVSj+M=
-31,-29,9uKlTJR5/TR2NetyIlQPhpGbYKY=,E3ggpJZRm88tkMtR5bh9GvVSj+M=
-32,-31,9uKlTJR5/TR2NetyIlQPhpGbYKY=,E3ggpJZRm88tkMtR5bh9GvVSj+M=
-32,-29,9uKlTJR5/TR2NetyIlQPhpGbYKY=,E3ggpJZRm88tkMtR5bh9GvVSj+M=
-31,-32,9uKlTJR5/TR2NetyIlQPhpGbYKY=,E3ggpJZRm88tkMtR5bh9GvVSj+M=
-32,-20,9uKlTJR5/TR2NetyIlQPhpGbYKY=,hQ9640aDaUgKX8XX85VUCfPztxc=
-31,-20,9uKlTJR5/TR2NetyIlQPhpGbYKY=,hQ9640aDaUgKX8XX85VUCfPztxc=
-31,-19,9uKlTJR5/TR2NetyIlQPhpGbYKY=,hQ9640aDaUgKX8XX85VUCfPztxc=
-31,-18,9uKlTJR5/TR2NetyIlQPhpGbYKY=,hQ9640aDaUgKX8XX85VUCfPztxc=
-31,-17,9uKlTJR5/TR2NetyIlQPhpGbYKY=,hQ9640aDaUgKX8XX85VUCfPztxc=
-32,-32,9uKlTJR5/TR2NetyIlQPhpGbYKY=,E3ggpJZRm88tkMtR5bh9GvVSj+M=
-32,-19,9uKlTJR5/TR2NetyIlQPhpGbYKY=,hQ9640aDaUgKX8XX85VUCfPztxc=
-32,-18,9uKlTJR5/TR2NetyIlQPhpGbYKY=,hQ9640aDaUgKX8XX85VUCfPztxc=
-32,-17,9uKlTJR5/TR2NetyIlQPhpGbYKY=,hQ9640aDaUgKX8XX85VUCfPztxc=
-25,-15,hyQacA78BqD8ZTAHB2x4Ai5Pqr4=,XllVR+qNPlrqb0jgi+2kskSBNpw=
-26,-15,hyQacA78BqD8ZTAHB2x4Ai5Pqr4=,XllVR+qNPlrqb0jgi+2kskSBNpw=
-26,-16,hyQacA78BqD8ZTAHB2x4Ai5Pqr4=,XllVR+qNPlrqb0jgi+2kskSBNpw=
-25,-16,hyQacA78BqD8ZTAHB2x4Ai5Pqr4=,XllVR+qNPlrqb0jgi+2kskSBNpw=
-25,-13,Gm3XyiW+cHoKSwLE5Ppay6ghUuU=,XllVR+qNPlrqb0jgi+2kskSBNpw=
-26,-13,Dl821VStdtNo1fO58YA3Ww7htso=,XllVR+qNPlrqb0jgi+2kskSBNpw=
-26,-14,Gm3XyiW+cHoKSwLE5Ppay6ghUuU=,XllVR+qNPlrqb0jgi+2kskSBNpw=
-25,-14,Gm3XyiW+cHoKSwLE5Ppay6ghUuU=,XllVR+qNPlrqb0jgi+2kskSBNpw=
-29,-14,I9DF4zKhW9lV4EiydyToy69x8QA=,KSWNCf3OwFa6UI+T4u8m/+wjQmg=
-29,-13,Gm3XyiW+cHoKSwLE5Ppay6ghUuU=,KSWNCf3OwFa6UI+T4u8m/+wjQmg=
-27,-13,Gm3XyiW+cHoKSwLE5Ppay6ghUuU=,XllVR+qNPlrqb0jgi+2kskSBNpw=
-28,-13,I9DF4zKhW9lV4EiydyToy69x8QA=,XllVR+qNPlrqb0jgi+2kskSBNpw=
-30,-13,Gm3XyiW+cHoKSwLE5Ppay6ghUuU=,KSWNCf3OwFa6UI+T4u8m/+wjQmg=
-27,-14,I9DF4zKhW9lV4EiydyToy69x8QA=,XllVR+qNPlrqb0jgi+2kskSBNpw=
-28,-14,I9DF4zKhW9lV4EiydyToy69x8QA=,XllVR+qNPlrqb0jgi+2kskSBNpw=
-30,-14,I9DF4zKhW9lV4EiydyToy69x8QA=,KSWNCf3OwFa6UI+T4u8m/+wjQmg=
-32,-13,hyQacA78BqD8ZTAHB2x4Ai5Pqr4=,KSWNCf3OwFa6UI+T4u8m/+wjQmg=
-31,-13,Gm3XyiW+cHoKSwLE5Ppay6ghUuU=,KSWNCf3OwFa6UI+T4u8m/+wjQmg=
-31,-14,hyQacA78BqD8ZTAHB2x4Ai5Pqr4=,KSWNCf3OwFa6UI+T4u8m/+wjQmg=
-32,-14,hyQacA78BqD8ZTAHB2x4Ai5Pqr4=,KSWNCf3OwFa6UI+T4u8m/+wjQmg=
-29,-15,hyQacA78BqD8ZTAHB2x4Ai5Pqr4=,KSWNCf3OwFa6UI+T4u8m/+wjQmg=
-32,-15,hyQacA78BqD8ZTAHB2x4Ai5Pqr4=,KSWNCf3OwFa6UI+T4u8m/+wjQmg=
-28,-16,hyQacA78BqD8ZTAHB2x4Ai5Pqr4=,XllVR+qNPlrqb0jgi+2kskSBNpw=
-31,-15,hyQacA78BqD8ZTAHB2x4Ai5Pqr4=,KSWNCf3OwFa6UI+T4u8m/+wjQmg=
-27,-15,hyQacA78BqD8ZTAHB2x4Ai5Pqr4=,XllVR+qNPlrqb0jgi+2kskSBNpw=
-30,-16,hyQacA78BqD8ZTAHB2x4Ai5Pqr4=,KSWNCf3OwFa6UI+T4u8m/+wjQmg=
-30,-15,hyQacA78BqD8ZTAHB2x4Ai5Pqr4=,KSWNCf3OwFa6UI+T4u8m/+wjQmg=
-28,-15,hyQacA78BqD8ZTAHB2x4Ai5Pqr4=,XllVR+qNPlrqb0jgi+2kskSBNpw=
-31,-16,hyQacA78BqD8ZTAHB2x4Ai5Pqr4=,KSWNCf3OwFa6UI+T4u8m/+wjQmg=
-27,-16,hyQacA78BqD8ZTAHB2x4Ai5Pqr4=,XllVR+qNPlrqb0jgi+2kskSBNpw=
-32,-16,hyQacA78BqD8ZTAHB2x4Ai5Pqr4=,KSWNCf3OwFa6UI+T4u8m/+wjQmg=
-29,-16,hyQacA78BqD8ZTAHB2x4Ai5Pqr4=,KSWNCf3OwFa6UI+T4u8m/+wjQmg=
-21,-21,x3y2RgZ9HLKWnOCj72OjsUcr8l8=,xOqy4ioXVfhax6kHwYjGYaMr8aY=
-22,-21,x3y2RgZ9HLKWnOCj72OjsUcr8l8=,xOqy4ioXVfhax6kHwYjGYaMr8aY=
-21,-22,x3y2RgZ9HLKWnOCj72OjsUcr8l8=,xOqy4ioXVfhax6kHwYjGYaMr8aY=
-22,-22,eBeHh8arR7lz270FCIin4ipy/jg=,xOqy4ioXVfhax6kHwYjGYaMr8aY=
-26,-24,TyxSSfMHYy5FanbYXcvTbhgyTbs=,fmnzpJ14eIxYE25t6dzMu06M1fA=
-25,-24,TyxSSfMHYy5FanbYXcvTbhgyTbs=,fmnzpJ14eIxYE25t6dzMu06M1fA=
-24,-24,TyxSSfMHYy5FanbYXcvTbhgyTbs=,xOqy4ioXVfhax6kHwYjGYaMr8aY=
-26,-25,9uKlTJR5/TR2NetyIlQPhpGbYKY=,cfq7x2Wz1oQ5iSQ37f7qO6MBOGI=
-26,-26,TyxSSfMHYy5FanbYXcvTbhgyTbs=,cfq7x2Wz1oQ5iSQ37f7qO6MBOGI=
-23,-24,TyxSSfMHYy5FanbYXcvTbhgyTbs=,xOqy4ioXVfhax6kHwYjGYaMr8aY=
-26,-23,CpfLu9MwrcrWhxR12ejgrcsMgZ0=,fmnzpJ14eIxYE25t6dzMu06M1fA=
-25,-23,TyxSSfMHYy5FanbYXcvTbhgyTbs=,fmnzpJ14eIxYE25t6dzMu06M1fA=
-23,-23,TyxSSfMHYy5FanbYXcvTbhgyTbs=,xOqy4ioXVfhax6kHwYjGYaMr8aY=
-25,-25,TyxSSfMHYy5FanbYXcvTbhgyTbs=,cfq7x2Wz1oQ5iSQ37f7qO6MBOGI=
-25,-26,TyxSSfMHYy5FanbYXcvTbhgyTbs=,cfq7x2Wz1oQ5iSQ37f7qO6MBOGI=
-24,-23,9uKlTJR5/TR2NetyIlQPhpGbYKY=,xOqy4ioXVfhax6kHwYjGYaMr8aY=
-22,-24,x3y2RgZ9HLKWnOCj72OjsUcr8l8=,xOqy4ioXVfhax6kHwYjGYaMr8aY=
-21,-24,TyxSSfMHYy5FanbYXcvTbhgyTbs=,xOqy4ioXVfhax6kHwYjGYaMr8aY=
-22,-23,TyxSSfMHYy5FanbYXcvTbhgyTbs=,xOqy4ioXVfhax6kHwYjGYaMr8aY=
-21,-23,x3y2RgZ9HLKWnOCj72OjsUcr8l8=,xOqy4ioXVfhax6kHwYjGYaMr8aY=
-23,-21,x3y2RgZ9HLKWnOCj72OjsUcr8l8=,xOqy4ioXVfhax6kHwYjGYaMr8aY=
-24,-22,TyxSSfMHYy5FanbYXcvTbhgyTbs=,xOqy4ioXVfhax6kHwYjGYaMr8aY=
-25,-21,9uKlTJR5/TR2NetyIlQPhpGbYKY=,fmnzpJ14eIxYE25t6dzMu06M1fA=
-26,-21,9uKlTJR5/TR2NetyIlQPhpGbYKY=,fmnzpJ14eIxYE25t6dzMu06M1fA=
-26,-22,CpfLu9MwrcrWhxR12ejgrcsMgZ0=,fmnzpJ14eIxYE25t6dzMu06M1fA=
-25,-22,CpfLu9MwrcrWhxR12ejgrcsMgZ0=,fmnzpJ14eIxYE25t6dzMu06M1fA=
-24,-21,9uKlTJR5/TR2NetyIlQPhpGbYKY=,xOqy4ioXVfhax6kHwYjGYaMr8aY=
-23,-22,9uKlTJR5/TR2NetyIlQPhpGbYKY=,xOqy4ioXVfhax6kHwYjGYaMr8aY=
-28,-22,9uKlTJR5/TR2NetyIlQPhpGbYKY=,fmnzpJ14eIxYE25t6dzMu06M1fA=
-27,-22,CpfLu9MwrcrWhxR12ejgrcsMgZ0=,fmnzpJ14eIxYE25t6dzMu06M1fA=
-27,-21,9uKlTJR5/TR2NetyIlQPhpGbYKY=,fmnzpJ14eIxYE25t6dzMu06M1fA=
-28,-21,9uKlTJR5/TR2NetyIlQPhpGbYKY=,fmnzpJ14eIxYE25t6dzMu06M1fA=
-28,-24,9uKlTJR5/TR2NetyIlQPhpGbYKY=,fmnzpJ14eIxYE25t6dzMu06M1fA=
-27,-24,CpfLu9MwrcrWhxR12ejgrcsMgZ0=,fmnzpJ14eIxYE25t6dzMu06M1fA=
-28,-23,9uKlTJR5/TR2NetyIlQPhpGbYKY=,fmnzpJ14eIxYE25t6dzMu06M1fA=
-27,-23,CpfLu9MwrcrWhxR12ejgrcsMgZ0=,fmnzpJ14eIxYE25t6dzMu06M1fA=
-30,-25,9uKlTJR5/TR2NetyIlQPhpGbYKY=,AZK8WMxPZufdbqbVQG8mYEzqPmc=
-29,-25,9uKlTJR5/TR2NetyIlQPhpGbYKY=,AZK8WMxPZufdbqbVQG8mYEzqPmc=
-27,-25,9uKlTJR5/TR2NetyIlQPhpGbYKY=,cfq7x2Wz1oQ5iSQ37f7qO6MBOGI=
-27,-26,9uKlTJR5/TR2NetyIlQPhpGbYKY=,cfq7x2Wz1oQ5iSQ37f7qO6MBOGI=
-30,-26,9uKlTJR5/TR2NetyIlQPhpGbYKY=,AZK8WMxPZufdbqbVQG8mYEzqPmc=
-28,-25,9uKlTJR5/TR2NetyIlQPhpGbYKY=,cfq7x2Wz1oQ5iSQ37f7qO6MBOGI=
-29,-26,9uKlTJR5/TR2NetyIlQPhpGbYKY=,AZK8WMxPZufdbqbVQG8mYEzqPmc=
-28,-26,9uKlTJR5/TR2NetyIlQPhpGbYKY=,cfq7x2Wz1oQ5iSQ37f7qO6MBOGI=
-27,-28,TyxSSfMHYy5FanbYXcvTbhgyTbs=,cfq7x2Wz1oQ5iSQ37f7qO6MBOGI=
-26,-28,CpfLu9MwrcrWhxR12ejgrcsMgZ0=,cfq7x2Wz1oQ5iSQ37f7qO6MBOGI=
-28,-28,9uKlTJR5/TR2NetyIlQPhpGbYKY=,cfq7x2Wz1oQ5iSQ37f7qO6MBOGI=
-25,-28,CpfLu9MwrcrWhxR12ejgrcsMgZ0=,cfq7x2Wz1oQ5iSQ37f7qO6MBOGI=
-30,-28,9uKlTJR5/TR2NetyIlQPhpGbYKY=,AZK8WMxPZufdbqbVQG8mYEzqPmc=
-32,-27,9uKlTJR5/TR2NetyIlQPhpGbYKY=,AZK8WMxPZufdbqbVQG8mYEzqPmc=
-25,-27,TyxSSfMHYy5FanbYXcvTbhgyTbs=,cfq7x2Wz1oQ5iSQ37f7qO6MBOGI=
-32,-28,9uKlTJR5/TR2NetyIlQPhpGbYKY=,AZK8WMxPZufdbqbVQG8mYEzqPmc=
-31,-28,9uKlTJR5/TR2NetyIlQPhpGbYKY=,AZK8WMxPZufdbqbVQG8mYEzqPmc=
-26,-27,TyxSSfMHYy5FanbYXcvTbhgyTbs=,cfq7x2Wz1oQ5iSQ37f7qO6MBOGI=
-31,-27,9uKlTJR5/TR2NetyIlQPhpGbYKY=,AZK8WMxPZufdbqbVQG8mYEzqPmc=
-29,-27,9uKlTJR5/TR2NetyIlQPhpGbYKY=,AZK8WMxPZufdbqbVQG8mYEzqPmc=
-29,-28,9uKlTJR5/TR2NetyIlQPhpGbYKY=,AZK8WMxPZufdbqbVQG8mYEzqPmc=
-28,-27,9uKlTJR5/TR2NetyIlQPhpGbYKY=,cfq7x2Wz1oQ5iSQ37f7qO6MBOGI=
-30,-27,9uKlTJR5/TR2NetyIlQPhpGbYKY=,AZK8WMxPZufdbqbVQG8mYEzqPmc=
-27,-27,9uKlTJR5/TR2NetyIlQPhpGbYKY=,cfq7x2Wz1oQ5iSQ37f7qO6MBOGI=
-32,-25,9uKlTJR5/TR2NetyIlQPhpGbYKY=,AZK8WMxPZufdbqbVQG8mYEzqPmc=
-31,-25,9uKlTJR5/TR2NetyIlQPhpGbYKY=,AZK8WMxPZufdbqbVQG8mYEzqPmc=
-32,-26,9uKlTJR5/TR2NetyIlQPhpGbYKY=,AZK8WMxPZufdbqbVQG8mYEzqPmc=
-31,-26,9uKlTJR5/TR2NetyIlQPhpGbYKY=,AZK8WMxPZufdbqbVQG8mYEzqPmc=
-29,-9,oaXKxKIcLZvaX7qrzDMPx24Zspg=,XWlMh6Pq3Dwca46xmDydcaaL5as=
-30,-9,oaXKxKIcLZvaX7qrzDMPx24Zspg=,XWlMh6Pq3Dwca46xmDydcaaL5as=
-28,-9,oaXKxKIcLZvaX7qrzDMPx24Zspg=,asKr33W2zkJbLdIjrTCfQ2g/Axc=
-30,-10,oaXKxKIcLZvaX7qrzDMPx24Zspg=,XWlMh6Pq3Dwca46xmDydcaaL5as=
-29,-7,oaXKxKIcLZvaX7qrzDMPx24Zspg=,XTXKC2Goh8MpM8zpTi5vzgg4ygA=
-30,-7,BD5FzaN5XOWu/ZUIcPbdAhanquU=,XTXKC2Goh8MpM8zpTi5vzgg4ygA=
-27,-9,RIOpzJJEQ9upakuqSimLmqw+LuQ=,asKr33W2zkJbLdIjrTCfQ2g/Axc=
-28,-10,RIOpzJJEQ9upakuqSimLmqw+LuQ=,asKr33W2zkJbLdIjrTCfQ2g/Axc=
-29,-10,RIOpzJJEQ9upakuqSimLmqw+LuQ=,XWlMh6Pq3Dwca46xmDydcaaL5as=
-27,-7,oaXKxKIcLZvaX7qrzDMPx24Zspg=,ojykb+LcBAP5gVTg98GzaYhsMtM=
-29,-8,oaXKxKIcLZvaX7qrzDMPx24Zspg=,XTXKC2Goh8MpM8zpTi5vzgg4ygA=
-30,-8,oaXKxKIcLZvaX7qrzDMPx24Zspg=,XTXKC2Goh8MpM8zpTi5vzgg4ygA=
-28,-7,oaXKxKIcLZvaX7qrzDMPx24Zspg=,ojykb+LcBAP5gVTg98GzaYhsMtM=
-27,-10,RIOpzJJEQ9upakuqSimLmqw+LuQ=,asKr33W2zkJbLdIjrTCfQ2g/Axc=
-27,-8,oaXKxKIcLZvaX7qrzDMPx24Zspg=,ojykb+LcBAP5gVTg98GzaYhsMtM=
-28,-8,oaXKxKIcLZvaX7qrzDMPx24Zspg=,ojykb+LcBAP5gVTg98GzaYhsMtM=
-25,-9,RIOpzJJEQ9upakuqSimLmqw+LuQ=,asKr33W2zkJbLdIjrTCfQ2g/Axc=
-26,-9,Dl821VStdtNo1fO58YA3Ww7htso=,asKr33W2zkJbLdIjrTCfQ2g/Axc=
-25,-7,RIOpzJJEQ9upakuqSimLmqw+LuQ=,ojykb+LcBAP5gVTg98GzaYhsMtM=
-26,-7,oaXKxKIcLZvaX7qrzDMPx24Zspg=,ojykb+LcBAP5gVTg98GzaYhsMtM=
-26,-8,Dl821VStdtNo1fO58YA3Ww7htso=,ojykb+LcBAP5gVTg98GzaYhsMtM=
-25,-8,Dl821VStdtNo1fO58YA3Ww7htso=,ojykb+LcBAP5gVTg98GzaYhsMtM=
-25,-10,Dl821VStdtNo1fO58YA3Ww7htso=,asKr33W2zkJbLdIjrTCfQ2g/Axc=
-26,-10,Dl821VStdtNo1fO58YA3Ww7htso=,asKr33W2zkJbLdIjrTCfQ2g/Axc=
-26,-11,Gm3XyiW+cHoKSwLE5Ppay6ghUuU=,asKr33W2zkJbLdIjrTCfQ2g/Axc=
-25,-11,Gm3XyiW+cHoKSwLE5Ppay6ghUuU=,asKr33W2zkJbLdIjrTCfQ2g/Axc=
-25,-12,Dl821VStdtNo1fO58YA3Ww7htso=,asKr33W2zkJbLdIjrTCfQ2g/Axc=
-26,-12,Gm3XyiW+cHoKSwLE5Ppay6ghUuU=,asKr33W2zkJbLdIjrTCfQ2g/Axc=
-25,-5,I9DF4zKhW9lV4EiydyToy69x8QA=,ojykb+LcBAP5gVTg98GzaYhsMtM=
-26,-5,I9DF4zKhW9lV4EiydyToy69x8QA=,ojykb+LcBAP5gVTg98GzaYhsMtM=
-25,-6,I9DF4zKhW9lV4EiydyToy69x8QA=,ojykb+LcBAP5gVTg98GzaYhsMtM=
-26,-6,I9DF4zKhW9lV4EiydyToy69x8QA=,ojykb+LcBAP5gVTg98GzaYhsMtM=
-30,-4,oaXKxKIcLZvaX7qrzDMPx24Zspg=,tS5QyujVnrbcENwWZdzJyItlYrA=
-29,-5,oaXKxKIcLZvaX7qrzDMPx24Zspg=,XTXKC2Goh8MpM8zpTi5vzgg4ygA=
-30,-6,BD5FzaN5XOWu/ZUIcPbdAhanquU=,XTXKC2Goh8MpM8zpTi5vzgg4ygA=
-28,-5,oaXKxKIcLZvaX7qrzDMPx24Zspg=,ojykb+LcBAP5gVTg98GzaYhsMtM=
-30,-5,oaXKxKIcLZvaX7qrzDMPx24Zspg=,XTXKC2Goh8MpM8zpTi5vzgg4ygA=
-29,-6,oaXKxKIcLZvaX7qrzDMPx24Zspg=,XTXKC2Goh8MpM8zpTi5vzgg4ygA=
-29,-3,oaXKxKIcLZvaX7qrzDMPx24Zspg=,tS5QyujVnrbcENwWZdzJyItlYrA=
-30,-3,9uKlTJR5/TR2NetyIlQPhpGbYKY=,tS5QyujVnrbcENwWZdzJyItlYrA=
-27,-6,oaXKxKIcLZvaX7qrzDMPx24Zspg=,ojykb+LcBAP5gVTg98GzaYhsMtM=
-27,-5,RIOpzJJEQ9upakuqSimLmqw+LuQ=,ojykb+LcBAP5gVTg98GzaYhsMtM=
-29,-4,oaXKxKIcLZvaX7qrzDMPx24Zspg=,tS5QyujVnrbcENwWZdzJyItlYrA=
-28,-6,oaXKxKIcLZvaX7qrzDMPx24Zspg=,ojykb+LcBAP5gVTg98GzaYhsMtM=
-31,-6,BD5FzaN5XOWu/ZUIcPbdAhanquU=,XTXKC2Goh8MpM8zpTi5vzgg4ygA=
-31,-3,9uKlTJR5/TR2NetyIlQPhpGbYKY=,tS5QyujVnrbcENwWZdzJyItlYrA=
-31,-5,hyQacA78BqD8ZTAHB2x4Ai5Pqr4=,XTXKC2Goh8MpM8zpTi5vzgg4ygA=
-32,-5,hyQacA78BqD8ZTAHB2x4Ai5Pqr4=,XTXKC2Goh8MpM8zpTi5vzgg4ygA=
-32,-3,hyQacA78BqD8ZTAHB2x4Ai5Pqr4=,tS5QyujVnrbcENwWZdzJyItlYrA=
-32,-6,hyQacA78BqD8ZTAHB2x4Ai5Pqr4=,XTXKC2Goh8MpM8zpTi5vzgg4ygA=
-32,-4,hyQacA78BqD8ZTAHB2x4Ai5Pqr4=,tS5QyujVnrbcENwWZdzJyItlYrA=
-31,-4,hyQacA78BqD8ZTAHB2x4Ai5Pqr4=,tS5QyujVnrbcENwWZdzJyItlYrA=
-30,-2,9uKlTJR5/TR2NetyIlQPhpGbYKY=,tS5QyujVnrbcENwWZdzJyItlYrA=
-29,-2,oaXKxKIcLZvaX7qrzDMPx24Zspg=,tS5QyujVnrbcENwWZdzJyItlYrA=
-29,-1,hyQacA78BqD8ZTAHB2x4Ai5Pqr4=,tS5QyujVnrbcENwWZdzJyItlYrA=
-30,-1,oaXKxKIcLZvaX7qrzDMPx24Zspg=,tS5QyujVnrbcENwWZdzJyItlYrA=
-32,-8,hyQacA78BqD8ZTAHB2x4Ai5Pqr4=,XTXKC2Goh8MpM8zpTi5vzgg4ygA=
-31,-9,oaXKxKIcLZvaX7qrzDMPx24Zspg=,XWlMh6Pq3Dwca46xmDydcaaL5as=
-32,-9,hyQacA78BqD8ZTAHB2x4Ai5Pqr4=,XWlMh6Pq3Dwca46xmDydcaaL5as=
-31,-7,BD5FzaN5XOWu/ZUIcPbdAhanquU=,XTXKC2Goh8MpM8zpTi5vzgg4ygA=
-32,-7,hyQacA78BqD8ZTAHB2x4Ai5Pqr4=,XTXKC2Goh8MpM8zpTi5vzgg4ygA=
-31,-8,oaXKxKIcLZvaX7qrzDMPx24Zspg=,XTXKC2Goh8MpM8zpTi5vzgg4ygA=
-32,-10,hyQacA78BqD8ZTAHB2x4Ai5Pqr4=,XWlMh6Pq3Dwca46xmDydcaaL5as=
-31,-10,hyQacA78BqD8ZTAHB2x4Ai5Pqr4=,XWlMh6Pq3Dwca46xmDydcaaL5as=
-32,-12,hyQacA78BqD8ZTAHB2x4Ai5Pqr4=,XWlMh6Pq3Dwca46xmDydcaaL5as=
-31,-12,hyQacA78BqD8ZTAHB2x4Ai5Pqr4=,XWlMh6Pq3Dwca46xmDydcaaL5as=
-30,-11,Gm3XyiW+cHoKSwLE5Ppay6ghUuU=,XWlMh6Pq3Dwca46xmDydcaaL5as=
-30,-12,I9DF4zKhW9lV4EiydyToy69x8QA=,XWlMh6Pq3Dwca46xmDydcaaL5as=
-29,-11,I9DF4zKhW9lV4EiydyToy69x8QA=,XWlMh6Pq3Dwca46xmDydcaaL5as=
-27,-11,I9DF4zKhW9lV4EiydyToy69x8QA=,asKr33W2zkJbLdIjrTCfQ2g/Axc=
-29,-12,Gm3XyiW+cHoKSwLE5Ppay6ghUuU=,XWlMh6Pq3Dwca46xmDydcaaL5as=
-32,-11,hyQacA78BqD8ZTAHB2x4Ai5Pqr4=,XWlMh6Pq3Dwca46xmDydcaaL5as=
-28,-11,I9DF4zKhW9lV4EiydyToy69x8QA=,asKr33W2zkJbLdIjrTCfQ2g/Axc=
-31,-11,hyQacA78BqD8ZTAHB2x4Ai5Pqr4=,XWlMh6Pq3Dwca46xmDydcaaL5as=
-27,-12,I9DF4zKhW9lV4EiydyToy69x8QA=,asKr33W2zkJbLdIjrTCfQ2g/Axc=
-28,-12,I9DF4zKhW9lV4EiydyToy69x8QA=,asKr33W2zkJbLdIjrTCfQ2g/Axc=
-32,-2,hyQacA78BqD8ZTAHB2x4Ai5Pqr4=,tS5QyujVnrbcENwWZdzJyItlYrA=
-32,-1,hyQacA78BqD8ZTAHB2x4Ai5Pqr4=,tS5QyujVnrbcENwWZdzJyItlYrA=
-31,-1,BD5FzaN5XOWu/ZUIcPbdAhanquU=,tS5QyujVnrbcENwWZdzJyItlYrA=
-31,-2,9uKlTJR5/TR2NetyIlQPhpGbYKY=,tS5QyujVnrbcENwWZdzJyItlYrA=
