-3,51,KtkAGKk0frTPdQDp2tTnjFyz/ww=,A5UUQq2w7tQw3OYdSPRJjqNWhhc=
-5,53,KtkAGKk0frTPdQDp2tTnjFyz/ww=,A5UUQq2w7tQw3OYdSPRJjqNWhhc=
-8,50,KtkAGKk0frTPdQDp2tTnjFyz/ww=,A5UUQq2w7tQw3OYdSPRJjqNWhhc=
-4,53,KtkAGKk0frTPdQDp2tTnjFyz/ww=,A5UUQq2w7tQw3OYdSPRJjqNWhhc=
-2,51,KtkAGKk0frTPdQDp2tTnjFyz/ww=,A5UUQq2w7tQw3OYdSPRJjqNWhhc=
-7,50,KtkAGKk0frTPdQDp2tTnjFyz/ww=,A5UUQq2w7tQw3OYdSPRJjqNWhhc=
-6,50,KtkAGKk0frTPdQDp2tTnjFyz/ww=,A5UUQq2w7tQw3OYdSPRJjqNWhhc=
-3,53,KtkAGKk0frTPdQDp2tTnjFyz/ww=,A5UUQq2w7tQw3OYdSPRJjqNWhhc=
-2,53,KtkAGKk0frTPdQDp2tTnjFyz/ww=,A5UUQq2w7tQw3OYdSPRJjqNWhhc=
-2,52,KtkAGKk0frTPdQDp2tTnjFyz/ww=,A5UUQq2w7tQw3OYdSPRJjqNWhhc=
-1,51,KtkAGKk0frTPdQDp2tTnjFyz/ww=,A5UUQq2w7tQw3OYdSPRJjqNWhhc=
-8,48,KtkAGKk0frTPdQDp2tTnjFyz/ww=,A5UUQq2w7tQw3OYdSPRJjqNWhhc=
-8,51,KtkAGKk0frTPdQDp2tTnjFyz/ww=,A5UUQq2w7tQw3OYdSPRJjqNWhhc=
-4,48,KtkAGKk0frTPdQDp2tTnjFyz/ww=,A5UUQq2w7tQw3OYdSPRJjqNWhhc=
-8,52,KtkAGKk0frTPdQDp2tTnjFyz/ww=,A5UUQq2w7tQw3OYdSPRJjqNWhhc=
-4,52,KtkAGKk0frTPdQDp2tTnjFyz/ww=,A5UUQq2w7tQw3OYdSPRJjqNWhhc=
-3,48,KtkAGKk0frTPdQDp2tTnjFyz/ww=,A5UUQq2w7tQw3OYdSPRJjqNWhhc=
-1,53,KtkAGKk0frTPdQDp2tTnjFyz/ww=,A5UUQq2w7tQw3OYdSPRJjqNWhhc=
-8,54,KtkAGKk0frTPdQDp2tTnjFyz/ww=,A5UUQq2w7tQw3OYdSPRJjqNWhhc=
-2,48,KtkAGKk0frTPdQDp2tTnjFyz/ww=,A5UUQq2w7tQw3OYdSPRJjqNWhhc=
-1,48,KtkAGKk0frTPdQDp2tTnjFyz/ww=,A5UUQq2w7tQw3OYdSPRJjqNWhhc=
-7,52,KtkAGKk0frTPdQDp2tTnjFyz/ww=,A5UUQq2w7tQw3OYdSPRJjqNWhhc=
-5,50,KtkAGKk0frTPdQDp2tTnjFyz/ww=,A5UUQq2w7tQw3OYdSPRJjqNWhhc=
-8,49,KtkAGKk0frTPdQDp2tTnjFyz/ww=,A5UUQq2w7tQw3OYdSPRJjqNWhhc=
-7,54,KtkAGKk0frTPdQDp2tTnjFyz/ww=,A5UUQq2w7tQw3OYdSPRJjqNWhhc=
-6,54,KtkAGKk0frTPdQDp2tTnjFyz/ww=,A5UUQq2w7tQw3OYdSPRJjqNWhhc=
-5,54,KtkAGKk0frTPdQDp2tTnjFyz/ww=,A5UUQq2w7tQw3OYdSPRJjqNWhhc=
-7,49,KtkAGKk0frTPdQDp2tTnjFyz/ww=,A5UUQq2w7tQw3OYdSPRJjqNWhhc=
-7,48,KtkAGKk0frTPdQDp2tTnjFyz/ww=,A5UUQq2w7tQw3OYdSPRJjqNWhhc=
-1,50,KtkAGKk0frTPdQDp2tTnjFyz/ww=,A5UUQq2w7tQw3OYdSPRJjqNWhhc=
-6,48,KtkAGKk0frTPdQDp2tTnjFyz/ww=,A5UUQq2w7tQw3OYdSPRJjqNWhhc=
-6,49,KtkAGKk0frTPdQDp2tTnjFyz/ww=,A5UUQq2w7tQw3OYdSPRJjqNWhhc=
-6,53,KtkAGKk0frTPdQDp2tTnjFyz/ww=,A5UUQq2w7tQw3OYdSPRJjqNWhhc=
-5,49,KtkAGKk0frTPdQDp2tTnjFyz/ww=,A5UUQq2w7tQw3OYdSPRJjqNWhhc=
-5,52,KtkAGKk0frTPdQDp2tTnjFyz/ww=,A5UUQq2w7tQw3OYdSPRJjqNWhhc=
-4,54,KtkAGKk0frTPdQDp2tTnjFyz/ww=,A5UUQq2w7tQw3OYdSPRJjqNWhhc=
-1,52,KtkAGKk0frTPdQDp2tTnjFyz/ww=,A5UUQq2w7tQw3OYdSPRJjqNWhhc=
-4,51,KtkAGKk0frTPdQDp2tTnjFyz/ww=,A5UUQq2w7tQw3OYdSPRJjqNWhhc=
-4,49,KtkAGKk0frTPdQDp2tTnjFyz/ww=,A5UUQq2w7tQw3OYdSPRJjqNWhhc=
-7,53,KtkAGKk0frTPdQDp2tTnjFyz/ww=,A5UUQq2w7tQw3OYdSPRJjqNWhhc=
-3,49,KtkAGKk0frTPdQDp2tTnjFyz/ww=,A5UUQq2w7tQw3OYdSPRJjqNWhhc=
-5,51,KtkAGKk0frTPdQDp2tTnjFyz/ww=,A5UUQq2w7tQw3OYdSPRJjqNWhhc=
-7,51,KtkAGKk0frTPdQDp2tTnjFyz/ww=,A5UUQq2w7tQw3OYdSPRJjqNWhhc=
-8,53,KtkAGKk0frTPdQDp2tTnjFyz/ww=,A5UUQq2w7tQw3OYdSPRJjqNWhhc=
-4,50,KtkAGKk0frTPdQDp2tTnjFyz/ww=,A5UUQq2w7tQw3OYdSPRJjqNWhhc=
-1,55,KtkAGKk0frTPdQDp2tTnjFyz/ww=,A5UUQq2w7tQw3OYdSPRJjqNWhhc=
-2,49,KtkAGKk0frTPdQDp2tTnjFyz/ww=,A5UUQq2w7tQw3OYdSPRJjqNWhhc=
-2,50,KtkAGKk0frTPdQDp2tTnjFyz/ww=,A5UUQq2w7tQw3OYdSPRJjqNWhhc=
-1,49,KtkAGKk0frTPdQDp2tTnjFyz/ww=,A5UUQq2w7tQw3OYdSPRJjqNWhhc=
-6,52,KtkAGKk0frTPdQDp2tTnjFyz/ww=,A5UUQq2w7tQw3OYdSPRJjqNWhhc=
-3,54,KtkAGKk0frTPdQDp2tTnjFyz/ww=,A5UUQq2w7tQw3OYdSPRJjqNWhhc=
-2,55,KtkAGKk0frTPdQDp2tTnjFyz/ww=,A5UUQq2w7tQw3OYdSPRJjqNWhhc=
-5,48,KtkAGKk0frTPdQDp2tTnjFyz/ww=,A5UUQq2w7tQw3OYdSPRJjqNWhhc=
-3,55,KtkAGKk0frTPdQDp2tTnjFyz/ww=,A5UUQq2w7tQw3OYdSPRJjqNWhhc=
-6,51,KtkAGKk0frTPdQDp2tTnjFyz/ww=,A5UUQq2w7tQw3OYdSPRJjqNWhhc=
-4,55,KtkAGKk0frTPdQDp2tTnjFyz/ww=,A5UUQq2w7tQw3OYdSPRJjqNWhhc=
-2,54,KtkAGKk0frTPdQDp2tTnjFyz/ww=,A5UUQq2w7tQw3OYdSPRJjqNWhhc=
-5,55,KtkAGKk0frTPdQDp2tTnjFyz/ww=,A5UUQq2w7tQw3OYdSPRJjqNWhhc=
-1,54,KtkAGKk0frTPdQDp2tTnjFyz/ww=,A5UUQq2w7tQw3OYdSPRJjqNWhhc=
-6,55,KtkAGKk0frTPdQDp2tTnjFyz/ww=,A5UUQq2w7tQw3OYdSPRJjqNWhhc=
-3,50,KtkAGKk0frTPdQDp2tTnjFyz/ww=,A5UUQq2w7tQw3OYdSPRJjqNWhhc=
-7,55,KtkAGKk0frTPdQDp2tTnjFyz/ww=,A5UUQq2w7tQw3OYdSPRJjqNWhhc=
-8,55,KtkAGKk0frTPdQDp2tTnjFyz/ww=,A5UUQq2w7tQw3OYdSPRJjqNWhhc=
-3,52,KtkAGKk0frTPdQDp2tTnjFyz/ww=,A5UUQq2w7tQw3OYdSPRJjqNWhhc=
-10,48,0EF4yvWc6ArbJIL3sbSB07fXCdU=,1R1+VV/3mGT8tMrO174GqvXI3KQ=
-11,48,0EF4yvWc6ArbJIL3sbSB07fXCdU=,1R1+VV/3mGT8tMrO174GqvXI3KQ=
-10,50,0EF4yvWc6ArbJIL3sbSB07fXCdU=,1R1+VV/3mGT8tMrO174GqvXI3KQ=
-13,48,0EF4yvWc6ArbJIL3sbSB07fXCdU=,1R1+VV/3mGT8tMrO174GqvXI3KQ=
-11,50,0EF4yvWc6ArbJIL3sbSB07fXCdU=,1R1+VV/3mGT8tMrO174GqvXI3KQ=
-12,50,0EF4yvWc6ArbJIL3sbSB07fXCdU=,1R1+VV/3mGT8tMrO174GqvXI3KQ=
-12,48,0EF4yvWc6ArbJIL3sbSB07fXCdU=,1R1+VV/3mGT8tMrO174GqvXI3KQ=
-10,51,0EF4yvWc6ArbJIL3sbSB07fXCdU=,1R1+VV/3mGT8tMrO174GqvXI3KQ=
-11,51,0EF4yvWc6ArbJIL3sbSB07fXCdU=,1R1+VV/3mGT8tMrO174GqvXI3KQ=
-13,50,0EF4yvWc6ArbJIL3sbSB07fXCdU=,1R1+VV/3mGT8tMrO174GqvXI3KQ=
-14,50,0EF4yvWc6ArbJIL3sbSB07fXCdU=,1R1+VV/3mGT8tMrO174GqvXI3KQ=
-12,51,0EF4yvWc6ArbJIL3sbSB07fXCdU=,1R1+VV/3mGT8tMrO174GqvXI3KQ=
-13,51,0EF4yvWc6ArbJIL3sbSB07fXCdU=,1R1+VV/3mGT8tMrO174GqvXI3KQ=
-11,49,0EF4yvWc6ArbJIL3sbSB07fXCdU=,1R1+VV/3mGT8tMrO174GqvXI3KQ=
-12,49,0EF4yvWc6ArbJIL3sbSB07fXCdU=,1R1+VV/3mGT8tMrO174GqvXI3KQ=
-15,48,0EF4yvWc6ArbJIL3sbSB07fXCdU=,1R1+VV/3mGT8tMrO174GqvXI3KQ=
-15,50,0EF4yvWc6ArbJIL3sbSB07fXCdU=,1R1+VV/3mGT8tMrO174GqvXI3KQ=
-16,50,0EF4yvWc6ArbJIL3sbSB07fXCdU=,1R1+VV/3mGT8tMrO174GqvXI3KQ=
-9,49,0EF4yvWc6ArbJIL3sbSB07fXCdU=,1R1+VV/3mGT8tMrO174GqvXI3KQ=
-14,48,0EF4yvWc6ArbJIL3sbSB07fXCdU=,1R1+VV/3mGT8tMrO174GqvXI3KQ=
-9,54,0EF4yvWc6ArbJIL3sbSB07fXCdU=,1R1+VV/3mGT8tMrO174GqvXI3KQ=
-10,54,0EF4yvWc6ArbJIL3sbSB07fXCdU=,1R1+VV/3mGT8tMrO174GqvXI3KQ=
-11,54,0EF4yvWc6ArbJIL3sbSB07fXCdU=,1R1+VV/3mGT8tMrO174GqvXI3KQ=
-12,54,0EF4yvWc6ArbJIL3sbSB07fXCdU=,1R1+VV/3mGT8tMrO174GqvXI3KQ=
-13,54,0EF4yvWc6ArbJIL3sbSB07fXCdU=,1R1+VV/3mGT8tMrO174GqvXI3KQ=
-14,51,0EF4yvWc6ArbJIL3sbSB07fXCdU=,1R1+VV/3mGT8tMrO174GqvXI3KQ=
-9,53,0EF4yvWc6ArbJIL3sbSB07fXCdU=,1R1+VV/3mGT8tMrO174GqvXI3KQ=
-11,53,0EF4yvWc6ArbJIL3sbSB07fXCdU=,1R1+VV/3mGT8tMrO174GqvXI3KQ=
-10,53,0EF4yvWc6ArbJIL3sbSB07fXCdU=,1R1+VV/3mGT8tMrO174GqvXI3KQ=
-12,53,0EF4yvWc6ArbJIL3sbSB07fXCdU=,1R1+VV/3mGT8tMrO174GqvXI3KQ=
-13,53,0EF4yvWc6ArbJIL3sbSB07fXCdU=,1R1+VV/3mGT8tMrO174GqvXI3KQ=
-14,53,0EF4yvWc6ArbJIL3sbSB07fXCdU=,1R1+VV/3mGT8tMrO174GqvXI3KQ=
-13,49,0EF4yvWc6ArbJIL3sbSB07fXCdU=,1R1+VV/3mGT8tMrO174GqvXI3KQ=
-15,53,0EF4yvWc6ArbJIL3sbSB07fXCdU=,1R1+VV/3mGT8tMrO174GqvXI3KQ=
-15,51,0EF4yvWc6ArbJIL3sbSB07fXCdU=,1R1+VV/3mGT8tMrO174GqvXI3KQ=
-16,53,0EF4yvWc6ArbJIL3sbSB07fXCdU=,1R1+VV/3mGT8tMrO174GqvXI3KQ=
-10,49,0EF4yvWc6ArbJIL3sbSB07fXCdU=,1R1+VV/3mGT8tMrO174GqvXI3KQ=
-9,52,0EF4yvWc6ArbJIL3sbSB07fXCdU=,1R1+VV/3mGT8tMrO174GqvXI3KQ=
-10,52,0EF4yvWc6ArbJIL3sbSB07fXCdU=,1R1+VV/3mGT8tMrO174GqvXI3KQ=
-16,48,0EF4yvWc6ArbJIL3sbSB07fXCdU=,1R1+VV/3mGT8tMrO174GqvXI3KQ=
-11,52,0EF4yvWc6ArbJIL3sbSB07fXCdU=,1R1+VV/3mGT8tMrO174GqvXI3KQ=
-16,51,0EF4yvWc6ArbJIL3sbSB07fXCdU=,1R1+VV/3mGT8tMrO174GqvXI3KQ=
-12,52,0EF4yvWc6ArbJIL3sbSB07fXCdU=,1R1+VV/3mGT8tMrO174GqvXI3KQ=
-13,52,0EF4yvWc6ArbJIL3sbSB07fXCdU=,1R1+VV/3mGT8tMrO174GqvXI3KQ=
-14,49,0EF4yvWc6ArbJIL3sbSB07fXCdU=,1R1+VV/3mGT8tMrO174GqvXI3KQ=
-9,50,0EF4yvWc6ArbJIL3sbSB07fXCdU=,1R1+VV/3mGT8tMrO174GqvXI3KQ=
-14,52,0EF4yvWc6ArbJIL3sbSB07fXCdU=,1R1+VV/3mGT8tMrO174GqvXI3KQ=
-15,49,0EF4yvWc6ArbJIL3sbSB07fXCdU=,1R1+VV/3mGT8tMrO174GqvXI3KQ=
-15,52,0EF4yvWc6ArbJIL3sbSB07fXCdU=,1R1+VV/3mGT8tMrO174GqvXI3KQ=
-16,52,0EF4yvWc6ArbJIL3sbSB07fXCdU=,1R1+VV/3mGT8tMrO174GqvXI3KQ=
-9,51,0EF4yvWc6ArbJIL3sbSB07fXCdU=,1R1+VV/3mGT8tMrO174GqvXI3KQ=
-16,49,0EF4yvWc6ArbJIL3sbSB07fXCdU=,1R1+VV/3mGT8tMrO174GqvXI3KQ=
-9,48,0EF4yvWc6ArbJIL3sbSB07fXCdU=,1R1+VV/3mGT8tMrO174GqvXI3KQ=
-9,57,0EF4yvWc6ArbJIL3sbSB07fXCdU=,z+HRupPKGlm4exq1CKFI9ncOQQI=
-16,58,0EF4yvWc6ArbJIL3sbSB07fXCdU=,z+HRupPKGlm4exq1CKFI9ncOQQI=
-10,57,0EF4yvWc6ArbJIL3sbSB07fXCdU=,z+HRupPKGlm4exq1CKFI9ncOQQI=
-15,58,0EF4yvWc6ArbJIL3sbSB07fXCdU=,z+HRupPKGlm4exq1CKFI9ncOQQI=
-9,63,0EF4yvWc6ArbJIL3sbSB07fXCdU=,z+HRupPKGlm4exq1CKFI9ncOQQI=
-10,63,0EF4yvWc6ArbJIL3sbSB07fXCdU=,z+HRupPKGlm4exq1CKFI9ncOQQI=
-11,57,0EF4yvWc6ArbJIL3sbSB07fXCdU=,z+HRupPKGlm4exq1CKFI9ncOQQI=
-11,63,0EF4yvWc6ArbJIL3sbSB07fXCdU=,z+HRupPKGlm4exq1CKFI9ncOQQI=
-11,58,0EF4yvWc6ArbJIL3sbSB07fXCdU=,z+HRupPKGlm4exq1CKFI9ncOQQI=
-12,63,0EF4yvWc6ArbJIL3sbSB07fXCdU=,z+HRupPKGlm4exq1CKFI9ncOQQI=
-10,58,0EF4yvWc6ArbJIL3sbSB07fXCdU=,z+HRupPKGlm4exq1CKFI9ncOQQI=
-9,58,0EF4yvWc6ArbJIL3sbSB07fXCdU=,z+HRupPKGlm4exq1CKFI9ncOQQI=
-16,59,0EF4yvWc6ArbJIL3sbSB07fXCdU=,z+HRupPKGlm4exq1CKFI9ncOQQI=
-13,63,0EF4yvWc6ArbJIL3sbSB07fXCdU=,z+HRupPKGlm4exq1CKFI9ncOQQI=
-15,59,0EF4yvWc6ArbJIL3sbSB07fXCdU=,z+HRupPKGlm4exq1CKFI9ncOQQI=
-14,63,0EF4yvWc6ArbJIL3sbSB07fXCdU=,z+HRupPKGlm4exq1CKFI9ncOQQI=
-9,62,0EF4yvWc6ArbJIL3sbSB07fXCdU=,z+HRupPKGlm4exq1CKFI9ncOQQI=
-10,62,0EF4yvWc6ArbJIL3sbSB07fXCdU=,z+HRupPKGlm4exq1CKFI9ncOQQI=
-11,62,0EF4yvWc6ArbJIL3sbSB07fXCdU=,z+HRupPKGlm4exq1CKFI9ncOQQI=
-15,57,0EF4yvWc6ArbJIL3sbSB07fXCdU=,z+HRupPKGlm4exq1CKFI9ncOQQI=
-12,62,0EF4yvWc6ArbJIL3sbSB07fXCdU=,z+HRupPKGlm4exq1CKFI9ncOQQI=
-13,62,0EF4yvWc6ArbJIL3sbSB07fXCdU=,z+HRupPKGlm4exq1CKFI9ncOQQI=
-16,57,0EF4yvWc6ArbJIL3sbSB07fXCdU=,z+HRupPKGlm4exq1CKFI9ncOQQI=
-9,56,0EF4yvWc6ArbJIL3sbSB07fXCdU=,z+HRupPKGlm4exq1CKFI9ncOQQI=
-10,56,0EF4yvWc6ArbJIL3sbSB07fXCdU=,z+HRupPKGlm4exq1CKFI9ncOQQI=
-11,56,0EF4yvWc6ArbJIL3sbSB07fXCdU=,z+HRupPKGlm4exq1CKFI9ncOQQI=
-9,61,0EF4yvWc6ArbJIL3sbSB07fXCdU=,z+HRupPKGlm4exq1CKFI9ncOQQI=
-12,56,0EF4yvWc6ArbJIL3sbSB07fXCdU=,z+HRupPKGlm4exq1CKFI9ncOQQI=
-10,61,0EF4yvWc6ArbJIL3sbSB07fXCdU=,z+HRupPKGlm4exq1CKFI9ncOQQI=
-11,61,0EF4yvWc6ArbJIL3sbSB07fXCdU=,z+HRupPKGlm4exq1CKFI9ncOQQI=
-12,61,0EF4yvWc6ArbJIL3sbSB07fXCdU=,z+HRupPKGlm4exq1CKFI9ncOQQI=
-15,56,0EF4yvWc6ArbJIL3sbSB07fXCdU=,z+HRupPKGlm4exq1CKFI9ncOQQI=
-16,56,0EF4yvWc6ArbJIL3sbSB07fXCdU=,z+HRupPKGlm4exq1CKFI9ncOQQI=
-9,55,0EF4yvWc6ArbJIL3sbSB07fXCdU=,1R1+VV/3mGT8tMrO174GqvXI3KQ=
-10,55,0EF4yvWc6ArbJIL3sbSB07fXCdU=,1R1+VV/3mGT8tMrO174GqvXI3KQ=
-11,55,0EF4yvWc6ArbJIL3sbSB07fXCdU=,1R1+VV/3mGT8tMrO174GqvXI3KQ=
-12,55,0EF4yvWc6ArbJIL3sbSB07fXCdU=,1R1+VV/3mGT8tMrO174GqvXI3KQ=
-16,61,0EF4yvWc6ArbJIL3sbSB07fXCdU=,z+HRupPKGlm4exq1CKFI9ncOQQI=
-9,60,0EF4yvWc6ArbJIL3sbSB07fXCdU=,z+HRupPKGlm4exq1CKFI9ncOQQI=
-10,60,0EF4yvWc6ArbJIL3sbSB07fXCdU=,z+HRupPKGlm4exq1CKFI9ncOQQI=
-11,60,0EF4yvWc6ArbJIL3sbSB07fXCdU=,z+HRupPKGlm4exq1CKFI9ncOQQI=
-12,60,0EF4yvWc6ArbJIL3sbSB07fXCdU=,z+HRupPKGlm4exq1CKFI9ncOQQI=
-16,60,0EF4yvWc6ArbJIL3sbSB07fXCdU=,z+HRupPKGlm4exq1CKFI9ncOQQI=
-9,59,0EF4yvWc6ArbJIL3sbSB07fXCdU=,z+HRupPKGlm4exq1CKFI9ncOQQI=
-10,59,0EF4yvWc6ArbJIL3sbSB07fXCdU=,z+HRupPKGlm4exq1CKFI9ncOQQI=
-11,59,0EF4yvWc6ArbJIL3sbSB07fXCdU=,z+HRupPKGlm4exq1CKFI9ncOQQI=
-16,55,0EF4yvWc6ArbJIL3sbSB07fXCdU=,1R1+VV/3mGT8tMrO174GqvXI3KQ=
-14,58,0EF4yvWc6ArbJIL3sbSB07fXCdU=,z+HRupPKGlm4exq1CKFI9ncOQQI=
-12,57,0EF4yvWc6ArbJIL3sbSB07fXCdU=,z+HRupPKGlm4exq1CKFI9ncOQQI=
-14,62,0EF4yvWc6ArbJIL3sbSB07fXCdU=,z+HRupPKGlm4exq1CKFI9ncOQQI=
-13,55,0EF4yvWc6ArbJIL3sbSB07fXCdU=,1R1+VV/3mGT8tMrO174GqvXI3KQ=
-13,61,0EF4yvWc6ArbJIL3sbSB07fXCdU=,z+HRupPKGlm4exq1CKFI9ncOQQI=
-12,58,0EF4yvWc6ArbJIL3sbSB07fXCdU=,z+HRupPKGlm4exq1CKFI9ncOQQI=
-12,59,0EF4yvWc6ArbJIL3sbSB07fXCdU=,z+HRupPKGlm4exq1CKFI9ncOQQI=
-16,62,0EF4yvWc6ArbJIL3sbSB07fXCdU=,z+HRupPKGlm4exq1CKFI9ncOQQI=
-13,58,0EF4yvWc6ArbJIL3sbSB07fXCdU=,z+HRupPKGlm4exq1CKFI9ncOQQI=
-14,57,0EF4yvWc6ArbJIL3sbSB07fXCdU=,z+HRupPKGlm4exq1CKFI9ncOQQI=
-15,55,0EF4yvWc6ArbJIL3sbSB07fXCdU=,1R1+VV/3mGT8tMrO174GqvXI3KQ=
-14,59,0EF4yvWc6ArbJIL3sbSB07fXCdU=,z+HRupPKGlm4exq1CKFI9ncOQQI=
-15,60,0EF4yvWc6ArbJIL3sbSB07fXCdU=,z+HRupPKGlm4exq1CKFI9ncOQQI=
-13,56,0EF4yvWc6ArbJIL3sbSB07fXCdU=,z+HRupPKGlm4exq1CKFI9ncOQQI=
-16,54,0EF4yvWc6ArbJIL3sbSB07fXCdU=,1R1+VV/3mGT8tMrO174GqvXI3KQ=
-15,63,0EF4yvWc6ArbJIL3sbSB07fXCdU=,z+HRupPKGlm4exq1CKFI9ncOQQI=
-13,60,0EF4yvWc6ArbJIL3sbSB07fXCdU=,z+HRupPKGlm4exq1CKFI9ncOQQI=
-14,61,0EF4yvWc6ArbJIL3sbSB07fXCdU=,z+HRupPKGlm4exq1CKFI9ncOQQI=
-14,54,0EF4yvWc6ArbJIL3sbSB07fXCdU=,1R1+VV/3mGT8tMrO174GqvXI3KQ=
-15,61,0EF4yvWc6ArbJIL3sbSB07fXCdU=,z+HRupPKGlm4exq1CKFI9ncOQQI=
-14,56,0EF4yvWc6ArbJIL3sbSB07fXCdU=,z+HRupPKGlm4exq1CKFI9ncOQQI=
-13,59,0EF4yvWc6ArbJIL3sbSB07fXCdU=,z+HRupPKGlm4exq1CKFI9ncOQQI=
-13,57,0EF4yvWc6ArbJIL3sbSB07fXCdU=,z+HRupPKGlm4exq1CKFI9ncOQQI=
-15,54,0EF4yvWc6ArbJIL3sbSB07fXCdU=,1R1+VV/3mGT8tMrO174GqvXI3KQ=
-14,55,0EF4yvWc6ArbJIL3sbSB07fXCdU=,1R1+VV/3mGT8tMrO174GqvXI3KQ=
-16,63,0EF4yvWc6ArbJIL3sbSB07fXCdU=,z+HRupPKGlm4exq1CKFI9ncOQQI=
-14,60,0EF4yvWc6ArbJIL3sbSB07fXCdU=,z+HRupPKGlm4exq1CKFI9ncOQQI=
-15,62,0EF4yvWc6ArbJIL3sbSB07fXCdU=,z+HRupPKGlm4exq1CKFI9ncOQQI=
-29,35,9TqMKYmPqMJVkVhFxVzN3HFZR10=,2KGQll2XCIgUp2bukxHWjhlsWrI=
-30,34,eQ5YjN+8fzcNoh7dt55Bb07ID9o=,2KGQll2XCIgUp2bukxHWjhlsWrI=
-29,34,eQ5YjN+8fzcNoh7dt55Bb07ID9o=,2KGQll2XCIgUp2bukxHWjhlsWrI=
-28,34,eQ5YjN+8fzcNoh7dt55Bb07ID9o=,2KGQll2XCIgUp2bukxHWjhlsWrI=
-27,34,eQ5YjN+8fzcNoh7dt55Bb07ID9o=,2KGQll2XCIgUp2bukxHWjhlsWrI=
-26,34,eQ5YjN+8fzcNoh7dt55Bb07ID9o=,2KGQll2XCIgUp2bukxHWjhlsWrI=
-28,35,eQ5YjN+8fzcNoh7dt55Bb07ID9o=,2KGQll2XCIgUp2bukxHWjhlsWrI=
-26,37,eQ5YjN+8fzcNoh7dt55Bb07ID9o=,2KGQll2XCIgUp2bukxHWjhlsWrI=
-27,35,eQ5YjN+8fzcNoh7dt55Bb07ID9o=,2KGQll2XCIgUp2bukxHWjhlsWrI=
-26,35,eQ5YjN+8fzcNoh7dt55Bb07ID9o=,2KGQll2XCIgUp2bukxHWjhlsWrI=
-31,38,eQ5YjN+8fzcNoh7dt55Bb07ID9o=,2KGQll2XCIgUp2bukxHWjhlsWrI=
-26,36,eQ5YjN+8fzcNoh7dt55Bb07ID9o=,2KGQll2XCIgUp2bukxHWjhlsWrI=
-31,34,eQ5YjN+8fzcNoh7dt55Bb07ID9o=,2KGQll2XCIgUp2bukxHWjhlsWrI=
-30,38,eQ5YjN+8fzcNoh7dt55Bb07ID9o=,2KGQll2XCIgUp2bukxHWjhlsWrI=
-29,38,eQ5YjN+8fzcNoh7dt55Bb07ID9o=,2KGQll2XCIgUp2bukxHWjhlsWrI=
-26,38,eQ5YjN+8fzcNoh7dt55Bb07ID9o=,2KGQll2XCIgUp2bukxHWjhlsWrI=
-31,36,eQ5YjN+8fzcNoh7dt55Bb07ID9o=,2KGQll2XCIgUp2bukxHWjhlsWrI=
-30,36,eQ5YjN+8fzcNoh7dt55Bb07ID9o=,2KGQll2XCIgUp2bukxHWjhlsWrI=
-29,36,eQ5YjN+8fzcNoh7dt55Bb07ID9o=,2KGQll2XCIgUp2bukxHWjhlsWrI=
-28,36,eQ5YjN+8fzcNoh7dt55Bb07ID9o=,2KGQll2XCIgUp2bukxHWjhlsWrI=
-31,33,eQ5YjN+8fzcNoh7dt55Bb07ID9o=,2KGQll2XCIgUp2bukxHWjhlsWrI=
-30,33,eQ5YjN+8fzcNoh7dt55Bb07ID9o=,2KGQll2XCIgUp2bukxHWjhlsWrI=
-29,33,eQ5YjN+8fzcNoh7dt55Bb07ID9o=,2KGQll2XCIgUp2bukxHWjhlsWrI=
-27,36,eQ5YjN+8fzcNoh7dt55Bb07ID9o=,2KGQll2XCIgUp2bukxHWjhlsWrI=
-28,33,eQ5YjN+8fzcNoh7dt55Bb07ID9o=,2KGQll2XCIgUp2bukxHWjhlsWrI=
-31,37,eQ5YjN+8fzcNoh7dt55Bb07ID9o=,2KGQll2XCIgUp2bukxHWjhlsWrI=
-30,37,eQ5YjN+8fzcNoh7dt55Bb07ID9o=,2KGQll2XCIgUp2bukxHWjhlsWrI=
-27,33,eQ5YjN+8fzcNoh7dt55Bb07ID9o=,2KGQll2XCIgUp2bukxHWjhlsWrI=
-26,33,eQ5YjN+8fzcNoh7dt55Bb07ID9o=,2KGQll2XCIgUp2bukxHWjhlsWrI=
-29,37,eQ5YjN+8fzcNoh7dt55Bb07ID9o=,2KGQll2XCIgUp2bukxHWjhlsWrI=
-28,38,eQ5YjN+8fzcNoh7dt55Bb07ID9o=,2KGQll2XCIgUp2bukxHWjhlsWrI=
-28,37,eQ5YjN+8fzcNoh7dt55Bb07ID9o=,2KGQll2XCIgUp2bukxHWjhlsWrI=
-27,38,eQ5YjN+8fzcNoh7dt55Bb07ID9o=,2KGQll2XCIgUp2bukxHWjhlsWrI=
-27,37,eQ5YjN+8fzcNoh7dt55Bb07ID9o=,2KGQll2XCIgUp2bukxHWjhlsWrI=
-31,35,eQ5YjN+8fzcNoh7dt55Bb07ID9o=,2KGQll2XCIgUp2bukxHWjhlsWrI=
-30,35,eQ5YjN+8fzcNoh7dt55Bb07ID9o=,2KGQll2XCIgUp2bukxHWjhlsWrI=
-20,41,eQ5YjN+8fzcNoh7dt55Bb07ID9o=,OXOgDZol5OweIhKvMaKA6o2w7vo=
-19,41,eQ5YjN+8fzcNoh7dt55Bb07ID9o=,OXOgDZol5OweIhKvMaKA6o2w7vo=
-18,41,eQ5YjN+8fzcNoh7dt55Bb07ID9o=,OXOgDZol5OweIhKvMaKA6o2w7vo=
-17,41,eQ5YjN+8fzcNoh7dt55Bb07ID9o=,OXOgDZol5OweIhKvMaKA6o2w7vo=
-21,41,eQ5YjN+8fzcNoh7dt55Bb07ID9o=,OXOgDZol5OweIhKvMaKA6o2w7vo=
-23,42,eQ5YjN+8fzcNoh7dt55Bb07ID9o=,OXOgDZol5OweIhKvMaKA6o2w7vo=
-22,42,eQ5YjN+8fzcNoh7dt55Bb07ID9o=,OXOgDZol5OweIhKvMaKA6o2w7vo=
-21,42,eQ5YjN+8fzcNoh7dt55Bb07ID9o=,OXOgDZol5OweIhKvMaKA6o2w7vo=
-20,42,eQ5YjN+8fzcNoh7dt55Bb07ID9o=,OXOgDZol5OweIhKvMaKA6o2w7vo=
-19,42,eQ5YjN+8fzcNoh7dt55Bb07ID9o=,OXOgDZol5OweIhKvMaKA6o2w7vo=
-18,42,eQ5YjN+8fzcNoh7dt55Bb07ID9o=,OXOgDZol5OweIhKvMaKA6o2w7vo=
-22,41,eQ5YjN+8fzcNoh7dt55Bb07ID9o=,OXOgDZol5OweIhKvMaKA6o2w7vo=
-17,42,eQ5YjN+8fzcNoh7dt55Bb07ID9o=,OXOgDZol5OweIhKvMaKA6o2w7vo=
-23,43,eQ5YjN+8fzcNoh7dt55Bb07ID9o=,OXOgDZol5OweIhKvMaKA6o2w7vo=
-23,41,eQ5YjN+8fzcNoh7dt55Bb07ID9o=,OXOgDZol5OweIhKvMaKA6o2w7vo=
-17,46,eQ5YjN+8fzcNoh7dt55Bb07ID9o=,OXOgDZol5OweIhKvMaKA6o2w7vo=
-22,43,eQ5YjN+8fzcNoh7dt55Bb07ID9o=,OXOgDZol5OweIhKvMaKA6o2w7vo=
-21,43,eQ5YjN+8fzcNoh7dt55Bb07ID9o=,OXOgDZol5OweIhKvMaKA6o2w7vo=
-18,46,eQ5YjN+8fzcNoh7dt55Bb07ID9o=,OXOgDZol5OweIhKvMaKA6o2w7vo=
-19,46,eQ5YjN+8fzcNoh7dt55Bb07ID9o=,OXOgDZol5OweIhKvMaKA6o2w7vo=
-20,43,eQ5YjN+8fzcNoh7dt55Bb07ID9o=,OXOgDZol5OweIhKvMaKA6o2w7vo=
-20,46,eQ5YjN+8fzcNoh7dt55Bb07ID9o=,OXOgDZol5OweIhKvMaKA6o2w7vo=
-19,43,eQ5YjN+8fzcNoh7dt55Bb07ID9o=,OXOgDZol5OweIhKvMaKA6o2w7vo=
-18,43,eQ5YjN+8fzcNoh7dt55Bb07ID9o=,OXOgDZol5OweIhKvMaKA6o2w7vo=
-17,43,eQ5YjN+8fzcNoh7dt55Bb07ID9o=,OXOgDZol5OweIhKvMaKA6o2w7vo=
-23,44,eQ5YjN+8fzcNoh7dt55Bb07ID9o=,OXOgDZol5OweIhKvMaKA6o2w7vo=
-22,44,eQ5YjN+8fzcNoh7dt55Bb07ID9o=,OXOgDZol5OweIhKvMaKA6o2w7vo=
-21,44,eQ5YjN+8fzcNoh7dt55Bb07ID9o=,OXOgDZol5OweIhKvMaKA6o2w7vo=
-20,44,eQ5YjN+8fzcNoh7dt55Bb07ID9o=,OXOgDZol5OweIhKvMaKA6o2w7vo=
-19,44,eQ5YjN+8fzcNoh7dt55Bb07ID9o=,OXOgDZol5OweIhKvMaKA6o2w7vo=
-18,44,eQ5YjN+8fzcNoh7dt55Bb07ID9o=,OXOgDZol5OweIhKvMaKA6o2w7vo=
-17,44,eQ5YjN+8fzcNoh7dt55Bb07ID9o=,OXOgDZol5OweIhKvMaKA6o2w7vo=
-23,45,eQ5YjN+8fzcNoh7dt55Bb07ID9o=,OXOgDZol5OweIhKvMaKA6o2w7vo=
-22,45,eQ5YjN+8fzcNoh7dt55Bb07ID9o=,OXOgDZol5OweIhKvMaKA6o2w7vo=
-21,45,eQ5YjN+8fzcNoh7dt55Bb07ID9o=,OXOgDZol5OweIhKvMaKA6o2w7vo=
-20,45,eQ5YjN+8fzcNoh7dt55Bb07ID9o=,OXOgDZol5OweIhKvMaKA6o2w7vo=
-19,45,eQ5YjN+8fzcNoh7dt55Bb07ID9o=,OXOgDZol5OweIhKvMaKA6o2w7vo=
-18,45,eQ5YjN+8fzcNoh7dt55Bb07ID9o=,OXOgDZol5OweIhKvMaKA6o2w7vo=
-17,45,eQ5YjN+8fzcNoh7dt55Bb07ID9o=,OXOgDZol5OweIhKvMaKA6o2w7vo=
-23,46,eQ5YjN+8fzcNoh7dt55Bb07ID9o=,OXOgDZol5OweIhKvMaKA6o2w7vo=
-22,46,eQ5YjN+8fzcNoh7dt55Bb07ID9o=,OXOgDZol5OweIhKvMaKA6o2w7vo=
-21,46,eQ5YjN+8fzcNoh7dt55Bb07ID9o=,OXOgDZol5OweIhKvMaKA6o2w7vo=
-23,47,eQ5YjN+8fzcNoh7dt55Bb07ID9o=,OXOgDZol5OweIhKvMaKA6o2w7vo=
-22,47,eQ5YjN+8fzcNoh7dt55Bb07ID9o=,OXOgDZol5OweIhKvMaKA6o2w7vo=
-21,47,eQ5YjN+8fzcNoh7dt55Bb07ID9o=,OXOgDZol5OweIhKvMaKA6o2w7vo=
-20,47,eQ5YjN+8fzcNoh7dt55Bb07ID9o=,OXOgDZol5OweIhKvMaKA6o2w7vo=
-19,47,eQ5YjN+8fzcNoh7dt55Bb07ID9o=,OXOgDZol5OweIhKvMaKA6o2w7vo=
-18,47,eQ5YjN+8fzcNoh7dt55Bb07ID9o=,OXOgDZol5OweIhKvMaKA6o2w7vo=
-32,35,eQ5YjN+8fzcNoh7dt55Bb07ID9o=,2KGQll2XCIgUp2bukxHWjhlsWrI=
-32,38,eQ5YjN+8fzcNoh7dt55Bb07ID9o=,2KGQll2XCIgUp2bukxHWjhlsWrI=
-32,33,eQ5YjN+8fzcNoh7dt55Bb07ID9o=,2KGQll2XCIgUp2bukxHWjhlsWrI=
-32,36,eQ5YjN+8fzcNoh7dt55Bb07ID9o=,2KGQll2XCIgUp2bukxHWjhlsWrI=
-32,37,eQ5YjN+8fzcNoh7dt55Bb07ID9o=,2KGQll2XCIgUp2bukxHWjhlsWrI=
-32,34,eQ5YjN+8fzcNoh7dt55Bb07ID9o=,2KGQll2XCIgUp2bukxHWjhlsWrI=
-17,47,eQ5YjN+8fzcNoh7dt55Bb07ID9o=,OXOgDZol5OweIhKvMaKA6o2w7vo=
-31,32,eQ5YjN+8fzcNoh7dt55Bb07ID9o=,2KGQll2XCIgUp2bukxHWjhlsWrI=
-30,32,eQ5YjN+8fzcNoh7dt55Bb07ID9o=,2KGQll2XCIgUp2bukxHWjhlsWrI=
-27,32,eQ5YjN+8fzcNoh7dt55Bb07ID9o=,2KGQll2XCIgUp2bukxHWjhlsWrI=
-29,32,eQ5YjN+8fzcNoh7dt55Bb07ID9o=,2KGQll2XCIgUp2bukxHWjhlsWrI=
-32,32,eQ5YjN+8fzcNoh7dt55Bb07ID9o=,2KGQll2XCIgUp2bukxHWjhlsWrI=
-28,32,eQ5YjN+8fzcNoh7dt55Bb07ID9o=,2KGQll2XCIgUp2bukxHWjhlsWrI=
-26,32,eQ5YjN+8fzcNoh7dt55Bb07ID9o=,2KGQll2XCIgUp2bukxHWjhlsWrI=
-20,38,eQ5YjN+8fzcNoh7dt55Bb07ID9o=,t/iIZyWZ6nRGFp+8RfXHZ8nwp5s=
-21,38,eQ5YjN+8fzcNoh7dt55Bb07ID9o=,t/iIZyWZ6nRGFp+8RfXHZ8nwp5s=
-19,38,eQ5YjN+8fzcNoh7dt55Bb07ID9o=,t/iIZyWZ6nRGFp+8RfXHZ8nwp5s=
-22,38,eQ5YjN+8fzcNoh7dt55Bb07ID9o=,t/iIZyWZ6nRGFp+8RfXHZ8nwp5s=
-23,32,eQ5YjN+8fzcNoh7dt55Bb07ID9o=,t/iIZyWZ6nRGFp+8RfXHZ8nwp5s=
-22,32,eQ5YjN+8fzcNoh7dt55Bb07ID9o=,t/iIZyWZ6nRGFp+8RfXHZ8nwp5s=
-17,37,eQ5YjN+8fzcNoh7dt55Bb07ID9o=,t/iIZyWZ6nRGFp+8RfXHZ8nwp5s=
-21,32,eQ5YjN+8fzcNoh7dt55Bb07ID9o=,t/iIZyWZ6nRGFp+8RfXHZ8nwp5s=
-18,37,eQ5YjN+8fzcNoh7dt55Bb07ID9o=,t/iIZyWZ6nRGFp+8RfXHZ8nwp5s=
-20,32,eQ5YjN+8fzcNoh7dt55Bb07ID9o=,t/iIZyWZ6nRGFp+8RfXHZ8nwp5s=
-17,40,eQ5YjN+8fzcNoh7dt55Bb07ID9o=,OXOgDZol5OweIhKvMaKA6o2w7vo=
-18,40,eQ5YjN+8fzcNoh7dt55Bb07ID9o=,OXOgDZol5OweIhKvMaKA6o2w7vo=
-19,32,eQ5YjN+8fzcNoh7dt55Bb07ID9o=,t/iIZyWZ6nRGFp+8RfXHZ8nwp5s=
-19,37,eQ5YjN+8fzcNoh7dt55Bb07ID9o=,t/iIZyWZ6nRGFp+8RfXHZ8nwp5s=
-25,36,eQ5YjN+8fzcNoh7dt55Bb07ID9o=,2KGQll2XCIgUp2bukxHWjhlsWrI=
-19,40,eQ5YjN+8fzcNoh7dt55Bb07ID9o=,OXOgDZol5OweIhKvMaKA6o2w7vo=
-18,32,eQ5YjN+8fzcNoh7dt55Bb07ID9o=,t/iIZyWZ6nRGFp+8RfXHZ8nwp5s=
-20,40,eQ5YjN+8fzcNoh7dt55Bb07ID9o=,OXOgDZol5OweIhKvMaKA6o2w7vo=
-25,35,eQ5YjN+8fzcNoh7dt55Bb07ID9o=,2KGQll2XCIgUp2bukxHWjhlsWrI=
-18,38,eQ5YjN+8fzcNoh7dt55Bb07ID9o=,t/iIZyWZ6nRGFp+8RfXHZ8nwp5s=
-21,40,eQ5YjN+8fzcNoh7dt55Bb07ID9o=,OXOgDZol5OweIhKvMaKA6o2w7vo=
-22,40,eQ5YjN+8fzcNoh7dt55Bb07ID9o=,OXOgDZol5OweIhKvMaKA6o2w7vo=
-17,32,eQ5YjN+8fzcNoh7dt55Bb07ID9o=,t/iIZyWZ6nRGFp+8RfXHZ8nwp5s=
-20,37,eQ5YjN+8fzcNoh7dt55Bb07ID9o=,t/iIZyWZ6nRGFp+8RfXHZ8nwp5s=
-23,40,eQ5YjN+8fzcNoh7dt55Bb07ID9o=,OXOgDZol5OweIhKvMaKA6o2w7vo=
-21,37,eQ5YjN+8fzcNoh7dt55Bb07ID9o=,t/iIZyWZ6nRGFp+8RfXHZ8nwp5s=
-23,33,eQ5YjN+8fzcNoh7dt55Bb07ID9o=,t/iIZyWZ6nRGFp+8RfXHZ8nwp5s=
-25,37,eQ5YjN+8fzcNoh7dt55Bb07ID9o=,2KGQll2XCIgUp2bukxHWjhlsWrI=
-22,33,eQ5YjN+8fzcNoh7dt55Bb07ID9o=,t/iIZyWZ6nRGFp+8RfXHZ8nwp5s=
-17,36,eQ5YjN+8fzcNoh7dt55Bb07ID9o=,t/iIZyWZ6nRGFp+8RfXHZ8nwp5s=
-21,33,eQ5YjN+8fzcNoh7dt55Bb07ID9o=,t/iIZyWZ6nRGFp+8RfXHZ8nwp5s=
-20,33,eQ5YjN+8fzcNoh7dt55Bb07ID9o=,t/iIZyWZ6nRGFp+8RfXHZ8nwp5s=
-19,33,eQ5YjN+8fzcNoh7dt55Bb07ID9o=,t/iIZyWZ6nRGFp+8RfXHZ8nwp5s=
-18,33,eQ5YjN+8fzcNoh7dt55Bb07ID9o=,t/iIZyWZ6nRGFp+8RfXHZ8nwp5s=
-17,33,eQ5YjN+8fzcNoh7dt55Bb07ID9o=,t/iIZyWZ6nRGFp+8RfXHZ8nwp5s=
-17,38,eQ5YjN+8fzcNoh7dt55Bb07ID9o=,t/iIZyWZ6nRGFp+8RfXHZ8nwp5s=
-32,41,eQ5YjN+8fzcNoh7dt55Bb07ID9o=,l15WJesMOA7gZNpEx3eEQ7tRVv4=
-31,41,eQ5YjN+8fzcNoh7dt55Bb07ID9o=,l15WJesMOA7gZNpEx3eEQ7tRVv4=
-30,41,eQ5YjN+8fzcNoh7dt55Bb07ID9o=,l15WJesMOA7gZNpEx3eEQ7tRVv4=
-29,41,eQ5YjN+8fzcNoh7dt55Bb07ID9o=,l15WJesMOA7gZNpEx3eEQ7tRVv4=
-28,41,eQ5YjN+8fzcNoh7dt55Bb07ID9o=,l15WJesMOA7gZNpEx3eEQ7tRVv4=
-27,41,eQ5YjN+8fzcNoh7dt55Bb07ID9o=,l15WJesMOA7gZNpEx3eEQ7tRVv4=
-26,41,eQ5YjN+8fzcNoh7dt55Bb07ID9o=,l15WJesMOA7gZNpEx3eEQ7tRVv4=
-26,40,eQ5YjN+8fzcNoh7dt55Bb07ID9o=,l15WJesMOA7gZNpEx3eEQ7tRVv4=
-32,42,eQ5YjN+8fzcNoh7dt55Bb07ID9o=,l15WJesMOA7gZNpEx3eEQ7tRVv4=
-18,36,eQ5YjN+8fzcNoh7dt55Bb07ID9o=,t/iIZyWZ6nRGFp+8RfXHZ8nwp5s=
-31,42,eQ5YjN+8fzcNoh7dt55Bb07ID9o=,l15WJesMOA7gZNpEx3eEQ7tRVv4=
-27,40,eQ5YjN+8fzcNoh7dt55Bb07ID9o=,l15WJesMOA7gZNpEx3eEQ7tRVv4=
-26,39,eQ5YjN+8fzcNoh7dt55Bb07ID9o=,2KGQll2XCIgUp2bukxHWjhlsWrI=
-30,42,eQ5YjN+8fzcNoh7dt55Bb07ID9o=,l15WJesMOA7gZNpEx3eEQ7tRVv4=
-19,36,eQ5YjN+8fzcNoh7dt55Bb07ID9o=,t/iIZyWZ6nRGFp+8RfXHZ8nwp5s=
-29,42,eQ5YjN+8fzcNoh7dt55Bb07ID9o=,l15WJesMOA7gZNpEx3eEQ7tRVv4=
-28,40,eQ5YjN+8fzcNoh7dt55Bb07ID9o=,l15WJesMOA7gZNpEx3eEQ7tRVv4=
-28,42,eQ5YjN+8fzcNoh7dt55Bb07ID9o=,l15WJesMOA7gZNpEx3eEQ7tRVv4=
-27,42,eQ5YjN+8fzcNoh7dt55Bb07ID9o=,l15WJesMOA7gZNpEx3eEQ7tRVv4=
-26,42,eQ5YjN+8fzcNoh7dt55Bb07ID9o=,l15WJesMOA7gZNpEx3eEQ7tRVv4=
-32,40,eQ5YjN+8fzcNoh7dt55Bb07ID9o=,l15WJesMOA7gZNpEx3eEQ7tRVv4=
-32,43,eQ5YjN+8fzcNoh7dt55Bb07ID9o=,l15WJesMOA7gZNpEx3eEQ7tRVv4=
-31,43,eQ5YjN+8fzcNoh7dt55Bb07ID9o=,l15WJesMOA7gZNpEx3eEQ7tRVv4=
-30,43,eQ5YjN+8fzcNoh7dt55Bb07ID9o=,l15WJesMOA7gZNpEx3eEQ7tRVv4=
-31,40,eQ5YjN+8fzcNoh7dt55Bb07ID9o=,l15WJesMOA7gZNpEx3eEQ7tRVv4=
-29,43,eQ5YjN+8fzcNoh7dt55Bb07ID9o=,l15WJesMOA7gZNpEx3eEQ7tRVv4=
-28,43,eQ5YjN+8fzcNoh7dt55Bb07ID9o=,l15WJesMOA7gZNpEx3eEQ7tRVv4=
-32,44,eQ5YjN+8fzcNoh7dt55Bb07ID9o=,l15WJesMOA7gZNpEx3eEQ7tRVv4=
-31,44,eQ5YjN+8fzcNoh7dt55Bb07ID9o=,l15WJesMOA7gZNpEx3eEQ7tRVv4=
-30,44,eQ5YjN+8fzcNoh7dt55Bb07ID9o=,l15WJesMOA7gZNpEx3eEQ7tRVv4=
-32,39,eQ5YjN+8fzcNoh7dt55Bb07ID9o=,2KGQll2XCIgUp2bukxHWjhlsWrI=
-29,44,eQ5YjN+8fzcNoh7dt55Bb07ID9o=,l15WJesMOA7gZNpEx3eEQ7tRVv4=
-28,44,eQ5YjN+8fzcNoh7dt55Bb07ID9o=,l15WJesMOA7gZNpEx3eEQ7tRVv4=
-28,47,eQ5YjN+8fzcNoh7dt55Bb07ID9o=,l15WJesMOA7gZNpEx3eEQ7tRVv4=
-30,40,eQ5YjN+8fzcNoh7dt55Bb07ID9o=,l15WJesMOA7gZNpEx3eEQ7tRVv4=
-32,45,eQ5YjN+8fzcNoh7dt55Bb07ID9o=,l15WJesMOA7gZNpEx3eEQ7tRVv4=
-31,39,eQ5YjN+8fzcNoh7dt55Bb07ID9o=,2KGQll2XCIgUp2bukxHWjhlsWrI=
-31,45,eQ5YjN+8fzcNoh7dt55Bb07ID9o=,l15WJesMOA7gZNpEx3eEQ7tRVv4=
-30,45,eQ5YjN+8fzcNoh7dt55Bb07ID9o=,l15WJesMOA7gZNpEx3eEQ7tRVv4=
-27,47,eQ5YjN+8fzcNoh7dt55Bb07ID9o=,l15WJesMOA7gZNpEx3eEQ7tRVv4=
-29,47,eQ5YjN+8fzcNoh7dt55Bb07ID9o=,l15WJesMOA7gZNpEx3eEQ7tRVv4=
-30,47,eQ5YjN+8fzcNoh7dt55Bb07ID9o=,l15WJesMOA7gZNpEx3eEQ7tRVv4=
-31,47,eQ5YjN+8fzcNoh7dt55Bb07ID9o=,l15WJesMOA7gZNpEx3eEQ7tRVv4=
-32,47,eQ5YjN+8fzcNoh7dt55Bb07ID9o=,l15WJesMOA7gZNpEx3eEQ7tRVv4=
-27,39,eQ5YjN+8fzcNoh7dt55Bb07ID9o=,2KGQll2XCIgUp2bukxHWjhlsWrI=
-28,46,eQ5YjN+8fzcNoh7dt55Bb07ID9o=,l15WJesMOA7gZNpEx3eEQ7tRVv4=
-24,46,eQ5YjN+8fzcNoh7dt55Bb07ID9o=,OXOgDZol5OweIhKvMaKA6o2w7vo=
-28,39,eQ5YjN+8fzcNoh7dt55Bb07ID9o=,2KGQll2XCIgUp2bukxHWjhlsWrI=
-29,40,eQ5YjN+8fzcNoh7dt55Bb07ID9o=,l15WJesMOA7gZNpEx3eEQ7tRVv4=
-29,46,eQ5YjN+8fzcNoh7dt55Bb07ID9o=,l15WJesMOA7gZNpEx3eEQ7tRVv4=
-29,39,eQ5YjN+8fzcNoh7dt55Bb07ID9o=,2KGQll2XCIgUp2bukxHWjhlsWrI=
-30,46,eQ5YjN+8fzcNoh7dt55Bb07ID9o=,l15WJesMOA7gZNpEx3eEQ7tRVv4=
-32,46,eQ5YjN+8fzcNoh7dt55Bb07ID9o=,l15WJesMOA7gZNpEx3eEQ7tRVv4=
-31,46,eQ5YjN+8fzcNoh7dt55Bb07ID9o=,l15WJesMOA7gZNpEx3eEQ7tRVv4=
-24,45,eQ5YjN+8fzcNoh7dt55Bb07ID9o=,OXOgDZol5OweIhKvMaKA6o2w7vo=
-29,45,eQ5YjN+8fzcNoh7dt55Bb07ID9o=,l15WJesMOA7gZNpEx3eEQ7tRVv4=
-28,45,eQ5YjN+8fzcNoh7dt55Bb07ID9o=,l15WJesMOA7gZNpEx3eEQ7tRVv4=
-24,37,eQ5YjN+8fzcNoh7dt55Bb07ID9o=,t/iIZyWZ6nRGFp+8RfXHZ8nwp5s=
-24,44,eQ5YjN+8fzcNoh7dt55Bb07ID9o=,OXOgDZol5OweIhKvMaKA6o2w7vo=
-24,47,eQ5YjN+8fzcNoh7dt55Bb07ID9o=,OXOgDZol5OweIhKvMaKA6o2w7vo=
-30,39,eQ5YjN+8fzcNoh7dt55Bb07ID9o=,2KGQll2XCIgUp2bukxHWjhlsWrI=
-21,36,eQ5YjN+8fzcNoh7dt55Bb07ID9o=,t/iIZyWZ6nRGFp+8RfXHZ8nwp5s=
-20,36,eQ5YjN+8fzcNoh7dt55Bb07ID9o=,t/iIZyWZ6nRGFp+8RfXHZ8nwp5s=
-25,38,eQ5YjN+8fzcNoh7dt55Bb07ID9o=,2KGQll2XCIgUp2bukxHWjhlsWrI=
-24,41,eQ5YjN+8fzcNoh7dt55Bb07ID9o=,OXOgDZol5OweIhKvMaKA6o2w7vo=
-22,37,eQ5YjN+8fzcNoh7dt55Bb07ID9o=,t/iIZyWZ6nRGFp+8RfXHZ8nwp5s=
-24,40,eQ5YjN+8fzcNoh7dt55Bb07ID9o=,OXOgDZol5OweIhKvMaKA6o2w7vo=
-26,45,eQ5YjN+8fzcNoh7dt55Bb07ID9o=,l15WJesMOA7gZNpEx3eEQ7tRVv4=
-24,43,eQ5YjN+8fzcNoh7dt55Bb07ID9o=,OXOgDZol5OweIhKvMaKA6o2w7vo=
-26,47,eQ5YjN+8fzcNoh7dt55Bb07ID9o=,l15WJesMOA7gZNpEx3eEQ7tRVv4=
-27,43,eQ5YjN+8fzcNoh7dt55Bb07ID9o=,l15WJesMOA7gZNpEx3eEQ7tRVv4=
-25,40,eQ5YjN+8fzcNoh7dt55Bb07ID9o=,l15WJesMOA7gZNpEx3eEQ7tRVv4=
-25,41,eQ5YjN+8fzcNoh7dt55Bb07ID9o=,l15WJesMOA7gZNpEx3eEQ7tRVv4=
-26,43,eQ5YjN+8fzcNoh7dt55Bb07ID9o=,l15WJesMOA7gZNpEx3eEQ7tRVv4=
-25,39,eQ5YjN+8fzcNoh7dt55Bb07ID9o=,2KGQll2XCIgUp2bukxHWjhlsWrI=
-24,42,eQ5YjN+8fzcNoh7dt55Bb07ID9o=,OXOgDZol5OweIhKvMaKA6o2w7vo=
-23,38,eQ5YjN+8fzcNoh7dt55Bb07ID9o=,t/iIZyWZ6nRGFp+8RfXHZ8nwp5s=
-27,46,eQ5YjN+8fzcNoh7dt55Bb07ID9o=,l15WJesMOA7gZNpEx3eEQ7tRVv4=
-24,36,eQ5YjN+8fzcNoh7dt55Bb07ID9o=,t/iIZyWZ6nRGFp+8RfXHZ8nwp5s=
-17,35,eQ5YjN+8fzcNoh7dt55Bb07ID9o=,t/iIZyWZ6nRGFp+8RfXHZ8nwp5s=
-18,35,eQ5YjN+8fzcNoh7dt55Bb07ID9o=,t/iIZyWZ6nRGFp+8RfXHZ8nwp5s=
-19,35,eQ5YjN+8fzcNoh7dt55Bb07ID9o=,t/iIZyWZ6nRGFp+8RfXHZ8nwp5s=
-20,35,eQ5YjN+8fzcNoh7dt55Bb07ID9o=,t/iIZyWZ6nRGFp+8RfXHZ8nwp5s=
-21,35,eQ5YjN+8fzcNoh7dt55Bb07ID9o=,t/iIZyWZ6nRGFp+8RfXHZ8nwp5s=
-24,39,eQ5YjN+8fzcNoh7dt55Bb07ID9o=,t/iIZyWZ6nRGFp+8RfXHZ8nwp5s=
-23,36,eQ5YjN+8fzcNoh7dt55Bb07ID9o=,t/iIZyWZ6nRGFp+8RfXHZ8nwp5s=
-24,38,eQ5YjN+8fzcNoh7dt55Bb07ID9o=,t/iIZyWZ6nRGFp+8RfXHZ8nwp5s=
-17,34,eQ5YjN+8fzcNoh7dt55Bb07ID9o=,t/iIZyWZ6nRGFp+8RfXHZ8nwp5s=
-18,34,eQ5YjN+8fzcNoh7dt55Bb07ID9o=,t/iIZyWZ6nRGFp+8RfXHZ8nwp5s=
-19,34,eQ5YjN+8fzcNoh7dt55Bb07ID9o=,t/iIZyWZ6nRGFp+8RfXHZ8nwp5s=
-17,39,eQ5YjN+8fzcNoh7dt55Bb07ID9o=,t/iIZyWZ6nRGFp+8RfXHZ8nwp5s=
-20,34,eQ5YjN+8fzcNoh7dt55Bb07ID9o=,t/iIZyWZ6nRGFp+8RfXHZ8nwp5s=
-18,39,eQ5YjN+8fzcNoh7dt55Bb07ID9o=,t/iIZyWZ6nRGFp+8RfXHZ8nwp5s=
-21,34,eQ5YjN+8fzcNoh7dt55Bb07ID9o=,t/iIZyWZ6nRGFp+8RfXHZ8nwp5s=
-19,39,eQ5YjN+8fzcNoh7dt55Bb07ID9o=,t/iIZyWZ6nRGFp+8RfXHZ8nwp5s=
-27,44,eQ5YjN+8fzcNoh7dt55Bb07ID9o=,l15WJesMOA7gZNpEx3eEQ7tRVv4=
-20,39,eQ5YjN+8fzcNoh7dt55Bb07ID9o=,t/iIZyWZ6nRGFp+8RfXHZ8nwp5s=
-21,39,eQ5YjN+8fzcNoh7dt55Bb07ID9o=,t/iIZyWZ6nRGFp+8RfXHZ8nwp5s=
-22,39,eQ5YjN+8fzcNoh7dt55Bb07ID9o=,t/iIZyWZ6nRGFp+8RfXHZ8nwp5s=
-23,39,eQ5YjN+8fzcNoh7dt55Bb07ID9o=,t/iIZyWZ6nRGFp+8RfXHZ8nwp5s=
-25,44,eQ5YjN+8fzcNoh7dt55Bb07ID9o=,l15WJesMOA7gZNpEx3eEQ7tRVv4=
-22,34,eQ5YjN+8fzcNoh7dt55Bb07ID9o=,t/iIZyWZ6nRGFp+8RfXHZ8nwp5s=
-25,43,eQ5YjN+8fzcNoh7dt55Bb07ID9o=,l15WJesMOA7gZNpEx3eEQ7tRVv4=
-25,47,eQ5YjN+8fzcNoh7dt55Bb07ID9o=,l15WJesMOA7gZNpEx3eEQ7tRVv4=
-25,34,eQ5YjN+8fzcNoh7dt55Bb07ID9o=,2KGQll2XCIgUp2bukxHWjhlsWrI=
-25,46,eQ5YjN+8fzcNoh7dt55Bb07ID9o=,l15WJesMOA7gZNpEx3eEQ7tRVv4=
-27,45,eQ5YjN+8fzcNoh7dt55Bb07ID9o=,l15WJesMOA7gZNpEx3eEQ7tRVv4=
-26,46,eQ5YjN+8fzcNoh7dt55Bb07ID9o=,l15WJesMOA7gZNpEx3eEQ7tRVv4=
-26,44,eQ5YjN+8fzcNoh7dt55Bb07ID9o=,l15WJesMOA7gZNpEx3eEQ7tRVv4=
-25,45,eQ5YjN+8fzcNoh7dt55Bb07ID9o=,l15WJesMOA7gZNpEx3eEQ7tRVv4=
-22,36,eQ5YjN+8fzcNoh7dt55Bb07ID9o=,t/iIZyWZ6nRGFp+8RfXHZ8nwp5s=
-25,33,eQ5YjN+8fzcNoh7dt55Bb07ID9o=,2KGQll2XCIgUp2bukxHWjhlsWrI=
-24,35,eQ5YjN+8fzcNoh7dt55Bb07ID9o=,t/iIZyWZ6nRGFp+8RfXHZ8nwp5s=
-25,42,eQ5YjN+8fzcNoh7dt55Bb07ID9o=,l15WJesMOA7gZNpEx3eEQ7tRVv4=
-23,37,eQ5YjN+8fzcNoh7dt55Bb07ID9o=,t/iIZyWZ6nRGFp+8RfXHZ8nwp5s=
-25,32,eQ5YjN+8fzcNoh7dt55Bb07ID9o=,2KGQll2XCIgUp2bukxHWjhlsWrI=
-24,33,eQ5YjN+8fzcNoh7dt55Bb07ID9o=,t/iIZyWZ6nRGFp+8RfXHZ8nwp5s=
-23,34,eQ5YjN+8fzcNoh7dt55Bb07ID9o=,t/iIZyWZ6nRGFp+8RfXHZ8nwp5s=
-24,34,eQ5YjN+8fzcNoh7dt55Bb07ID9o=,t/iIZyWZ6nRGFp+8RfXHZ8nwp5s=
-22,35,eQ5YjN+8fzcNoh7dt55Bb07ID9o=,t/iIZyWZ6nRGFp+8RfXHZ8nwp5s=
-23,35,eQ5YjN+8fzcNoh7dt55Bb07ID9o=,t/iIZyWZ6nRGFp+8RfXHZ8nwp5s=
-24,32,eQ5YjN+8fzcNoh7dt55Bb07ID9o=,t/iIZyWZ6nRGFp+8RfXHZ8nwp5s=
-24,57,1XGrDZ+jd4/aOXBqquvhUQ9P7tI=,KaLQXJy2U3NVssqKZIRlXcEkXOU=
-21,62,1XGrDZ+jd4/aOXBqquvhUQ9P7tI=,KaLQXJy2U3NVssqKZIRlXcEkXOU=
-22,62,1XGrDZ+jd4/aOXBqquvhUQ9P7tI=,KaLQXJy2U3NVssqKZIRlXcEkXOU=
-23,62,1XGrDZ+jd4/aOXBqquvhUQ9P7tI=,KaLQXJy2U3NVssqKZIRlXcEkXOU=
-24,62,1XGrDZ+jd4/aOXBqquvhUQ9P7tI=,KaLQXJy2U3NVssqKZIRlXcEkXOU=
-22,61,1XGrDZ+jd4/aOXBqquvhUQ9P7tI=,KaLQXJy2U3NVssqKZIRlXcEkXOU=
-23,61,1XGrDZ+jd4/aOXBqquvhUQ9P7tI=,KaLQXJy2U3NVssqKZIRlXcEkXOU=
-24,61,1XGrDZ+jd4/aOXBqquvhUQ9P7tI=,KaLQXJy2U3NVssqKZIRlXcEkXOU=
-18,60,gZ0/wZuiyCKTYCsUSs8TYpu+ilM=,KaLQXJy2U3NVssqKZIRlXcEkXOU=
-23,60,gZ0/wZuiyCKTYCsUSs8TYpu+ilM=,KaLQXJy2U3NVssqKZIRlXcEkXOU=
-24,60,gZ0/wZuiyCKTYCsUSs8TYpu+ilM=,KaLQXJy2U3NVssqKZIRlXcEkXOU=
-18,59,gZ0/wZuiyCKTYCsUSs8TYpu+ilM=,KaLQXJy2U3NVssqKZIRlXcEkXOU=
-19,59,gZ0/wZuiyCKTYCsUSs8TYpu+ilM=,KaLQXJy2U3NVssqKZIRlXcEkXOU=
-20,59,gZ0/wZuiyCKTYCsUSs8TYpu+ilM=,KaLQXJy2U3NVssqKZIRlXcEkXOU=
-21,59,gZ0/wZuiyCKTYCsUSs8TYpu+ilM=,KaLQXJy2U3NVssqKZIRlXcEkXOU=
-22,59,gZ0/wZuiyCKTYCsUSs8TYpu+ilM=,KaLQXJy2U3NVssqKZIRlXcEkXOU=
-23,59,gZ0/wZuiyCKTYCsUSs8TYpu+ilM=,KaLQXJy2U3NVssqKZIRlXcEkXOU=
-24,59,gZ0/wZuiyCKTYCsUSs8TYpu+ilM=,KaLQXJy2U3NVssqKZIRlXcEkXOU=
-18,58,gZ0/wZuiyCKTYCsUSs8TYpu+ilM=,KaLQXJy2U3NVssqKZIRlXcEkXOU=
-19,58,gZ0/wZuiyCKTYCsUSs8TYpu+ilM=,KaLQXJy2U3NVssqKZIRlXcEkXOU=
-20,58,gZ0/wZuiyCKTYCsUSs8TYpu+ilM=,KaLQXJy2U3NVssqKZIRlXcEkXOU=
-21,58,gZ0/wZuiyCKTYCsUSs8TYpu+ilM=,KaLQXJy2U3NVssqKZIRlXcEkXOU=
-22,58,gZ0/wZuiyCKTYCsUSs8TYpu+ilM=,KaLQXJy2U3NVssqKZIRlXcEkXOU=
-23,58,gZ0/wZuiyCKTYCsUSs8TYpu+ilM=,KaLQXJy2U3NVssqKZIRlXcEkXOU=
-24,58,gZ0/wZuiyCKTYCsUSs8TYpu+ilM=,KaLQXJy2U3NVssqKZIRlXcEkXOU=
-22,57,gZ0/wZuiyCKTYCsUSs8TYpu+ilM=,KaLQXJy2U3NVssqKZIRlXcEkXOU=
-23,57,gZ0/wZuiyCKTYCsUSs8TYpu+ilM=,KaLQXJy2U3NVssqKZIRlXcEkXOU=
-32,49,gZ0/wZuiyCKTYCsUSs8TYpu+ilM=,30lT8SZRs88O5j63GmCyjO3lBkM=
-28,51,gZ0/wZuiyCKTYCsUSs8TYpu+ilM=,30lT8SZRs88O5j63GmCyjO3lBkM=
-26,53,gZ0/wZuiyCKTYCsUSs8TYpu+ilM=,30lT8SZRs88O5j63GmCyjO3lBkM=
-32,54,gZ0/wZuiyCKTYCsUSs8TYpu+ilM=,30lT8SZRs88O5j63GmCyjO3lBkM=
-31,54,gZ0/wZuiyCKTYCsUSs8TYpu+ilM=,30lT8SZRs88O5j63GmCyjO3lBkM=
-27,51,gZ0/wZuiyCKTYCsUSs8TYpu+ilM=,30lT8SZRs88O5j63GmCyjO3lBkM=
-30,54,gZ0/wZuiyCKTYCsUSs8TYpu+ilM=,30lT8SZRs88O5j63GmCyjO3lBkM=
-29,54,gZ0/wZuiyCKTYCsUSs8TYpu+ilM=,30lT8SZRs88O5j63GmCyjO3lBkM=
-26,55,gZ0/wZuiyCKTYCsUSs8TYpu+ilM=,30lT8SZRs88O5j63GmCyjO3lBkM=
-30,48,gZ0/wZuiyCKTYCsUSs8TYpu+ilM=,30lT8SZRs88O5j63GmCyjO3lBkM=
-30,50,gZ0/wZuiyCKTYCsUSs8TYpu+ilM=,30lT8SZRs88O5j63GmCyjO3lBkM=
-26,51,gZ0/wZuiyCKTYCsUSs8TYpu+ilM=,30lT8SZRs88O5j63GmCyjO3lBkM=
-26,48,gZ0/wZuiyCKTYCsUSs8TYpu+ilM=,30lT8SZRs88O5j63GmCyjO3lBkM=
-29,50,gZ0/wZuiyCKTYCsUSs8TYpu+ilM=,30lT8SZRs88O5j63GmCyjO3lBkM=
-28,50,gZ0/wZuiyCKTYCsUSs8TYpu+ilM=,30lT8SZRs88O5j63GmCyjO3lBkM=
-27,50,gZ0/wZuiyCKTYCsUSs8TYpu+ilM=,30lT8SZRs88O5j63GmCyjO3lBkM=
-31,49,gZ0/wZuiyCKTYCsUSs8TYpu+ilM=,30lT8SZRs88O5j63GmCyjO3lBkM=
-30,49,gZ0/wZuiyCKTYCsUSs8TYpu+ilM=,30lT8SZRs88O5j63GmCyjO3lBkM=
-29,49,gZ0/wZuiyCKTYCsUSs8TYpu+ilM=,30lT8SZRs88O5j63GmCyjO3lBkM=
-32,52,gZ0/wZuiyCKTYCsUSs8TYpu+ilM=,30lT8SZRs88O5j63GmCyjO3lBkM=
-28,54,gZ0/wZuiyCKTYCsUSs8TYpu+ilM=,30lT8SZRs88O5j63GmCyjO3lBkM=
-26,50,gZ0/wZuiyCKTYCsUSs8TYpu+ilM=,30lT8SZRs88O5j63GmCyjO3lBkM=
-31,52,gZ0/wZuiyCKTYCsUSs8TYpu+ilM=,30lT8SZRs88O5j63GmCyjO3lBkM=
-30,52,gZ0/wZuiyCKTYCsUSs8TYpu+ilM=,30lT8SZRs88O5j63GmCyjO3lBkM=
-29,48,gZ0/wZuiyCKTYCsUSs8TYpu+ilM=,30lT8SZRs88O5j63GmCyjO3lBkM=
-29,52,gZ0/wZuiyCKTYCsUSs8TYpu+ilM=,30lT8SZRs88O5j63GmCyjO3lBkM=
-28,48,gZ0/wZuiyCKTYCsUSs8TYpu+ilM=,30lT8SZRs88O5j63GmCyjO3lBkM=
-28,49,gZ0/wZuiyCKTYCsUSs8TYpu+ilM=,30lT8SZRs88O5j63GmCyjO3lBkM=
-32,51,gZ0/wZuiyCKTYCsUSs8TYpu+ilM=,30lT8SZRs88O5j63GmCyjO3lBkM=
-28,52,gZ0/wZuiyCKTYCsUSs8TYpu+ilM=,30lT8SZRs88O5j63GmCyjO3lBkM=
-27,48,gZ0/wZuiyCKTYCsUSs8TYpu+ilM=,30lT8SZRs88O5j63GmCyjO3lBkM=
-27,52,gZ0/wZuiyCKTYCsUSs8TYpu+ilM=,30lT8SZRs88O5j63GmCyjO3lBkM=
-26,52,gZ0/wZuiyCKTYCsUSs8TYpu+ilM=,30lT8SZRs88O5j63GmCyjO3lBkM=
-32,53,gZ0/wZuiyCKTYCsUSs8TYpu+ilM=,30lT8SZRs88O5j63GmCyjO3lBkM=
-31,53,gZ0/wZuiyCKTYCsUSs8TYpu+ilM=,30lT8SZRs88O5j63GmCyjO3lBkM=
-30,53,gZ0/wZuiyCKTYCsUSs8TYpu+ilM=,30lT8SZRs88O5j63GmCyjO3lBkM=
-29,53,gZ0/wZuiyCKTYCsUSs8TYpu+ilM=,30lT8SZRs88O5j63GmCyjO3lBkM=
-28,53,gZ0/wZuiyCKTYCsUSs8TYpu+ilM=,30lT8SZRs88O5j63GmCyjO3lBkM=
-31,51,gZ0/wZuiyCKTYCsUSs8TYpu+ilM=,30lT8SZRs88O5j63GmCyjO3lBkM=
-27,49,gZ0/wZuiyCKTYCsUSs8TYpu+ilM=,30lT8SZRs88O5j63GmCyjO3lBkM=
-26,49,gZ0/wZuiyCKTYCsUSs8TYpu+ilM=,30lT8SZRs88O5j63GmCyjO3lBkM=
-27,53,gZ0/wZuiyCKTYCsUSs8TYpu+ilM=,30lT8SZRs88O5j63GmCyjO3lBkM=
-30,51,gZ0/wZuiyCKTYCsUSs8TYpu+ilM=,30lT8SZRs88O5j63GmCyjO3lBkM=
-26,54,gZ0/wZuiyCKTYCsUSs8TYpu+ilM=,30lT8SZRs88O5j63GmCyjO3lBkM=
-32,50,gZ0/wZuiyCKTYCsUSs8TYpu+ilM=,30lT8SZRs88O5j63GmCyjO3lBkM=
-29,51,gZ0/wZuiyCKTYCsUSs8TYpu+ilM=,30lT8SZRs88O5j63GmCyjO3lBkM=
-31,50,gZ0/wZuiyCKTYCsUSs8TYpu+ilM=,30lT8SZRs88O5j63GmCyjO3lBkM=
-31,55,gZ0/wZuiyCKTYCsUSs8TYpu+ilM=,30lT8SZRs88O5j63GmCyjO3lBkM=
-30,55,gZ0/wZuiyCKTYCsUSs8TYpu+ilM=,30lT8SZRs88O5j63GmCyjO3lBkM=
-29,55,gZ0/wZuiyCKTYCsUSs8TYpu+ilM=,30lT8SZRs88O5j63GmCyjO3lBkM=
-28,55,gZ0/wZuiyCKTYCsUSs8TYpu+ilM=,30lT8SZRs88O5j63GmCyjO3lBkM=
-27,55,gZ0/wZuiyCKTYCsUSs8TYpu+ilM=,30lT8SZRs88O5j63GmCyjO3lBkM=
-27,54,gZ0/wZuiyCKTYCsUSs8TYpu+ilM=,30lT8SZRs88O5j63GmCyjO3lBkM=
-31,48,gZ0/wZuiyCKTYCsUSs8TYpu+ilM=,30lT8SZRs88O5j63GmCyjO3lBkM=
-32,48,gZ0/wZuiyCKTYCsUSs8TYpu+ilM=,30lT8SZRs88O5j63GmCyjO3lBkM=
-32,55,gZ0/wZuiyCKTYCsUSs8TYpu+ilM=,30lT8SZRs88O5j63GmCyjO3lBkM=
-23,63,gZ0/wZuiyCKTYCsUSs8TYpu+ilM=,KaLQXJy2U3NVssqKZIRlXcEkXOU=
-22,63,gZ0/wZuiyCKTYCsUSs8TYpu+ilM=,KaLQXJy2U3NVssqKZIRlXcEkXOU=
-21,63,gZ0/wZuiyCKTYCsUSs8TYpu+ilM=,KaLQXJy2U3NVssqKZIRlXcEkXOU=
-24,63,gZ0/wZuiyCKTYCsUSs8TYpu+ilM=,KaLQXJy2U3NVssqKZIRlXcEkXOU=
-20,63,gZ0/wZuiyCKTYCsUSs8TYpu+ilM=,KaLQXJy2U3NVssqKZIRlXcEkXOU=
-17,57,gZ0/wZuiyCKTYCsUSs8TYpu+ilM=,KaLQXJy2U3NVssqKZIRlXcEkXOU=
-17,58,gZ0/wZuiyCKTYCsUSs8TYpu+ilM=,KaLQXJy2U3NVssqKZIRlXcEkXOU=
-17,59,gZ0/wZuiyCKTYCsUSs8TYpu+ilM=,KaLQXJy2U3NVssqKZIRlXcEkXOU=
-17,60,gZ0/wZuiyCKTYCsUSs8TYpu+ilM=,KaLQXJy2U3NVssqKZIRlXcEkXOU=
-17,61,gZ0/wZuiyCKTYCsUSs8TYpu+ilM=,KaLQXJy2U3NVssqKZIRlXcEkXOU=
-17,62,gZ0/wZuiyCKTYCsUSs8TYpu+ilM=,KaLQXJy2U3NVssqKZIRlXcEkXOU=
-17,63,gZ0/wZuiyCKTYCsUSs8TYpu+ilM=,KaLQXJy2U3NVssqKZIRlXcEkXOU=
-20,62,gZ0/wZuiyCKTYCsUSs8TYpu+ilM=,KaLQXJy2U3NVssqKZIRlXcEkXOU=
-20,49,gZ0/wZuiyCKTYCsUSs8TYpu+ilM=,Ts3brnc5WBVUP+Lo44LGczufLro=
-19,49,gZ0/wZuiyCKTYCsUSs8TYpu+ilM=,Ts3brnc5WBVUP+Lo44LGczufLro=
-18,49,gZ0/wZuiyCKTYCsUSs8TYpu+ilM=,Ts3brnc5WBVUP+Lo44LGczufLro=
-17,49,gZ0/wZuiyCKTYCsUSs8TYpu+ilM=,Ts3brnc5WBVUP+Lo44LGczufLro=
-25,53,gZ0/wZuiyCKTYCsUSs8TYpu+ilM=,30lT8SZRs88O5j63GmCyjO3lBkM=
-21,50,gZ0/wZuiyCKTYCsUSs8TYpu+ilM=,Ts3brnc5WBVUP+Lo44LGczufLro=
-22,50,gZ0/wZuiyCKTYCsUSs8TYpu+ilM=,Ts3brnc5WBVUP+Lo44LGczufLro=
-20,50,gZ0/wZuiyCKTYCsUSs8TYpu+ilM=,Ts3brnc5WBVUP+Lo44LGczufLro=
-19,50,gZ0/wZuiyCKTYCsUSs8TYpu+ilM=,Ts3brnc5WBVUP+Lo44LGczufLro=
-18,50,gZ0/wZuiyCKTYCsUSs8TYpu+ilM=,Ts3brnc5WBVUP+Lo44LGczufLro=
-17,50,gZ0/wZuiyCKTYCsUSs8TYpu+ilM=,Ts3brnc5WBVUP+Lo44LGczufLro=
-23,51,gZ0/wZuiyCKTYCsUSs8TYpu+ilM=,Ts3brnc5WBVUP+Lo44LGczufLro=
-22,51,gZ0/wZuiyCKTYCsUSs8TYpu+ilM=,Ts3brnc5WBVUP+Lo44LGczufLro=
-25,55,gZ0/wZuiyCKTYCsUSs8TYpu+ilM=,30lT8SZRs88O5j63GmCyjO3lBkM=
-21,51,gZ0/wZuiyCKTYCsUSs8TYpu+ilM=,Ts3brnc5WBVUP+Lo44LGczufLro=
-19,51,gZ0/wZuiyCKTYCsUSs8TYpu+ilM=,Ts3brnc5WBVUP+Lo44LGczufLro=
-20,51,gZ0/wZuiyCKTYCsUSs8TYpu+ilM=,Ts3brnc5WBVUP+Lo44LGczufLro=
-18,51,gZ0/wZuiyCKTYCsUSs8TYpu+ilM=,Ts3brnc5WBVUP+Lo44LGczufLro=
-17,51,gZ0/wZuiyCKTYCsUSs8TYpu+ilM=,Ts3brnc5WBVUP+Lo44LGczufLro=
-22,52,gZ0/wZuiyCKTYCsUSs8TYpu+ilM=,Ts3brnc5WBVUP+Lo44LGczufLro=
-21,52,gZ0/wZuiyCKTYCsUSs8TYpu+ilM=,Ts3brnc5WBVUP+Lo44LGczufLro=
-20,52,gZ0/wZuiyCKTYCsUSs8TYpu+ilM=,Ts3brnc5WBVUP+Lo44LGczufLro=
-18,62,gZ0/wZuiyCKTYCsUSs8TYpu+ilM=,KaLQXJy2U3NVssqKZIRlXcEkXOU=
-25,51,gZ0/wZuiyCKTYCsUSs8TYpu+ilM=,30lT8SZRs88O5j63GmCyjO3lBkM=
-19,52,gZ0/wZuiyCKTYCsUSs8TYpu+ilM=,Ts3brnc5WBVUP+Lo44LGczufLro=
-17,52,gZ0/wZuiyCKTYCsUSs8TYpu+ilM=,Ts3brnc5WBVUP+Lo44LGczufLro=
-18,52,gZ0/wZuiyCKTYCsUSs8TYpu+ilM=,Ts3brnc5WBVUP+Lo44LGczufLro=
-24,53,gZ0/wZuiyCKTYCsUSs8TYpu+ilM=,Ts3brnc5WBVUP+Lo44LGczufLro=
-21,53,gZ0/wZuiyCKTYCsUSs8TYpu+ilM=,Ts3brnc5WBVUP+Lo44LGczufLro=
-20,53,gZ0/wZuiyCKTYCsUSs8TYpu+ilM=,Ts3brnc5WBVUP+Lo44LGczufLro=
-19,53,gZ0/wZuiyCKTYCsUSs8TYpu+ilM=,Ts3brnc5WBVUP+Lo44LGczufLro=
-18,61,gZ0/wZuiyCKTYCsUSs8TYpu+ilM=,KaLQXJy2U3NVssqKZIRlXcEkXOU=
-18,63,gZ0/wZuiyCKTYCsUSs8TYpu+ilM=,KaLQXJy2U3NVssqKZIRlXcEkXOU=
-21,49,gZ0/wZuiyCKTYCsUSs8TYpu+ilM=,Ts3brnc5WBVUP+Lo44LGczufLro=
-22,49,gZ0/wZuiyCKTYCsUSs8TYpu+ilM=,Ts3brnc5WBVUP+Lo44LGczufLro=
-17,56,gZ0/wZuiyCKTYCsUSs8TYpu+ilM=,KaLQXJy2U3NVssqKZIRlXcEkXOU=
-20,61,gZ0/wZuiyCKTYCsUSs8TYpu+ilM=,KaLQXJy2U3NVssqKZIRlXcEkXOU=
-25,54,gZ0/wZuiyCKTYCsUSs8TYpu+ilM=,30lT8SZRs88O5j63GmCyjO3lBkM=
-17,48,gZ0/wZuiyCKTYCsUSs8TYpu+ilM=,Ts3brnc5WBVUP+Lo44LGczufLro=
-18,48,gZ0/wZuiyCKTYCsUSs8TYpu+ilM=,Ts3brnc5WBVUP+Lo44LGczufLro=
-19,48,gZ0/wZuiyCKTYCsUSs8TYpu+ilM=,Ts3brnc5WBVUP+Lo44LGczufLro=
-20,48,gZ0/wZuiyCKTYCsUSs8TYpu+ilM=,Ts3brnc5WBVUP+Lo44LGczufLro=
-21,48,gZ0/wZuiyCKTYCsUSs8TYpu+ilM=,Ts3brnc5WBVUP+Lo44LGczufLro=
-22,60,gZ0/wZuiyCKTYCsUSs8TYpu+ilM=,KaLQXJy2U3NVssqKZIRlXcEkXOU=
-22,48,gZ0/wZuiyCKTYCsUSs8TYpu+ilM=,Ts3brnc5WBVUP+Lo44LGczufLro=
-23,48,gZ0/wZuiyCKTYCsUSs8TYpu+ilM=,Ts3brnc5WBVUP+Lo44LGczufLro=
-25,49,gZ0/wZuiyCKTYCsUSs8TYpu+ilM=,30lT8SZRs88O5j63GmCyjO3lBkM=
-23,50,gZ0/wZuiyCKTYCsUSs8TYpu+ilM=,Ts3brnc5WBVUP+Lo44LGczufLro=
-25,52,gZ0/wZuiyCKTYCsUSs8TYpu+ilM=,30lT8SZRs88O5j63GmCyjO3lBkM=
-25,48,gZ0/wZuiyCKTYCsUSs8TYpu+ilM=,30lT8SZRs88O5j63GmCyjO3lBkM=
-24,48,gZ0/wZuiyCKTYCsUSs8TYpu+ilM=,Ts3brnc5WBVUP+Lo44LGczufLro=
-21,61,gZ0/wZuiyCKTYCsUSs8TYpu+ilM=,KaLQXJy2U3NVssqKZIRlXcEkXOU=
-19,60,gZ0/wZuiyCKTYCsUSs8TYpu+ilM=,KaLQXJy2U3NVssqKZIRlXcEkXOU=
-17,53,gZ0/wZuiyCKTYCsUSs8TYpu+ilM=,Ts3brnc5WBVUP+Lo44LGczufLro=
-20,60,gZ0/wZuiyCKTYCsUSs8TYpu+ilM=,KaLQXJy2U3NVssqKZIRlXcEkXOU=
-24,54,gZ0/wZuiyCKTYCsUSs8TYpu+ilM=,Ts3brnc5WBVUP+Lo44LGczufLro=
-19,62,gZ0/wZuiyCKTYCsUSs8TYpu+ilM=,KaLQXJy2U3NVssqKZIRlXcEkXOU=
-24,55,gZ0/wZuiyCKTYCsUSs8TYpu+ilM=,Ts3brnc5WBVUP+Lo44LGczufLro=
-19,54,gZ0/wZuiyCKTYCsUSs8TYpu+ilM=,Ts3brnc5WBVUP+Lo44LGczufLro=
-17,55,gZ0/wZuiyCKTYCsUSs8TYpu+ilM=,Ts3brnc5WBVUP+Lo44LGczufLro=
-22,55,gZ0/wZuiyCKTYCsUSs8TYpu+ilM=,Ts3brnc5WBVUP+Lo44LGczufLro=
-23,49,gZ0/wZuiyCKTYCsUSs8TYpu+ilM=,Ts3brnc5WBVUP+Lo44LGczufLro=
-18,54,gZ0/wZuiyCKTYCsUSs8TYpu+ilM=,Ts3brnc5WBVUP+Lo44LGczufLro=
-25,50,gZ0/wZuiyCKTYCsUSs8TYpu+ilM=,30lT8SZRs88O5j63GmCyjO3lBkM=
-21,54,gZ0/wZuiyCKTYCsUSs8TYpu+ilM=,Ts3brnc5WBVUP+Lo44LGczufLro=
-20,54,gZ0/wZuiyCKTYCsUSs8TYpu+ilM=,Ts3brnc5WBVUP+Lo44LGczufLro=
-22,54,gZ0/wZuiyCKTYCsUSs8TYpu+ilM=,Ts3brnc5WBVUP+Lo44LGczufLro=
-19,56,gZ0/wZuiyCKTYCsUSs8TYpu+ilM=,KaLQXJy2U3NVssqKZIRlXcEkXOU=
-21,57,gZ0/wZuiyCKTYCsUSs8TYpu+ilM=,KaLQXJy2U3NVssqKZIRlXcEkXOU=
-24,56,gZ0/wZuiyCKTYCsUSs8TYpu+ilM=,KaLQXJy2U3NVssqKZIRlXcEkXOU=
-20,57,gZ0/wZuiyCKTYCsUSs8TYpu+ilM=,KaLQXJy2U3NVssqKZIRlXcEkXOU=
-19,57,gZ0/wZuiyCKTYCsUSs8TYpu+ilM=,KaLQXJy2U3NVssqKZIRlXcEkXOU=
-24,50,gZ0/wZuiyCKTYCsUSs8TYpu+ilM=,Ts3brnc5WBVUP+Lo44LGczufLro=
-21,60,gZ0/wZuiyCKTYCsUSs8TYpu+ilM=,KaLQXJy2U3NVssqKZIRlXcEkXOU=
-18,53,gZ0/wZuiyCKTYCsUSs8TYpu+ilM=,Ts3brnc5WBVUP+Lo44LGczufLro=
-20,55,gZ0/wZuiyCKTYCsUSs8TYpu+ilM=,Ts3brnc5WBVUP+Lo44LGczufLro=
-18,56,gZ0/wZuiyCKTYCsUSs8TYpu+ilM=,KaLQXJy2U3NVssqKZIRlXcEkXOU=
-18,57,gZ0/wZuiyCKTYCsUSs8TYpu+ilM=,KaLQXJy2U3NVssqKZIRlXcEkXOU=
-21,55,gZ0/wZuiyCKTYCsUSs8TYpu+ilM=,Ts3brnc5WBVUP+Lo44LGczufLro=
-24,51,gZ0/wZuiyCKTYCsUSs8TYpu+ilM=,Ts3brnc5WBVUP+Lo44LGczufLro=
-22,53,gZ0/wZuiyCKTYCsUSs8TYpu+ilM=,Ts3brnc5WBVUP+Lo44LGczufLro=
-23,53,gZ0/wZuiyCKTYCsUSs8TYpu+ilM=,Ts3brnc5WBVUP+Lo44LGczufLro=
-23,52,gZ0/wZuiyCKTYCsUSs8TYpu+ilM=,Ts3brnc5WBVUP+Lo44LGczufLro=
-23,55,gZ0/wZuiyCKTYCsUSs8TYpu+ilM=,Ts3brnc5WBVUP+Lo44LGczufLro=
-18,55,gZ0/wZuiyCKTYCsUSs8TYpu+ilM=,Ts3brnc5WBVUP+Lo44LGczufLro=
-20,56,gZ0/wZuiyCKTYCsUSs8TYpu+ilM=,KaLQXJy2U3NVssqKZIRlXcEkXOU=
-19,63,gZ0/wZuiyCKTYCsUSs8TYpu+ilM=,KaLQXJy2U3NVssqKZIRlXcEkXOU=
-21,56,gZ0/wZuiyCKTYCsUSs8TYpu+ilM=,KaLQXJy2U3NVssqKZIRlXcEkXOU=
-23,56,gZ0/wZuiyCKTYCsUSs8TYpu+ilM=,KaLQXJy2U3NVssqKZIRlXcEkXOU=
-22,56,gZ0/wZuiyCKTYCsUSs8TYpu+ilM=,KaLQXJy2U3NVssqKZIRlXcEkXOU=
-19,61,gZ0/wZuiyCKTYCsUSs8TYpu+ilM=,KaLQXJy2U3NVssqKZIRlXcEkXOU=
-17,54,gZ0/wZuiyCKTYCsUSs8TYpu+ilM=,Ts3brnc5WBVUP+Lo44LGczufLro=
-19,55,gZ0/wZuiyCKTYCsUSs8TYpu+ilM=,Ts3brnc5WBVUP+Lo44LGczufLro=
-24,52,gZ0/wZuiyCKTYCsUSs8TYpu+ilM=,Ts3brnc5WBVUP+Lo44LGczufLro=
-24,49,gZ0/wZuiyCKTYCsUSs8TYpu+ilM=,Ts3brnc5WBVUP+Lo44LGczufLro=
-23,54,gZ0/wZuiyCKTYCsUSs8TYpu+ilM=,Ts3brnc5WBVUP+Lo44LGczufLro=
