28,67,56v6AVRV1Im3Eu2YcHrXvNVNNsA=,QjPPCbBK4GYuHMwHVTXT9t677G0=
26,67,56v6AVRV1Im3Eu2YcHrXvNVNNsA=,QjPPCbBK4GYuHMwHVTXT9t677G0=
27,67,56v6AVRV1Im3Eu2YcHrXvNVNNsA=,QjPPCbBK4GYuHMwHVTXT9t677G0=
25,67,56v6AVRV1Im3Eu2YcHrXvNVNNsA=,QjPPCbBK4GYuHMwHVTXT9t677G0=
30,66,56v6AVRV1Im3Eu2YcHrXvNVNNsA=,QjPPCbBK4GYuHMwHVTXT9t677G0=
29,66,56v6AVRV1Im3Eu2YcHrXvNVNNsA=,QjPPCbBK4GYuHMwHVTXT9t677G0=
28,66,56v6AVRV1Im3Eu2YcHrXvNVNNsA=,QjPPCbBK4GYuHMwHVTXT9t677G0=
27,66,56v6AVRV1Im3Eu2YcHrXvNVNNsA=,QjPPCbBK4GYuHMwHVTXT9t677G0=
26,66,56v6AVRV1Im3Eu2YcHrXvNVNNsA=,QjPPCbBK4GYuHMwHVTXT9t677G0=
25,66,56v6AVRV1Im3Eu2YcHrXvNVNNsA=,QjPPCbBK4GYuHMwHVTXT9t677G0=
30,70,56v6AVRV1Im3Eu2YcHrXvNVNNsA=,QjPPCbBK4GYuHMwHVTXT9t677G0=
30,65,56v6AVRV1Im3Eu2YcHrXvNVNNsA=,QjPPCbBK4GYuHMwHVTXT9t677G0=
29,70,56v6AVRV1Im3Eu2YcHrXvNVNNsA=,QjPPCbBK4GYuHMwHVTXT9t677G0=
29,65,56v6AVRV1Im3Eu2YcHrXvNVNNsA=,QjPPCbBK4GYuHMwHVTXT9t677G0=
28,65,56v6AVRV1Im3Eu2YcHrXvNVNNsA=,QjPPCbBK4GYuHMwHVTXT9t677G0=
27,65,56v6AVRV1Im3Eu2YcHrXvNVNNsA=,QjPPCbBK4GYuHMwHVTXT9t677G0=
28,70,56v6AVRV1Im3Eu2YcHrXvNVNNsA=,QjPPCbBK4GYuHMwHVTXT9t677G0=
26,65,56v6AVRV1Im3Eu2YcHrXvNVNNsA=,QjPPCbBK4GYuHMwHVTXT9t677G0=
25,65,56v6AVRV1Im3Eu2YcHrXvNVNNsA=,QjPPCbBK4GYuHMwHVTXT9t677G0=
27,70,56v6AVRV1Im3Eu2YcHrXvNVNNsA=,QjPPCbBK4GYuHMwHVTXT9t677G0=
26,70,56v6AVRV1Im3Eu2YcHrXvNVNNsA=,QjPPCbBK4GYuHMwHVTXT9t677G0=
25,70,56v6AVRV1Im3Eu2YcHrXvNVNNsA=,QjPPCbBK4GYuHMwHVTXT9t677G0=
30,69,56v6AVRV1Im3Eu2YcHrXvNVNNsA=,QjPPCbBK4GYuHMwHVTXT9t677G0=
29,69,56v6AVRV1Im3Eu2YcHrXvNVNNsA=,QjPPCbBK4GYuHMwHVTXT9t677G0=
28,69,56v6AVRV1Im3Eu2YcHrXvNVNNsA=,QjPPCbBK4GYuHMwHVTXT9t677G0=
27,69,56v6AVRV1Im3Eu2YcHrXvNVNNsA=,QjPPCbBK4GYuHMwHVTXT9t677G0=
26,69,56v6AVRV1Im3Eu2YcHrXvNVNNsA=,QjPPCbBK4GYuHMwHVTXT9t677G0=
25,69,56v6AVRV1Im3Eu2YcHrXvNVNNsA=,QjPPCbBK4GYuHMwHVTXT9t677G0=
30,68,56v6AVRV1Im3Eu2YcHrXvNVNNsA=,QjPPCbBK4GYuHMwHVTXT9t677G0=
29,68,56v6AVRV1Im3Eu2YcHrXvNVNNsA=,QjPPCbBK4GYuHMwHVTXT9t677G0=
28,68,56v6AVRV1Im3Eu2YcHrXvNVNNsA=,QjPPCbBK4GYuHMwHVTXT9t677G0=
27,68,56v6AVRV1Im3Eu2YcHrXvNVNNsA=,QjPPCbBK4GYuHMwHVTXT9t677G0=
26,68,56v6AVRV1Im3Eu2YcHrXvNVNNsA=,QjPPCbBK4GYuHMwHVTXT9t677G0=
25,68,56v6AVRV1Im3Eu2YcHrXvNVNNsA=,QjPPCbBK4GYuHMwHVTXT9t677G0=
30,67,56v6AVRV1Im3Eu2YcHrXvNVNNsA=,QjPPCbBK4GYuHMwHVTXT9t677G0=
29,67,56v6AVRV1Im3Eu2YcHrXvNVNNsA=,QjPPCbBK4GYuHMwHVTXT9t677G0=
31,67,56v6AVRV1Im3Eu2YcHrXvNVNNsA=,QjPPCbBK4GYuHMwHVTXT9t677G0=
31,66,56v6AVRV1Im3Eu2YcHrXvNVNNsA=,QjPPCbBK4GYuHMwHVTXT9t677G0=
31,70,56v6AVRV1Im3Eu2YcHrXvNVNNsA=,QjPPCbBK4GYuHMwHVTXT9t677G0=
31,65,56v6AVRV1Im3Eu2YcHrXvNVNNsA=,QjPPCbBK4GYuHMwHVTXT9t677G0=
31,69,56v6AVRV1Im3Eu2YcHrXvNVNNsA=,QjPPCbBK4GYuHMwHVTXT9t677G0=
31,68,56v6AVRV1Im3Eu2YcHrXvNVNNsA=,QjPPCbBK4GYuHMwHVTXT9t677G0=
25,64,56v6AVRV1Im3Eu2YcHrXvNVNNsA=,QjPPCbBK4GYuHMwHVTXT9t677G0=
30,64,56v6AVRV1Im3Eu2YcHrXvNVNNsA=,QjPPCbBK4GYuHMwHVTXT9t677G0=
29,64,56v6AVRV1Im3Eu2YcHrXvNVNNsA=,QjPPCbBK4GYuHMwHVTXT9t677G0=
28,64,56v6AVRV1Im3Eu2YcHrXvNVNNsA=,QjPPCbBK4GYuHMwHVTXT9t677G0=
27,64,56v6AVRV1Im3Eu2YcHrXvNVNNsA=,QjPPCbBK4GYuHMwHVTXT9t677G0=
26,64,56v6AVRV1Im3Eu2YcHrXvNVNNsA=,QjPPCbBK4GYuHMwHVTXT9t677G0=
31,64,56v6AVRV1Im3Eu2YcHrXvNVNNsA=,QjPPCbBK4GYuHMwHVTXT9t677G0=
22,79,T5Nlz4Bwo8t8euvK6MQP47puLKc=,JdIs2/boPkctPREpl37eZ4j+TKM=
21,79,T5Nlz4Bwo8t8euvK6MQP47puLKc=,JdIs2/boPkctPREpl37eZ4j+TKM=
20,79,7CWn9FQDr/zFypiEv3iCGpbihtg=,JdIs2/boPkctPREpl37eZ4j+TKM=
17,75,T5Nlz4Bwo8t8euvK6MQP47puLKc=,JdIs2/boPkctPREpl37eZ4j+TKM=
22,74,T5Nlz4Bwo8t8euvK6MQP47puLKc=,JdIs2/boPkctPREpl37eZ4j+TKM=
16,75,T5Nlz4Bwo8t8euvK6MQP47puLKc=,JdIs2/boPkctPREpl37eZ4j+TKM=
18,75,T5Nlz4Bwo8t8euvK6MQP47puLKc=,JdIs2/boPkctPREpl37eZ4j+TKM=
19,75,T5Nlz4Bwo8t8euvK6MQP47puLKc=,JdIs2/boPkctPREpl37eZ4j+TKM=
20,75,T5Nlz4Bwo8t8euvK6MQP47puLKc=,JdIs2/boPkctPREpl37eZ4j+TKM=
21,75,T5Nlz4Bwo8t8euvK6MQP47puLKc=,JdIs2/boPkctPREpl37eZ4j+TKM=
21,74,T5Nlz4Bwo8t8euvK6MQP47puLKc=,JdIs2/boPkctPREpl37eZ4j+TKM=
19,74,T5Nlz4Bwo8t8euvK6MQP47puLKc=,JdIs2/boPkctPREpl37eZ4j+TKM=
18,74,T5Nlz4Bwo8t8euvK6MQP47puLKc=,JdIs2/boPkctPREpl37eZ4j+TKM=
18,79,T5Nlz4Bwo8t8euvK6MQP47puLKc=,JdIs2/boPkctPREpl37eZ4j+TKM=
19,79,KSIz7KLk0kRmuvUCBGVOtKpPp+o=,JdIs2/boPkctPREpl37eZ4j+TKM=
17,74,T5Nlz4Bwo8t8euvK6MQP47puLKc=,JdIs2/boPkctPREpl37eZ4j+TKM=
16,74,T5Nlz4Bwo8t8euvK6MQP47puLKc=,JdIs2/boPkctPREpl37eZ4j+TKM=
17,79,T5Nlz4Bwo8t8euvK6MQP47puLKc=,JdIs2/boPkctPREpl37eZ4j+TKM=
16,79,T5Nlz4Bwo8t8euvK6MQP47puLKc=,JdIs2/boPkctPREpl37eZ4j+TKM=
22,78,T5Nlz4Bwo8t8euvK6MQP47puLKc=,JdIs2/boPkctPREpl37eZ4j+TKM=
21,78,T5Nlz4Bwo8t8euvK6MQP47puLKc=,JdIs2/boPkctPREpl37eZ4j+TKM=
19,78,T5Nlz4Bwo8t8euvK6MQP47puLKc=,JdIs2/boPkctPREpl37eZ4j+TKM=
20,78,T5Nlz4Bwo8t8euvK6MQP47puLKc=,JdIs2/boPkctPREpl37eZ4j+TKM=
22,75,T5Nlz4Bwo8t8euvK6MQP47puLKc=,JdIs2/boPkctPREpl37eZ4j+TKM=
16,76,T5Nlz4Bwo8t8euvK6MQP47puLKc=,JdIs2/boPkctPREpl37eZ4j+TKM=
17,76,T5Nlz4Bwo8t8euvK6MQP47puLKc=,JdIs2/boPkctPREpl37eZ4j+TKM=
18,76,T5Nlz4Bwo8t8euvK6MQP47puLKc=,JdIs2/boPkctPREpl37eZ4j+TKM=
19,76,KSIz7KLk0kRmuvUCBGVOtKpPp+o=,JdIs2/boPkctPREpl37eZ4j+TKM=
20,76,KSIz7KLk0kRmuvUCBGVOtKpPp+o=,JdIs2/boPkctPREpl37eZ4j+TKM=
21,76,KSIz7KLk0kRmuvUCBGVOtKpPp+o=,JdIs2/boPkctPREpl37eZ4j+TKM=
22,76,T5Nlz4Bwo8t8euvK6MQP47puLKc=,JdIs2/boPkctPREpl37eZ4j+TKM=
16,77,T5Nlz4Bwo8t8euvK6MQP47puLKc=,JdIs2/boPkctPREpl37eZ4j+TKM=
20,74,T5Nlz4Bwo8t8euvK6MQP47puLKc=,JdIs2/boPkctPREpl37eZ4j+TKM=
17,77,T5Nlz4Bwo8t8euvK6MQP47puLKc=,JdIs2/boPkctPREpl37eZ4j+TKM=
18,77,T5Nlz4Bwo8t8euvK6MQP47puLKc=,JdIs2/boPkctPREpl37eZ4j+TKM=
19,73,T5Nlz4Bwo8t8euvK6MQP47puLKc=,JdIs2/boPkctPREpl37eZ4j+TKM=
18,73,T5Nlz4Bwo8t8euvK6MQP47puLKc=,JdIs2/boPkctPREpl37eZ4j+TKM=
18,78,T5Nlz4Bwo8t8euvK6MQP47puLKc=,JdIs2/boPkctPREpl37eZ4j+TKM=
17,78,T5Nlz4Bwo8t8euvK6MQP47puLKc=,JdIs2/boPkctPREpl37eZ4j+TKM=
16,78,T5Nlz4Bwo8t8euvK6MQP47puLKc=,JdIs2/boPkctPREpl37eZ4j+TKM=
20,73,T5Nlz4Bwo8t8euvK6MQP47puLKc=,JdIs2/boPkctPREpl37eZ4j+TKM=
17,73,T5Nlz4Bwo8t8euvK6MQP47puLKc=,JdIs2/boPkctPREpl37eZ4j+TKM=
16,73,T5Nlz4Bwo8t8euvK6MQP47puLKc=,JdIs2/boPkctPREpl37eZ4j+TKM=
22,77,T5Nlz4Bwo8t8euvK6MQP47puLKc=,JdIs2/boPkctPREpl37eZ4j+TKM=
21,77,T5Nlz4Bwo8t8euvK6MQP47puLKc=,JdIs2/boPkctPREpl37eZ4j+TKM=
20,77,T5Nlz4Bwo8t8euvK6MQP47puLKc=,JdIs2/boPkctPREpl37eZ4j+TKM=
19,77,T5Nlz4Bwo8t8euvK6MQP47puLKc=,JdIs2/boPkctPREpl37eZ4j+TKM=
22,73,T5Nlz4Bwo8t8euvK6MQP47puLKc=,JdIs2/boPkctPREpl37eZ4j+TKM=
21,73,T5Nlz4Bwo8t8euvK6MQP47puLKc=,JdIs2/boPkctPREpl37eZ4j+TKM=
23,74,T5Nlz4Bwo8t8euvK6MQP47puLKc=,JdIs2/boPkctPREpl37eZ4j+TKM=
23,79,KSIz7KLk0kRmuvUCBGVOtKpPp+o=,JdIs2/boPkctPREpl37eZ4j+TKM=
27,75,56v6AVRV1Im3Eu2YcHrXvNVNNsA=,xIcmU6N1YRON/d4ECh9qIRLTMyQ=
31,71,56v6AVRV1Im3Eu2YcHrXvNVNNsA=,QjPPCbBK4GYuHMwHVTXT9t677G0=
31,79,56v6AVRV1Im3Eu2YcHrXvNVNNsA=,xIcmU6N1YRON/d4ECh9qIRLTMyQ=
30,79,56v6AVRV1Im3Eu2YcHrXvNVNNsA=,xIcmU6N1YRON/d4ECh9qIRLTMyQ=
26,75,56v6AVRV1Im3Eu2YcHrXvNVNNsA=,xIcmU6N1YRON/d4ECh9qIRLTMyQ=
29,79,56v6AVRV1Im3Eu2YcHrXvNVNNsA=,xIcmU6N1YRON/d4ECh9qIRLTMyQ=
30,71,56v6AVRV1Im3Eu2YcHrXvNVNNsA=,QjPPCbBK4GYuHMwHVTXT9t677G0=
23,78,T5Nlz4Bwo8t8euvK6MQP47puLKc=,JdIs2/boPkctPREpl37eZ4j+TKM=
28,75,56v6AVRV1Im3Eu2YcHrXvNVNNsA=,xIcmU6N1YRON/d4ECh9qIRLTMyQ=
29,75,56v6AVRV1Im3Eu2YcHrXvNVNNsA=,xIcmU6N1YRON/d4ECh9qIRLTMyQ=
30,75,56v6AVRV1Im3Eu2YcHrXvNVNNsA=,xIcmU6N1YRON/d4ECh9qIRLTMyQ=
31,75,56v6AVRV1Im3Eu2YcHrXvNVNNsA=,xIcmU6N1YRON/d4ECh9qIRLTMyQ=
25,76,56v6AVRV1Im3Eu2YcHrXvNVNNsA=,xIcmU6N1YRON/d4ECh9qIRLTMyQ=
26,76,56v6AVRV1Im3Eu2YcHrXvNVNNsA=,xIcmU6N1YRON/d4ECh9qIRLTMyQ=
27,76,56v6AVRV1Im3Eu2YcHrXvNVNNsA=,xIcmU6N1YRON/d4ECh9qIRLTMyQ=
24,76,56v6AVRV1Im3Eu2YcHrXvNVNNsA=,xIcmU6N1YRON/d4ECh9qIRLTMyQ=
23,75,T5Nlz4Bwo8t8euvK6MQP47puLKc=,JdIs2/boPkctPREpl37eZ4j+TKM=
29,71,56v6AVRV1Im3Eu2YcHrXvNVNNsA=,QjPPCbBK4GYuHMwHVTXT9t677G0=
27,71,56v6AVRV1Im3Eu2YcHrXvNVNNsA=,QjPPCbBK4GYuHMwHVTXT9t677G0=
26,71,56v6AVRV1Im3Eu2YcHrXvNVNNsA=,QjPPCbBK4GYuHMwHVTXT9t677G0=
24,75,56v6AVRV1Im3Eu2YcHrXvNVNNsA=,xIcmU6N1YRON/d4ECh9qIRLTMyQ=
31,74,56v6AVRV1Im3Eu2YcHrXvNVNNsA=,xIcmU6N1YRON/d4ECh9qIRLTMyQ=
28,71,56v6AVRV1Im3Eu2YcHrXvNVNNsA=,QjPPCbBK4GYuHMwHVTXT9t677G0=
25,71,56v6AVRV1Im3Eu2YcHrXvNVNNsA=,QjPPCbBK4GYuHMwHVTXT9t677G0=
30,74,56v6AVRV1Im3Eu2YcHrXvNVNNsA=,xIcmU6N1YRON/d4ECh9qIRLTMyQ=
28,79,56v6AVRV1Im3Eu2YcHrXvNVNNsA=,xIcmU6N1YRON/d4ECh9qIRLTMyQ=
27,79,56v6AVRV1Im3Eu2YcHrXvNVNNsA=,xIcmU6N1YRON/d4ECh9qIRLTMyQ=
29,74,56v6AVRV1Im3Eu2YcHrXvNVNNsA=,xIcmU6N1YRON/d4ECh9qIRLTMyQ=
26,79,56v6AVRV1Im3Eu2YcHrXvNVNNsA=,xIcmU6N1YRON/d4ECh9qIRLTMyQ=
25,79,56v6AVRV1Im3Eu2YcHrXvNVNNsA=,xIcmU6N1YRON/d4ECh9qIRLTMyQ=
23,73,T5Nlz4Bwo8t8euvK6MQP47puLKc=,JdIs2/boPkctPREpl37eZ4j+TKM=
24,79,56v6AVRV1Im3Eu2YcHrXvNVNNsA=,xIcmU6N1YRON/d4ECh9qIRLTMyQ=
31,78,56v6AVRV1Im3Eu2YcHrXvNVNNsA=,xIcmU6N1YRON/d4ECh9qIRLTMyQ=
25,74,56v6AVRV1Im3Eu2YcHrXvNVNNsA=,xIcmU6N1YRON/d4ECh9qIRLTMyQ=
30,78,56v6AVRV1Im3Eu2YcHrXvNVNNsA=,xIcmU6N1YRON/d4ECh9qIRLTMyQ=
28,76,56v6AVRV1Im3Eu2YcHrXvNVNNsA=,xIcmU6N1YRON/d4ECh9qIRLTMyQ=
25,72,56v6AVRV1Im3Eu2YcHrXvNVNNsA=,xIcmU6N1YRON/d4ECh9qIRLTMyQ=
29,76,56v6AVRV1Im3Eu2YcHrXvNVNNsA=,xIcmU6N1YRON/d4ECh9qIRLTMyQ=
26,72,56v6AVRV1Im3Eu2YcHrXvNVNNsA=,xIcmU6N1YRON/d4ECh9qIRLTMyQ=
27,72,56v6AVRV1Im3Eu2YcHrXvNVNNsA=,xIcmU6N1YRON/d4ECh9qIRLTMyQ=
26,74,56v6AVRV1Im3Eu2YcHrXvNVNNsA=,xIcmU6N1YRON/d4ECh9qIRLTMyQ=
30,76,56v6AVRV1Im3Eu2YcHrXvNVNNsA=,xIcmU6N1YRON/d4ECh9qIRLTMyQ=
28,74,56v6AVRV1Im3Eu2YcHrXvNVNNsA=,xIcmU6N1YRON/d4ECh9qIRLTMyQ=
29,78,56v6AVRV1Im3Eu2YcHrXvNVNNsA=,xIcmU6N1YRON/d4ECh9qIRLTMyQ=
27,74,56v6AVRV1Im3Eu2YcHrXvNVNNsA=,xIcmU6N1YRON/d4ECh9qIRLTMyQ=
28,78,56v6AVRV1Im3Eu2YcHrXvNVNNsA=,xIcmU6N1YRON/d4ECh9qIRLTMyQ=
31,73,56v6AVRV1Im3Eu2YcHrXvNVNNsA=,xIcmU6N1YRON/d4ECh9qIRLTMyQ=
27,78,56v6AVRV1Im3Eu2YcHrXvNVNNsA=,xIcmU6N1YRON/d4ECh9qIRLTMyQ=
31,76,56v6AVRV1Im3Eu2YcHrXvNVNNsA=,xIcmU6N1YRON/d4ECh9qIRLTMyQ=
28,72,56v6AVRV1Im3Eu2YcHrXvNVNNsA=,xIcmU6N1YRON/d4ECh9qIRLTMyQ=
24,77,56v6AVRV1Im3Eu2YcHrXvNVNNsA=,xIcmU6N1YRON/d4ECh9qIRLTMyQ=
25,77,56v6AVRV1Im3Eu2YcHrXvNVNNsA=,xIcmU6N1YRON/d4ECh9qIRLTMyQ=
29,72,56v6AVRV1Im3Eu2YcHrXvNVNNsA=,xIcmU6N1YRON/d4ECh9qIRLTMyQ=
26,77,56v6AVRV1Im3Eu2YcHrXvNVNNsA=,xIcmU6N1YRON/d4ECh9qIRLTMyQ=
30,72,56v6AVRV1Im3Eu2YcHrXvNVNNsA=,xIcmU6N1YRON/d4ECh9qIRLTMyQ=
31,72,56v6AVRV1Im3Eu2YcHrXvNVNNsA=,xIcmU6N1YRON/d4ECh9qIRLTMyQ=
24,74,56v6AVRV1Im3Eu2YcHrXvNVNNsA=,xIcmU6N1YRON/d4ECh9qIRLTMyQ=
25,75,56v6AVRV1Im3Eu2YcHrXvNVNNsA=,xIcmU6N1YRON/d4ECh9qIRLTMyQ=
26,78,56v6AVRV1Im3Eu2YcHrXvNVNNsA=,xIcmU6N1YRON/d4ECh9qIRLTMyQ=
24,73,56v6AVRV1Im3Eu2YcHrXvNVNNsA=,xIcmU6N1YRON/d4ECh9qIRLTMyQ=
23,76,T5Nlz4Bwo8t8euvK6MQP47puLKc=,JdIs2/boPkctPREpl37eZ4j+TKM=
25,78,56v6AVRV1Im3Eu2YcHrXvNVNNsA=,xIcmU6N1YRON/d4ECh9qIRLTMyQ=
25,73,56v6AVRV1Im3Eu2YcHrXvNVNNsA=,xIcmU6N1YRON/d4ECh9qIRLTMyQ=
27,77,56v6AVRV1Im3Eu2YcHrXvNVNNsA=,xIcmU6N1YRON/d4ECh9qIRLTMyQ=
26,73,56v6AVRV1Im3Eu2YcHrXvNVNNsA=,xIcmU6N1YRON/d4ECh9qIRLTMyQ=
28,77,56v6AVRV1Im3Eu2YcHrXvNVNNsA=,xIcmU6N1YRON/d4ECh9qIRLTMyQ=
27,73,56v6AVRV1Im3Eu2YcHrXvNVNNsA=,xIcmU6N1YRON/d4ECh9qIRLTMyQ=
28,73,56v6AVRV1Im3Eu2YcHrXvNVNNsA=,xIcmU6N1YRON/d4ECh9qIRLTMyQ=
29,73,56v6AVRV1Im3Eu2YcHrXvNVNNsA=,xIcmU6N1YRON/d4ECh9qIRLTMyQ=
30,73,56v6AVRV1Im3Eu2YcHrXvNVNNsA=,xIcmU6N1YRON/d4ECh9qIRLTMyQ=
29,77,56v6AVRV1Im3Eu2YcHrXvNVNNsA=,xIcmU6N1YRON/d4ECh9qIRLTMyQ=
30,77,56v6AVRV1Im3Eu2YcHrXvNVNNsA=,xIcmU6N1YRON/d4ECh9qIRLTMyQ=
31,77,56v6AVRV1Im3Eu2YcHrXvNVNNsA=,xIcmU6N1YRON/d4ECh9qIRLTMyQ=
24,78,56v6AVRV1Im3Eu2YcHrXvNVNNsA=,xIcmU6N1YRON/d4ECh9qIRLTMyQ=
23,77,T5Nlz4Bwo8t8euvK6MQP47puLKc=,JdIs2/boPkctPREpl37eZ4j+TKM=
17,67,T5Nlz4Bwo8t8euvK6MQP47puLKc=,mCccvojhvk5r+R4fYUoq6WIky4E=
24,67,56v6AVRV1Im3Eu2YcHrXvNVNNsA=,QjPPCbBK4GYuHMwHVTXT9t677G0=
16,67,T5Nlz4Bwo8t8euvK6MQP47puLKc=,mCccvojhvk5r+R4fYUoq6WIky4E=
20,68,T5Nlz4Bwo8t8euvK6MQP47puLKc=,mCccvojhvk5r+R4fYUoq6WIky4E=
24,71,56v6AVRV1Im3Eu2YcHrXvNVNNsA=,QjPPCbBK4GYuHMwHVTXT9t677G0=
24,66,56v6AVRV1Im3Eu2YcHrXvNVNNsA=,QjPPCbBK4GYuHMwHVTXT9t677G0=
17,66,T5Nlz4Bwo8t8euvK6MQP47puLKc=,mCccvojhvk5r+R4fYUoq6WIky4E=
24,70,56v6AVRV1Im3Eu2YcHrXvNVNNsA=,QjPPCbBK4GYuHMwHVTXT9t677G0=
22,67,T5Nlz4Bwo8t8euvK6MQP47puLKc=,mCccvojhvk5r+R4fYUoq6WIky4E=
24,65,56v6AVRV1Im3Eu2YcHrXvNVNNsA=,QjPPCbBK4GYuHMwHVTXT9t677G0=
16,66,T5Nlz4Bwo8t8euvK6MQP47puLKc=,mCccvojhvk5r+R4fYUoq6WIky4E=
19,64,T5Nlz4Bwo8t8euvK6MQP47puLKc=,mCccvojhvk5r+R4fYUoq6WIky4E=
23,72,T5Nlz4Bwo8t8euvK6MQP47puLKc=,JdIs2/boPkctPREpl37eZ4j+TKM=
24,64,56v6AVRV1Im3Eu2YcHrXvNVNNsA=,QjPPCbBK4GYuHMwHVTXT9t677G0=
21,72,T5Nlz4Bwo8t8euvK6MQP47puLKc=,JdIs2/boPkctPREpl37eZ4j+TKM=
20,72,T5Nlz4Bwo8t8euvK6MQP47puLKc=,JdIs2/boPkctPREpl37eZ4j+TKM=
18,68,T5Nlz4Bwo8t8euvK6MQP47puLKc=,mCccvojhvk5r+R4fYUoq6WIky4E=
19,68,T5Nlz4Bwo8t8euvK6MQP47puLKc=,mCccvojhvk5r+R4fYUoq6WIky4E=
21,67,T5Nlz4Bwo8t8euvK6MQP47puLKc=,mCccvojhvk5r+R4fYUoq6WIky4E=
22,68,T5Nlz4Bwo8t8euvK6MQP47puLKc=,mCccvojhvk5r+R4fYUoq6WIky4E=
22,72,T5Nlz4Bwo8t8euvK6MQP47puLKc=,JdIs2/boPkctPREpl37eZ4j+TKM=
23,66,T5Nlz4Bwo8t8euvK6MQP47puLKc=,mCccvojhvk5r+R4fYUoq6WIky4E=
19,72,T5Nlz4Bwo8t8euvK6MQP47puLKc=,JdIs2/boPkctPREpl37eZ4j+TKM=
17,68,T5Nlz4Bwo8t8euvK6MQP47puLKc=,mCccvojhvk5r+R4fYUoq6WIky4E=
18,72,T5Nlz4Bwo8t8euvK6MQP47puLKc=,JdIs2/boPkctPREpl37eZ4j+TKM=
17,72,T5Nlz4Bwo8t8euvK6MQP47puLKc=,JdIs2/boPkctPREpl37eZ4j+TKM=
20,67,T5Nlz4Bwo8t8euvK6MQP47puLKc=,mCccvojhvk5r+R4fYUoq6WIky4E=
24,69,56v6AVRV1Im3Eu2YcHrXvNVNNsA=,QjPPCbBK4GYuHMwHVTXT9t677G0=
22,66,T5Nlz4Bwo8t8euvK6MQP47puLKc=,mCccvojhvk5r+R4fYUoq6WIky4E=
16,72,T5Nlz4Bwo8t8euvK6MQP47puLKc=,JdIs2/boPkctPREpl37eZ4j+TKM=
23,67,T5Nlz4Bwo8t8euvK6MQP47puLKc=,mCccvojhvk5r+R4fYUoq6WIky4E=
21,66,T5Nlz4Bwo8t8euvK6MQP47puLKc=,mCccvojhvk5r+R4fYUoq6WIky4E=
16,68,T5Nlz4Bwo8t8euvK6MQP47puLKc=,mCccvojhvk5r+R4fYUoq6WIky4E=
23,71,T5Nlz4Bwo8t8euvK6MQP47puLKc=,mCccvojhvk5r+R4fYUoq6WIky4E=
19,67,T5Nlz4Bwo8t8euvK6MQP47puLKc=,mCccvojhvk5r+R4fYUoq6WIky4E=
18,67,T5Nlz4Bwo8t8euvK6MQP47puLKc=,mCccvojhvk5r+R4fYUoq6WIky4E=
23,68,T5Nlz4Bwo8t8euvK6MQP47puLKc=,mCccvojhvk5r+R4fYUoq6WIky4E=
16,69,T5Nlz4Bwo8t8euvK6MQP47puLKc=,mCccvojhvk5r+R4fYUoq6WIky4E=
17,69,T5Nlz4Bwo8t8euvK6MQP47puLKc=,mCccvojhvk5r+R4fYUoq6WIky4E=
18,69,T5Nlz4Bwo8t8euvK6MQP47puLKc=,mCccvojhvk5r+R4fYUoq6WIky4E=
18,65,T5Nlz4Bwo8t8euvK6MQP47puLKc=,mCccvojhvk5r+R4fYUoq6WIky4E=
19,69,T5Nlz4Bwo8t8euvK6MQP47puLKc=,mCccvojhvk5r+R4fYUoq6WIky4E=
21,71,T5Nlz4Bwo8t8euvK6MQP47puLKc=,mCccvojhvk5r+R4fYUoq6WIky4E=
18,66,T5Nlz4Bwo8t8euvK6MQP47puLKc=,mCccvojhvk5r+R4fYUoq6WIky4E=
18,64,T5Nlz4Bwo8t8euvK6MQP47puLKc=,mCccvojhvk5r+R4fYUoq6WIky4E=
20,69,T5Nlz4Bwo8t8euvK6MQP47puLKc=,mCccvojhvk5r+R4fYUoq6WIky4E=
20,71,T5Nlz4Bwo8t8euvK6MQP47puLKc=,mCccvojhvk5r+R4fYUoq6WIky4E=
19,71,T5Nlz4Bwo8t8euvK6MQP47puLKc=,mCccvojhvk5r+R4fYUoq6WIky4E=
21,69,T5Nlz4Bwo8t8euvK6MQP47puLKc=,mCccvojhvk5r+R4fYUoq6WIky4E=
24,72,56v6AVRV1Im3Eu2YcHrXvNVNNsA=,xIcmU6N1YRON/d4ECh9qIRLTMyQ=
23,65,T5Nlz4Bwo8t8euvK6MQP47puLKc=,mCccvojhvk5r+R4fYUoq6WIky4E=
17,64,T5Nlz4Bwo8t8euvK6MQP47puLKc=,mCccvojhvk5r+R4fYUoq6WIky4E=
17,71,T5Nlz4Bwo8t8euvK6MQP47puLKc=,mCccvojhvk5r+R4fYUoq6WIky4E=
16,71,T5Nlz4Bwo8t8euvK6MQP47puLKc=,mCccvojhvk5r+R4fYUoq6WIky4E=
20,66,T5Nlz4Bwo8t8euvK6MQP47puLKc=,mCccvojhvk5r+R4fYUoq6WIky4E=
18,71,T5Nlz4Bwo8t8euvK6MQP47puLKc=,mCccvojhvk5r+R4fYUoq6WIky4E=
24,68,56v6AVRV1Im3Eu2YcHrXvNVNNsA=,QjPPCbBK4GYuHMwHVTXT9t677G0=
21,65,T5Nlz4Bwo8t8euvK6MQP47puLKc=,mCccvojhvk5r+R4fYUoq6WIky4E=
22,70,T5Nlz4Bwo8t8euvK6MQP47puLKc=,mCccvojhvk5r+R4fYUoq6WIky4E=
21,70,T5Nlz4Bwo8t8euvK6MQP47puLKc=,mCccvojhvk5r+R4fYUoq6WIky4E=
20,70,T5Nlz4Bwo8t8euvK6MQP47puLKc=,mCccvojhvk5r+R4fYUoq6WIky4E=
19,70,T5Nlz4Bwo8t8euvK6MQP47puLKc=,mCccvojhvk5r+R4fYUoq6WIky4E=
17,65,T5Nlz4Bwo8t8euvK6MQP47puLKc=,mCccvojhvk5r+R4fYUoq6WIky4E=
18,70,T5Nlz4Bwo8t8euvK6MQP47puLKc=,mCccvojhvk5r+R4fYUoq6WIky4E=
16,65,T5Nlz4Bwo8t8euvK6MQP47puLKc=,mCccvojhvk5r+R4fYUoq6WIky4E=
23,64,T5Nlz4Bwo8t8euvK6MQP47puLKc=,mCccvojhvk5r+R4fYUoq6WIky4E=
22,69,T5Nlz4Bwo8t8euvK6MQP47puLKc=,mCccvojhvk5r+R4fYUoq6WIky4E=
22,71,T5Nlz4Bwo8t8euvK6MQP47puLKc=,mCccvojhvk5r+R4fYUoq6WIky4E=
19,66,T5Nlz4Bwo8t8euvK6MQP47puLKc=,mCccvojhvk5r+R4fYUoq6WIky4E=
20,65,T5Nlz4Bwo8t8euvK6MQP47puLKc=,mCccvojhvk5r+R4fYUoq6WIky4E=
22,65,T5Nlz4Bwo8t8euvK6MQP47puLKc=,mCccvojhvk5r+R4fYUoq6WIky4E=
16,64,T5Nlz4Bwo8t8euvK6MQP47puLKc=,mCccvojhvk5r+R4fYUoq6WIky4E=
22,64,T5Nlz4Bwo8t8euvK6MQP47puLKc=,mCccvojhvk5r+R4fYUoq6WIky4E=
19,65,T5Nlz4Bwo8t8euvK6MQP47puLKc=,mCccvojhvk5r+R4fYUoq6WIky4E=
17,70,T5Nlz4Bwo8t8euvK6MQP47puLKc=,mCccvojhvk5r+R4fYUoq6WIky4E=
16,70,T5Nlz4Bwo8t8euvK6MQP47puLKc=,mCccvojhvk5r+R4fYUoq6WIky4E=
23,70,T5Nlz4Bwo8t8euvK6MQP47puLKc=,mCccvojhvk5r+R4fYUoq6WIky4E=
20,64,T5Nlz4Bwo8t8euvK6MQP47puLKc=,mCccvojhvk5r+R4fYUoq6WIky4E=
23,69,T5Nlz4Bwo8t8euvK6MQP47puLKc=,mCccvojhvk5r+R4fYUoq6WIky4E=
21,64,T5Nlz4Bwo8t8euvK6MQP47puLKc=,mCccvojhvk5r+R4fYUoq6WIky4E=
21,68,T5Nlz4Bwo8t8euvK6MQP47puLKc=,mCccvojhvk5r+R4fYUoq6WIky4E=
20,93,gI4YXKYb63+4KphRUeQFPKG5esU=,4Zy05f2txdt+271LkaDingMXV0Q=
18,95,0ICG9UlTYFon3dqjF0zdLz4jeEQ=,4Zy05f2txdt+271LkaDingMXV0Q=
19,93,0ICG9UlTYFon3dqjF0zdLz4jeEQ=,4Zy05f2txdt+271LkaDingMXV0Q=
20,92,0ICG9UlTYFon3dqjF0zdLz4jeEQ=,4Zy05f2txdt+271LkaDingMXV0Q=
21,92,0ICG9UlTYFon3dqjF0zdLz4jeEQ=,4Zy05f2txdt+271LkaDingMXV0Q=
19,95,0ICG9UlTYFon3dqjF0zdLz4jeEQ=,4Zy05f2txdt+271LkaDingMXV0Q=
23,95,0ICG9UlTYFon3dqjF0zdLz4jeEQ=,4Zy05f2txdt+271LkaDingMXV0Q=
17,95,0ICG9UlTYFon3dqjF0zdLz4jeEQ=,4Zy05f2txdt+271LkaDingMXV0Q=
19,92,0ICG9UlTYFon3dqjF0zdLz4jeEQ=,4Zy05f2txdt+271LkaDingMXV0Q=
18,92,0ICG9UlTYFon3dqjF0zdLz4jeEQ=,4Zy05f2txdt+271LkaDingMXV0Q=
22,95,0ICG9UlTYFon3dqjF0zdLz4jeEQ=,4Zy05f2txdt+271LkaDingMXV0Q=
17,92,0ICG9UlTYFon3dqjF0zdLz4jeEQ=,4Zy05f2txdt+271LkaDingMXV0Q=
16,95,0ICG9UlTYFon3dqjF0zdLz4jeEQ=,4Zy05f2txdt+271LkaDingMXV0Q=
16,92,0ICG9UlTYFon3dqjF0zdLz4jeEQ=,4Zy05f2txdt+271LkaDingMXV0Q=
23,94,0ICG9UlTYFon3dqjF0zdLz4jeEQ=,4Zy05f2txdt+271LkaDingMXV0Q=
18,93,0ICG9UlTYFon3dqjF0zdLz4jeEQ=,4Zy05f2txdt+271LkaDingMXV0Q=
22,91,0ICG9UlTYFon3dqjF0zdLz4jeEQ=,4Zy05f2txdt+271LkaDingMXV0Q=
23,91,0ICG9UlTYFon3dqjF0zdLz4jeEQ=,4Zy05f2txdt+271LkaDingMXV0Q=
21,91,0ICG9UlTYFon3dqjF0zdLz4jeEQ=,4Zy05f2txdt+271LkaDingMXV0Q=
20,91,0ICG9UlTYFon3dqjF0zdLz4jeEQ=,4Zy05f2txdt+271LkaDingMXV0Q=
22,94,0ICG9UlTYFon3dqjF0zdLz4jeEQ=,4Zy05f2txdt+271LkaDingMXV0Q=
17,93,0ICG9UlTYFon3dqjF0zdLz4jeEQ=,4Zy05f2txdt+271LkaDingMXV0Q=
16,93,0ICG9UlTYFon3dqjF0zdLz4jeEQ=,4Zy05f2txdt+271LkaDingMXV0Q=
21,94,0ICG9UlTYFon3dqjF0zdLz4jeEQ=,4Zy05f2txdt+271LkaDingMXV0Q=
21,95,0ICG9UlTYFon3dqjF0zdLz4jeEQ=,4Zy05f2txdt+271LkaDingMXV0Q=
20,95,wkCW1TfxgtLsyTqXpml2Byn4aCQ=,4Zy05f2txdt+271LkaDingMXV0Q=
19,91,wkCW1TfxgtLsyTqXpml2Byn4aCQ=,4Zy05f2txdt+271LkaDingMXV0Q=
18,91,wkCW1TfxgtLsyTqXpml2Byn4aCQ=,4Zy05f2txdt+271LkaDingMXV0Q=
17,91,wkCW1TfxgtLsyTqXpml2Byn4aCQ=,4Zy05f2txdt+271LkaDingMXV0Q=
16,91,wkCW1TfxgtLsyTqXpml2Byn4aCQ=,4Zy05f2txdt+271LkaDingMXV0Q=
20,94,wkCW1TfxgtLsyTqXpml2Byn4aCQ=,4Zy05f2txdt+271LkaDingMXV0Q=
22,92,wkCW1TfxgtLsyTqXpml2Byn4aCQ=,4Zy05f2txdt+271LkaDingMXV0Q=
18,94,wkCW1TfxgtLsyTqXpml2Byn4aCQ=,4Zy05f2txdt+271LkaDingMXV0Q=
19,94,wkCW1TfxgtLsyTqXpml2Byn4aCQ=,4Zy05f2txdt+271LkaDingMXV0Q=
16,94,wkCW1TfxgtLsyTqXpml2Byn4aCQ=,4Zy05f2txdt+271LkaDingMXV0Q=
23,92,wkCW1TfxgtLsyTqXpml2Byn4aCQ=,4Zy05f2txdt+271LkaDingMXV0Q=
23,93,wkCW1TfxgtLsyTqXpml2Byn4aCQ=,4Zy05f2txdt+271LkaDingMXV0Q=
17,94,wkCW1TfxgtLsyTqXpml2Byn4aCQ=,4Zy05f2txdt+271LkaDingMXV0Q=
21,93,wkCW1TfxgtLsyTqXpml2Byn4aCQ=,4Zy05f2txdt+271LkaDingMXV0Q=
22,93,wkCW1TfxgtLsyTqXpml2Byn4aCQ=,4Zy05f2txdt+271LkaDingMXV0Q=
19,84,wkCW1TfxgtLsyTqXpml2Byn4aCQ=,l6lV4xespjoMcxcbVMeILohaRxc=
18,84,wkCW1TfxgtLsyTqXpml2Byn4aCQ=,l6lV4xespjoMcxcbVMeILohaRxc=
23,85,wkCW1TfxgtLsyTqXpml2Byn4aCQ=,l6lV4xespjoMcxcbVMeILohaRxc=
17,83,wkCW1TfxgtLsyTqXpml2Byn4aCQ=,l6lV4xespjoMcxcbVMeILohaRxc=
23,82,wkCW1TfxgtLsyTqXpml2Byn4aCQ=,l6lV4xespjoMcxcbVMeILohaRxc=
18,83,wkCW1TfxgtLsyTqXpml2Byn4aCQ=,l6lV4xespjoMcxcbVMeILohaRxc=
22,85,wkCW1TfxgtLsyTqXpml2Byn4aCQ=,l6lV4xespjoMcxcbVMeILohaRxc=
16,83,wkCW1TfxgtLsyTqXpml2Byn4aCQ=,l6lV4xespjoMcxcbVMeILohaRxc=
21,89,wkCW1TfxgtLsyTqXpml2Byn4aCQ=,4Zy05f2txdt+271LkaDingMXV0Q=
19,89,wkCW1TfxgtLsyTqXpml2Byn4aCQ=,4Zy05f2txdt+271LkaDingMXV0Q=
20,89,wkCW1TfxgtLsyTqXpml2Byn4aCQ=,4Zy05f2txdt+271LkaDingMXV0Q=
23,88,wkCW1TfxgtLsyTqXpml2Byn4aCQ=,4Zy05f2txdt+271LkaDingMXV0Q=
22,82,wkCW1TfxgtLsyTqXpml2Byn4aCQ=,l6lV4xespjoMcxcbVMeILohaRxc=
17,82,wkCW1TfxgtLsyTqXpml2Byn4aCQ=,l6lV4xespjoMcxcbVMeILohaRxc=
22,88,wkCW1TfxgtLsyTqXpml2Byn4aCQ=,4Zy05f2txdt+271LkaDingMXV0Q=
21,88,wkCW1TfxgtLsyTqXpml2Byn4aCQ=,4Zy05f2txdt+271LkaDingMXV0Q=
16,82,wkCW1TfxgtLsyTqXpml2Byn4aCQ=,l6lV4xespjoMcxcbVMeILohaRxc=
17,84,wkCW1TfxgtLsyTqXpml2Byn4aCQ=,l6lV4xespjoMcxcbVMeILohaRxc=
17,86,wkCW1TfxgtLsyTqXpml2Byn4aCQ=,l6lV4xespjoMcxcbVMeILohaRxc=
16,86,wkCW1TfxgtLsyTqXpml2Byn4aCQ=,l6lV4xespjoMcxcbVMeILohaRxc=
16,84,wkCW1TfxgtLsyTqXpml2Byn4aCQ=,l6lV4xespjoMcxcbVMeILohaRxc=
23,81,wkCW1TfxgtLsyTqXpml2Byn4aCQ=,l6lV4xespjoMcxcbVMeILohaRxc=
17,81,wkCW1TfxgtLsyTqXpml2Byn4aCQ=,l6lV4xespjoMcxcbVMeILohaRxc=
22,89,wkCW1TfxgtLsyTqXpml2Byn4aCQ=,4Zy05f2txdt+271LkaDingMXV0Q=
16,81,wkCW1TfxgtLsyTqXpml2Byn4aCQ=,l6lV4xespjoMcxcbVMeILohaRxc=
23,80,wkCW1TfxgtLsyTqXpml2Byn4aCQ=,l6lV4xespjoMcxcbVMeILohaRxc=
18,88,wkCW1TfxgtLsyTqXpml2Byn4aCQ=,4Zy05f2txdt+271LkaDingMXV0Q=
18,85,wkCW1TfxgtLsyTqXpml2Byn4aCQ=,l6lV4xespjoMcxcbVMeILohaRxc=
18,89,wkCW1TfxgtLsyTqXpml2Byn4aCQ=,4Zy05f2txdt+271LkaDingMXV0Q=
18,86,wkCW1TfxgtLsyTqXpml2Byn4aCQ=,l6lV4xespjoMcxcbVMeILohaRxc=
17,89,wkCW1TfxgtLsyTqXpml2Byn4aCQ=,4Zy05f2txdt+271LkaDingMXV0Q=
17,88,wkCW1TfxgtLsyTqXpml2Byn4aCQ=,4Zy05f2txdt+271LkaDingMXV0Q=
20,88,wkCW1TfxgtLsyTqXpml2Byn4aCQ=,4Zy05f2txdt+271LkaDingMXV0Q=
20,80,wkCW1TfxgtLsyTqXpml2Byn4aCQ=,l6lV4xespjoMcxcbVMeILohaRxc=
19,83,wkCW1TfxgtLsyTqXpml2Byn4aCQ=,l6lV4xespjoMcxcbVMeILohaRxc=
17,85,wkCW1TfxgtLsyTqXpml2Byn4aCQ=,l6lV4xespjoMcxcbVMeILohaRxc=
16,89,wkCW1TfxgtLsyTqXpml2Byn4aCQ=,4Zy05f2txdt+271LkaDingMXV0Q=
23,87,wkCW1TfxgtLsyTqXpml2Byn4aCQ=,l6lV4xespjoMcxcbVMeILohaRxc=
16,88,wkCW1TfxgtLsyTqXpml2Byn4aCQ=,4Zy05f2txdt+271LkaDingMXV0Q=
19,88,wkCW1TfxgtLsyTqXpml2Byn4aCQ=,4Zy05f2txdt+271LkaDingMXV0Q=
16,85,wkCW1TfxgtLsyTqXpml2Byn4aCQ=,l6lV4xespjoMcxcbVMeILohaRxc=
22,87,wkCW1TfxgtLsyTqXpml2Byn4aCQ=,l6lV4xespjoMcxcbVMeILohaRxc=
22,80,wkCW1TfxgtLsyTqXpml2Byn4aCQ=,l6lV4xespjoMcxcbVMeILohaRxc=
21,82,wkCW1TfxgtLsyTqXpml2Byn4aCQ=,l6lV4xespjoMcxcbVMeILohaRxc=
21,80,wkCW1TfxgtLsyTqXpml2Byn4aCQ=,l6lV4xespjoMcxcbVMeILohaRxc=
23,83,wkCW1TfxgtLsyTqXpml2Byn4aCQ=,l6lV4xespjoMcxcbVMeILohaRxc=
19,86,wkCW1TfxgtLsyTqXpml2Byn4aCQ=,l6lV4xespjoMcxcbVMeILohaRxc=
18,87,wkCW1TfxgtLsyTqXpml2Byn4aCQ=,l6lV4xespjoMcxcbVMeILohaRxc=
20,83,wkCW1TfxgtLsyTqXpml2Byn4aCQ=,l6lV4xespjoMcxcbVMeILohaRxc=
22,81,wkCW1TfxgtLsyTqXpml2Byn4aCQ=,l6lV4xespjoMcxcbVMeILohaRxc=
23,89,wkCW1TfxgtLsyTqXpml2Byn4aCQ=,4Zy05f2txdt+271LkaDingMXV0Q=
22,83,wkCW1TfxgtLsyTqXpml2Byn4aCQ=,l6lV4xespjoMcxcbVMeILohaRxc=
21,87,wkCW1TfxgtLsyTqXpml2Byn4aCQ=,l6lV4xespjoMcxcbVMeILohaRxc=
20,81,wkCW1TfxgtLsyTqXpml2Byn4aCQ=,l6lV4xespjoMcxcbVMeILohaRxc=
19,85,wkCW1TfxgtLsyTqXpml2Byn4aCQ=,l6lV4xespjoMcxcbVMeILohaRxc=
17,87,wkCW1TfxgtLsyTqXpml2Byn4aCQ=,l6lV4xespjoMcxcbVMeILohaRxc=
20,82,wkCW1TfxgtLsyTqXpml2Byn4aCQ=,l6lV4xespjoMcxcbVMeILohaRxc=
19,82,wkCW1TfxgtLsyTqXpml2Byn4aCQ=,l6lV4xespjoMcxcbVMeILohaRxc=
16,87,wkCW1TfxgtLsyTqXpml2Byn4aCQ=,l6lV4xespjoMcxcbVMeILohaRxc=
18,80,wkCW1TfxgtLsyTqXpml2Byn4aCQ=,l6lV4xespjoMcxcbVMeILohaRxc=
19,80,wkCW1TfxgtLsyTqXpml2Byn4aCQ=,l6lV4xespjoMcxcbVMeILohaRxc=
23,86,wkCW1TfxgtLsyTqXpml2Byn4aCQ=,l6lV4xespjoMcxcbVMeILohaRxc=
16,80,wkCW1TfxgtLsyTqXpml2Byn4aCQ=,l6lV4xespjoMcxcbVMeILohaRxc=
23,84,wkCW1TfxgtLsyTqXpml2Byn4aCQ=,l6lV4xespjoMcxcbVMeILohaRxc=
17,80,wkCW1TfxgtLsyTqXpml2Byn4aCQ=,l6lV4xespjoMcxcbVMeILohaRxc=
21,81,wkCW1TfxgtLsyTqXpml2Byn4aCQ=,l6lV4xespjoMcxcbVMeILohaRxc=
19,81,wkCW1TfxgtLsyTqXpml2Byn4aCQ=,l6lV4xespjoMcxcbVMeILohaRxc=
19,87,wkCW1TfxgtLsyTqXpml2Byn4aCQ=,l6lV4xespjoMcxcbVMeILohaRxc=
23,90,wkCW1TfxgtLsyTqXpml2Byn4aCQ=,4Zy05f2txdt+271LkaDingMXV0Q=
18,81,wkCW1TfxgtLsyTqXpml2Byn4aCQ=,l6lV4xespjoMcxcbVMeILohaRxc=
20,84,wkCW1TfxgtLsyTqXpml2Byn4aCQ=,l6lV4xespjoMcxcbVMeILohaRxc=
21,90,wkCW1TfxgtLsyTqXpml2Byn4aCQ=,4Zy05f2txdt+271LkaDingMXV0Q=
19,90,wkCW1TfxgtLsyTqXpml2Byn4aCQ=,4Zy05f2txdt+271LkaDingMXV0Q=
20,90,wkCW1TfxgtLsyTqXpml2Byn4aCQ=,4Zy05f2txdt+271LkaDingMXV0Q=
18,90,wkCW1TfxgtLsyTqXpml2Byn4aCQ=,4Zy05f2txdt+271LkaDingMXV0Q=
22,90,wkCW1TfxgtLsyTqXpml2Byn4aCQ=,4Zy05f2txdt+271LkaDingMXV0Q=
18,82,wkCW1TfxgtLsyTqXpml2Byn4aCQ=,l6lV4xespjoMcxcbVMeILohaRxc=
17,90,wkCW1TfxgtLsyTqXpml2Byn4aCQ=,4Zy05f2txdt+271LkaDingMXV0Q=
22,86,wkCW1TfxgtLsyTqXpml2Byn4aCQ=,l6lV4xespjoMcxcbVMeILohaRxc=
22,84,wkCW1TfxgtLsyTqXpml2Byn4aCQ=,l6lV4xespjoMcxcbVMeILohaRxc=
16,90,wkCW1TfxgtLsyTqXpml2Byn4aCQ=,4Zy05f2txdt+271LkaDingMXV0Q=
20,85,wkCW1TfxgtLsyTqXpml2Byn4aCQ=,l6lV4xespjoMcxcbVMeILohaRxc=
21,83,wkCW1TfxgtLsyTqXpml2Byn4aCQ=,l6lV4xespjoMcxcbVMeILohaRxc=
21,85,wkCW1TfxgtLsyTqXpml2Byn4aCQ=,l6lV4xespjoMcxcbVMeILohaRxc=
20,87,wkCW1TfxgtLsyTqXpml2Byn4aCQ=,l6lV4xespjoMcxcbVMeILohaRxc=
21,84,wkCW1TfxgtLsyTqXpml2Byn4aCQ=,l6lV4xespjoMcxcbVMeILohaRxc=
20,86,wkCW1TfxgtLsyTqXpml2Byn4aCQ=,l6lV4xespjoMcxcbVMeILohaRxc=
21,86,wkCW1TfxgtLsyTqXpml2Byn4aCQ=,l6lV4xespjoMcxcbVMeILohaRxc=
