44,-58,kxlQayydfdp8OYDgXF79AS9u8bw=,v0AxSjH0wXIsJlnQD7ZpL7LVo7s=
44,-64,kxlQayydfdp8OYDgXF79AS9u8bw=,v0AxSjH0wXIsJlnQD7ZpL7LVo7s=
43,-64,kxlQayydfdp8OYDgXF79AS9u8bw=,v0AxSjH0wXIsJlnQD7ZpL7LVo7s=
42,-58,kxlQayydfdp8OYDgXF79AS9u8bw=,v0AxSjH0wXIsJlnQD7ZpL7LVo7s=
43,-58,kxlQayydfdp8OYDgXF79AS9u8bw=,v0AxSjH0wXIsJlnQD7ZpL7LVo7s=
42,-64,1aHGJQxJJWcgY5E0OXYipFeeSRo=,v0AxSjH0wXIsJlnQD7ZpL7LVo7s=
41,-64,1aHGJQxJJWcgY5E0OXYipFeeSRo=,v0AxSjH0wXIsJlnQD7ZpL7LVo7s=
41,-58,1aHGJQxJJWcgY5E0OXYipFeeSRo=,v0AxSjH0wXIsJlnQD7ZpL7LVo7s=
40,-58,1aHGJQxJJWcgY5E0OXYipFeeSRo=,v0AxSjH0wXIsJlnQD7ZpL7LVo7s=
44,-59,1aHGJQxJJWcgY5E0OXYipFeeSRo=,v0AxSjH0wXIsJlnQD7ZpL7LVo7s=
43,-59,1aHGJQxJJWcgY5E0OXYipFeeSRo=,v0AxSjH0wXIsJlnQD7ZpL7LVo7s=
42,-59,1aHGJQxJJWcgY5E0OXYipFeeSRo=,v0AxSjH0wXIsJlnQD7ZpL7LVo7s=
41,-59,1aHGJQxJJWcgY5E0OXYipFeeSRo=,v0AxSjH0wXIsJlnQD7ZpL7LVo7s=
40,-59,1aHGJQxJJWcgY5E0OXYipFeeSRo=,v0AxSjH0wXIsJlnQD7ZpL7LVo7s=
44,-60,1aHGJQxJJWcgY5E0OXYipFeeSRo=,v0AxSjH0wXIsJlnQD7ZpL7LVo7s=
43,-60,1aHGJQxJJWcgY5E0OXYipFeeSRo=,v0AxSjH0wXIsJlnQD7ZpL7LVo7s=
42,-60,1aHGJQxJJWcgY5E0OXYipFeeSRo=,v0AxSjH0wXIsJlnQD7ZpL7LVo7s=
47,-64,1aHGJQxJJWcgY5E0OXYipFeeSRo=,v0AxSjH0wXIsJlnQD7ZpL7LVo7s=
41,-60,1aHGJQxJJWcgY5E0OXYipFeeSRo=,v0AxSjH0wXIsJlnQD7ZpL7LVo7s=
40,-64,1aHGJQxJJWcgY5E0OXYipFeeSRo=,v0AxSjH0wXIsJlnQD7ZpL7LVo7s=
40,-60,1aHGJQxJJWcgY5E0OXYipFeeSRo=,v0AxSjH0wXIsJlnQD7ZpL7LVo7s=
47,-61,1aHGJQxJJWcgY5E0OXYipFeeSRo=,v0AxSjH0wXIsJlnQD7ZpL7LVo7s=
46,-61,1aHGJQxJJWcgY5E0OXYipFeeSRo=,v0AxSjH0wXIsJlnQD7ZpL7LVo7s=
44,-61,1aHGJQxJJWcgY5E0OXYipFeeSRo=,v0AxSjH0wXIsJlnQD7ZpL7LVo7s=
45,-61,1aHGJQxJJWcgY5E0OXYipFeeSRo=,v0AxSjH0wXIsJlnQD7ZpL7LVo7s=
43,-61,1aHGJQxJJWcgY5E0OXYipFeeSRo=,v0AxSjH0wXIsJlnQD7ZpL7LVo7s=
41,-61,1aHGJQxJJWcgY5E0OXYipFeeSRo=,v0AxSjH0wXIsJlnQD7ZpL7LVo7s=
42,-61,1aHGJQxJJWcgY5E0OXYipFeeSRo=,v0AxSjH0wXIsJlnQD7ZpL7LVo7s=
40,-61,1aHGJQxJJWcgY5E0OXYipFeeSRo=,v0AxSjH0wXIsJlnQD7ZpL7LVo7s=
47,-62,1aHGJQxJJWcgY5E0OXYipFeeSRo=,v0AxSjH0wXIsJlnQD7ZpL7LVo7s=
45,-62,1aHGJQxJJWcgY5E0OXYipFeeSRo=,v0AxSjH0wXIsJlnQD7ZpL7LVo7s=
44,-62,1aHGJQxJJWcgY5E0OXYipFeeSRo=,v0AxSjH0wXIsJlnQD7ZpL7LVo7s=
46,-62,1aHGJQxJJWcgY5E0OXYipFeeSRo=,v0AxSjH0wXIsJlnQD7ZpL7LVo7s=
42,-62,1aHGJQxJJWcgY5E0OXYipFeeSRo=,v0AxSjH0wXIsJlnQD7ZpL7LVo7s=
43,-62,1aHGJQxJJWcgY5E0OXYipFeeSRo=,v0AxSjH0wXIsJlnQD7ZpL7LVo7s=
41,-62,1aHGJQxJJWcgY5E0OXYipFeeSRo=,v0AxSjH0wXIsJlnQD7ZpL7LVo7s=
40,-62,1aHGJQxJJWcgY5E0OXYipFeeSRo=,v0AxSjH0wXIsJlnQD7ZpL7LVo7s=
47,-63,1aHGJQxJJWcgY5E0OXYipFeeSRo=,v0AxSjH0wXIsJlnQD7ZpL7LVo7s=
46,-63,1aHGJQxJJWcgY5E0OXYipFeeSRo=,v0AxSjH0wXIsJlnQD7ZpL7LVo7s=
45,-63,1aHGJQxJJWcgY5E0OXYipFeeSRo=,v0AxSjH0wXIsJlnQD7ZpL7LVo7s=
43,-63,1aHGJQxJJWcgY5E0OXYipFeeSRo=,v0AxSjH0wXIsJlnQD7ZpL7LVo7s=
44,-63,1aHGJQxJJWcgY5E0OXYipFeeSRo=,v0AxSjH0wXIsJlnQD7ZpL7LVo7s=
42,-63,1aHGJQxJJWcgY5E0OXYipFeeSRo=,v0AxSjH0wXIsJlnQD7ZpL7LVo7s=
41,-63,1aHGJQxJJWcgY5E0OXYipFeeSRo=,v0AxSjH0wXIsJlnQD7ZpL7LVo7s=
40,-63,1aHGJQxJJWcgY5E0OXYipFeeSRo=,v0AxSjH0wXIsJlnQD7ZpL7LVo7s=
46,-64,1aHGJQxJJWcgY5E0OXYipFeeSRo=,v0AxSjH0wXIsJlnQD7ZpL7LVo7s=
45,-64,1aHGJQxJJWcgY5E0OXYipFeeSRo=,v0AxSjH0wXIsJlnQD7ZpL7LVo7s=
41,-56,1aHGJQxJJWcgY5E0OXYipFeeSRo=,E/EHcKBe1Ekrqjq0eaZbVg2XJGw=
47,-55,1aHGJQxJJWcgY5E0OXYipFeeSRo=,E/EHcKBe1Ekrqjq0eaZbVg2XJGw=
47,-49,1aHGJQxJJWcgY5E0OXYipFeeSRo=,E/EHcKBe1Ekrqjq0eaZbVg2XJGw=
42,-56,1aHGJQxJJWcgY5E0OXYipFeeSRo=,E/EHcKBe1Ekrqjq0eaZbVg2XJGw=
46,-49,1aHGJQxJJWcgY5E0OXYipFeeSRo=,E/EHcKBe1Ekrqjq0eaZbVg2XJGw=
43,-56,1aHGJQxJJWcgY5E0OXYipFeeSRo=,E/EHcKBe1Ekrqjq0eaZbVg2XJGw=
45,-49,1aHGJQxJJWcgY5E0OXYipFeeSRo=,E/EHcKBe1Ekrqjq0eaZbVg2XJGw=
44,-49,1aHGJQxJJWcgY5E0OXYipFeeSRo=,E/EHcKBe1Ekrqjq0eaZbVg2XJGw=
41,-57,1aHGJQxJJWcgY5E0OXYipFeeSRo=,v0AxSjH0wXIsJlnQD7ZpL7LVo7s=
42,-57,1aHGJQxJJWcgY5E0OXYipFeeSRo=,v0AxSjH0wXIsJlnQD7ZpL7LVo7s=
47,-54,1aHGJQxJJWcgY5E0OXYipFeeSRo=,E/EHcKBe1Ekrqjq0eaZbVg2XJGw=
43,-57,1aHGJQxJJWcgY5E0OXYipFeeSRo=,v0AxSjH0wXIsJlnQD7ZpL7LVo7s=
43,-53,1aHGJQxJJWcgY5E0OXYipFeeSRo=,E/EHcKBe1Ekrqjq0eaZbVg2XJGw=
43,-49,1aHGJQxJJWcgY5E0OXYipFeeSRo=,E/EHcKBe1Ekrqjq0eaZbVg2XJGw=
42,-49,1aHGJQxJJWcgY5E0OXYipFeeSRo=,E/EHcKBe1Ekrqjq0eaZbVg2XJGw=
46,-55,1aHGJQxJJWcgY5E0OXYipFeeSRo=,E/EHcKBe1Ekrqjq0eaZbVg2XJGw=
47,-53,1aHGJQxJJWcgY5E0OXYipFeeSRo=,E/EHcKBe1Ekrqjq0eaZbVg2XJGw=
43,-52,1aHGJQxJJWcgY5E0OXYipFeeSRo=,E/EHcKBe1Ekrqjq0eaZbVg2XJGw=
44,-52,1aHGJQxJJWcgY5E0OXYipFeeSRo=,E/EHcKBe1Ekrqjq0eaZbVg2XJGw=
45,-52,1aHGJQxJJWcgY5E0OXYipFeeSRo=,E/EHcKBe1Ekrqjq0eaZbVg2XJGw=
42,-52,1aHGJQxJJWcgY5E0OXYipFeeSRo=,E/EHcKBe1Ekrqjq0eaZbVg2XJGw=
46,-52,1aHGJQxJJWcgY5E0OXYipFeeSRo=,E/EHcKBe1Ekrqjq0eaZbVg2XJGw=
47,-52,1aHGJQxJJWcgY5E0OXYipFeeSRo=,E/EHcKBe1Ekrqjq0eaZbVg2XJGw=
42,-51,1aHGJQxJJWcgY5E0OXYipFeeSRo=,E/EHcKBe1Ekrqjq0eaZbVg2XJGw=
43,-51,1aHGJQxJJWcgY5E0OXYipFeeSRo=,E/EHcKBe1Ekrqjq0eaZbVg2XJGw=
41,-55,1aHGJQxJJWcgY5E0OXYipFeeSRo=,E/EHcKBe1Ekrqjq0eaZbVg2XJGw=
47,-50,1aHGJQxJJWcgY5E0OXYipFeeSRo=,E/EHcKBe1Ekrqjq0eaZbVg2XJGw=
45,-50,1aHGJQxJJWcgY5E0OXYipFeeSRo=,E/EHcKBe1Ekrqjq0eaZbVg2XJGw=
46,-50,1aHGJQxJJWcgY5E0OXYipFeeSRo=,E/EHcKBe1Ekrqjq0eaZbVg2XJGw=
44,-50,1aHGJQxJJWcgY5E0OXYipFeeSRo=,E/EHcKBe1Ekrqjq0eaZbVg2XJGw=
43,-50,1aHGJQxJJWcgY5E0OXYipFeeSRo=,E/EHcKBe1Ekrqjq0eaZbVg2XJGw=
42,-50,1aHGJQxJJWcgY5E0OXYipFeeSRo=,E/EHcKBe1Ekrqjq0eaZbVg2XJGw=
43,-55,1aHGJQxJJWcgY5E0OXYipFeeSRo=,E/EHcKBe1Ekrqjq0eaZbVg2XJGw=
47,-51,1aHGJQxJJWcgY5E0OXYipFeeSRo=,E/EHcKBe1Ekrqjq0eaZbVg2XJGw=
46,-51,1aHGJQxJJWcgY5E0OXYipFeeSRo=,E/EHcKBe1Ekrqjq0eaZbVg2XJGw=
45,-51,1aHGJQxJJWcgY5E0OXYipFeeSRo=,E/EHcKBe1Ekrqjq0eaZbVg2XJGw=
44,-51,1aHGJQxJJWcgY5E0OXYipFeeSRo=,E/EHcKBe1Ekrqjq0eaZbVg2XJGw=
38,-49,1aHGJQxJJWcgY5E0OXYipFeeSRo=,IzB36FCV2DuPccqjUFYPH74/84E=
39,-49,1aHGJQxJJWcgY5E0OXYipFeeSRo=,IzB36FCV2DuPccqjUFYPH74/84E=
40,-57,1aHGJQxJJWcgY5E0OXYipFeeSRo=,v0AxSjH0wXIsJlnQD7ZpL7LVo7s=
40,-56,1aHGJQxJJWcgY5E0OXYipFeeSRo=,E/EHcKBe1Ekrqjq0eaZbVg2XJGw=
36,-56,1aHGJQxJJWcgY5E0OXYipFeeSRo=,IzB36FCV2DuPccqjUFYPH74/84E=
40,-54,1aHGJQxJJWcgY5E0OXYipFeeSRo=,E/EHcKBe1Ekrqjq0eaZbVg2XJGw=
32,-56,1aHGJQxJJWcgY5E0OXYipFeeSRo=,IzB36FCV2DuPccqjUFYPH74/84E=
34,-53,1aHGJQxJJWcgY5E0OXYipFeeSRo=,IzB36FCV2DuPccqjUFYPH74/84E=
37,-56,1aHGJQxJJWcgY5E0OXYipFeeSRo=,IzB36FCV2DuPccqjUFYPH74/84E=
38,-56,1aHGJQxJJWcgY5E0OXYipFeeSRo=,IzB36FCV2DuPccqjUFYPH74/84E=
38,-50,1aHGJQxJJWcgY5E0OXYipFeeSRo=,IzB36FCV2DuPccqjUFYPH74/84E=
36,-55,1aHGJQxJJWcgY5E0OXYipFeeSRo=,IzB36FCV2DuPccqjUFYPH74/84E=
34,-56,1aHGJQxJJWcgY5E0OXYipFeeSRo=,IzB36FCV2DuPccqjUFYPH74/84E=
34,-54,1aHGJQxJJWcgY5E0OXYipFeeSRo=,IzB36FCV2DuPccqjUFYPH74/84E=
35,-54,1aHGJQxJJWcgY5E0OXYipFeeSRo=,IzB36FCV2DuPccqjUFYPH74/84E=
37,-54,1aHGJQxJJWcgY5E0OXYipFeeSRo=,IzB36FCV2DuPccqjUFYPH74/84E=
38,-55,1aHGJQxJJWcgY5E0OXYipFeeSRo=,IzB36FCV2DuPccqjUFYPH74/84E=
32,-54,1aHGJQxJJWcgY5E0OXYipFeeSRo=,IzB36FCV2DuPccqjUFYPH74/84E=
40,-55,1aHGJQxJJWcgY5E0OXYipFeeSRo=,E/EHcKBe1Ekrqjq0eaZbVg2XJGw=
38,-54,1aHGJQxJJWcgY5E0OXYipFeeSRo=,IzB36FCV2DuPccqjUFYPH74/84E=
37,-55,1aHGJQxJJWcgY5E0OXYipFeeSRo=,IzB36FCV2DuPccqjUFYPH74/84E=
32,-53,1aHGJQxJJWcgY5E0OXYipFeeSRo=,IzB36FCV2DuPccqjUFYPH74/84E=
33,-53,1aHGJQxJJWcgY5E0OXYipFeeSRo=,IzB36FCV2DuPccqjUFYPH74/84E=
39,-55,1aHGJQxJJWcgY5E0OXYipFeeSRo=,IzB36FCV2DuPccqjUFYPH74/84E=
46,-54,1aHGJQxJJWcgY5E0OXYipFeeSRo=,E/EHcKBe1Ekrqjq0eaZbVg2XJGw=
37,-49,1aHGJQxJJWcgY5E0OXYipFeeSRo=,IzB36FCV2DuPccqjUFYPH74/84E=
36,-50,1aHGJQxJJWcgY5E0OXYipFeeSRo=,IzB36FCV2DuPccqjUFYPH74/84E=
37,-50,1aHGJQxJJWcgY5E0OXYipFeeSRo=,IzB36FCV2DuPccqjUFYPH74/84E=
35,-55,1aHGJQxJJWcgY5E0OXYipFeeSRo=,IzB36FCV2DuPccqjUFYPH74/84E=
34,-55,1aHGJQxJJWcgY5E0OXYipFeeSRo=,IzB36FCV2DuPccqjUFYPH74/84E=
37,-51,1aHGJQxJJWcgY5E0OXYipFeeSRo=,IzB36FCV2DuPccqjUFYPH74/84E=
35,-56,1aHGJQxJJWcgY5E0OXYipFeeSRo=,IzB36FCV2DuPccqjUFYPH74/84E=
35,-50,1aHGJQxJJWcgY5E0OXYipFeeSRo=,IzB36FCV2DuPccqjUFYPH74/84E=
34,-52,1aHGJQxJJWcgY5E0OXYipFeeSRo=,IzB36FCV2DuPccqjUFYPH74/84E=
33,-55,1aHGJQxJJWcgY5E0OXYipFeeSRo=,IzB36FCV2DuPccqjUFYPH74/84E=
36,-49,1aHGJQxJJWcgY5E0OXYipFeeSRo=,IzB36FCV2DuPccqjUFYPH74/84E=
40,-49,1aHGJQxJJWcgY5E0OXYipFeeSRo=,E/EHcKBe1Ekrqjq0eaZbVg2XJGw=
32,-55,1aHGJQxJJWcgY5E0OXYipFeeSRo=,IzB36FCV2DuPccqjUFYPH74/84E=
35,-52,1aHGJQxJJWcgY5E0OXYipFeeSRo=,IzB36FCV2DuPccqjUFYPH74/84E=
39,-51,1aHGJQxJJWcgY5E0OXYipFeeSRo=,IzB36FCV2DuPccqjUFYPH74/84E=
34,-50,1aHGJQxJJWcgY5E0OXYipFeeSRo=,IzB36FCV2DuPccqjUFYPH74/84E=
39,-56,1aHGJQxJJWcgY5E0OXYipFeeSRo=,IzB36FCV2DuPccqjUFYPH74/84E=
47,-57,1aHGJQxJJWcgY5E0OXYipFeeSRo=,v0AxSjH0wXIsJlnQD7ZpL7LVo7s=
44,-53,1aHGJQxJJWcgY5E0OXYipFeeSRo=,E/EHcKBe1Ekrqjq0eaZbVg2XJGw=
35,-49,1aHGJQxJJWcgY5E0OXYipFeeSRo=,IzB36FCV2DuPccqjUFYPH74/84E=
33,-56,1aHGJQxJJWcgY5E0OXYipFeeSRo=,IzB36FCV2DuPccqjUFYPH74/84E=
33,-52,1aHGJQxJJWcgY5E0OXYipFeeSRo=,IzB36FCV2DuPccqjUFYPH74/84E=
33,-49,1aHGJQxJJWcgY5E0OXYipFeeSRo=,IzB36FCV2DuPccqjUFYPH74/84E=
44,-56,1aHGJQxJJWcgY5E0OXYipFeeSRo=,E/EHcKBe1Ekrqjq0eaZbVg2XJGw=
33,-54,1aHGJQxJJWcgY5E0OXYipFeeSRo=,IzB36FCV2DuPccqjUFYPH74/84E=
34,-49,1aHGJQxJJWcgY5E0OXYipFeeSRo=,IzB36FCV2DuPccqjUFYPH74/84E=
38,-53,1aHGJQxJJWcgY5E0OXYipFeeSRo=,IzB36FCV2DuPccqjUFYPH74/84E=
36,-51,1aHGJQxJJWcgY5E0OXYipFeeSRo=,IzB36FCV2DuPccqjUFYPH74/84E=
39,-53,1aHGJQxJJWcgY5E0OXYipFeeSRo=,IzB36FCV2DuPccqjUFYPH74/84E=
32,-50,1aHGJQxJJWcgY5E0OXYipFeeSRo=,IzB36FCV2DuPccqjUFYPH74/84E=
33,-50,1aHGJQxJJWcgY5E0OXYipFeeSRo=,IzB36FCV2DuPccqjUFYPH74/84E=
41,-52,1aHGJQxJJWcgY5E0OXYipFeeSRo=,E/EHcKBe1Ekrqjq0eaZbVg2XJGw=
45,-56,1aHGJQxJJWcgY5E0OXYipFeeSRo=,E/EHcKBe1Ekrqjq0eaZbVg2XJGw=
37,-53,1aHGJQxJJWcgY5E0OXYipFeeSRo=,IzB36FCV2DuPccqjUFYPH74/84E=
41,-49,1aHGJQxJJWcgY5E0OXYipFeeSRo=,E/EHcKBe1Ekrqjq0eaZbVg2XJGw=
41,-51,1aHGJQxJJWcgY5E0OXYipFeeSRo=,E/EHcKBe1Ekrqjq0eaZbVg2XJGw=
42,-55,1aHGJQxJJWcgY5E0OXYipFeeSRo=,E/EHcKBe1Ekrqjq0eaZbVg2XJGw=
36,-54,1aHGJQxJJWcgY5E0OXYipFeeSRo=,IzB36FCV2DuPccqjUFYPH74/84E=
39,-54,1aHGJQxJJWcgY5E0OXYipFeeSRo=,IzB36FCV2DuPccqjUFYPH74/84E=
41,-54,1aHGJQxJJWcgY5E0OXYipFeeSRo=,E/EHcKBe1Ekrqjq0eaZbVg2XJGw=
40,-51,1aHGJQxJJWcgY5E0OXYipFeeSRo=,E/EHcKBe1Ekrqjq0eaZbVg2XJGw=
46,-57,1aHGJQxJJWcgY5E0OXYipFeeSRo=,v0AxSjH0wXIsJlnQD7ZpL7LVo7s=
38,-51,1aHGJQxJJWcgY5E0OXYipFeeSRo=,IzB36FCV2DuPccqjUFYPH74/84E=
40,-52,1aHGJQxJJWcgY5E0OXYipFeeSRo=,E/EHcKBe1Ekrqjq0eaZbVg2XJGw=
32,-49,1aHGJQxJJWcgY5E0OXYipFeeSRo=,IzB36FCV2DuPccqjUFYPH74/84E=
32,-52,1aHGJQxJJWcgY5E0OXYipFeeSRo=,IzB36FCV2DuPccqjUFYPH74/84E=
36,-52,1aHGJQxJJWcgY5E0OXYipFeeSRo=,IzB36FCV2DuPccqjUFYPH74/84E=
37,-52,1aHGJQxJJWcgY5E0OXYipFeeSRo=,IzB36FCV2DuPccqjUFYPH74/84E=
40,-50,1aHGJQxJJWcgY5E0OXYipFeeSRo=,E/EHcKBe1Ekrqjq0eaZbVg2XJGw=
44,-55,1aHGJQxJJWcgY5E0OXYipFeeSRo=,E/EHcKBe1Ekrqjq0eaZbVg2XJGw=
38,-52,1aHGJQxJJWcgY5E0OXYipFeeSRo=,IzB36FCV2DuPccqjUFYPH74/84E=
39,-50,1aHGJQxJJWcgY5E0OXYipFeeSRo=,IzB36FCV2DuPccqjUFYPH74/84E=
41,-50,1aHGJQxJJWcgY5E0OXYipFeeSRo=,E/EHcKBe1Ekrqjq0eaZbVg2XJGw=
32,-51,1aHGJQxJJWcgY5E0OXYipFeeSRo=,IzB36FCV2DuPccqjUFYPH74/84E=
34,-51,1aHGJQxJJWcgY5E0OXYipFeeSRo=,IzB36FCV2DuPccqjUFYPH74/84E=
36,-53,1aHGJQxJJWcgY5E0OXYipFeeSRo=,IzB36FCV2DuPccqjUFYPH74/84E=
33,-51,1aHGJQxJJWcgY5E0OXYipFeeSRo=,IzB36FCV2DuPccqjUFYPH74/84E=
35,-51,1aHGJQxJJWcgY5E0OXYipFeeSRo=,IzB36FCV2DuPccqjUFYPH74/84E=
45,-58,1aHGJQxJJWcgY5E0OXYipFeeSRo=,v0AxSjH0wXIsJlnQD7ZpL7LVo7s=
46,-53,1aHGJQxJJWcgY5E0OXYipFeeSRo=,E/EHcKBe1Ekrqjq0eaZbVg2XJGw=
39,-52,1aHGJQxJJWcgY5E0OXYipFeeSRo=,IzB36FCV2DuPccqjUFYPH74/84E=
42,-53,1aHGJQxJJWcgY5E0OXYipFeeSRo=,E/EHcKBe1Ekrqjq0eaZbVg2XJGw=
47,-56,1aHGJQxJJWcgY5E0OXYipFeeSRo=,E/EHcKBe1Ekrqjq0eaZbVg2XJGw=
41,-53,1aHGJQxJJWcgY5E0OXYipFeeSRo=,E/EHcKBe1Ekrqjq0eaZbVg2XJGw=
45,-54,1aHGJQxJJWcgY5E0OXYipFeeSRo=,E/EHcKBe1Ekrqjq0eaZbVg2XJGw=
47,-60,1aHGJQxJJWcgY5E0OXYipFeeSRo=,v0AxSjH0wXIsJlnQD7ZpL7LVo7s=
45,-60,1aHGJQxJJWcgY5E0OXYipFeeSRo=,v0AxSjH0wXIsJlnQD7ZpL7LVo7s=
43,-54,1aHGJQxJJWcgY5E0OXYipFeeSRo=,E/EHcKBe1Ekrqjq0eaZbVg2XJGw=
46,-56,1aHGJQxJJWcgY5E0OXYipFeeSRo=,E/EHcKBe1Ekrqjq0eaZbVg2XJGw=
45,-57,1aHGJQxJJWcgY5E0OXYipFeeSRo=,v0AxSjH0wXIsJlnQD7ZpL7LVo7s=
47,-59,1aHGJQxJJWcgY5E0OXYipFeeSRo=,v0AxSjH0wXIsJlnQD7ZpL7LVo7s=
45,-59,1aHGJQxJJWcgY5E0OXYipFeeSRo=,v0AxSjH0wXIsJlnQD7ZpL7LVo7s=
35,-53,1aHGJQxJJWcgY5E0OXYipFeeSRo=,IzB36FCV2DuPccqjUFYPH74/84E=
46,-60,1aHGJQxJJWcgY5E0OXYipFeeSRo=,v0AxSjH0wXIsJlnQD7ZpL7LVo7s=
44,-54,1aHGJQxJJWcgY5E0OXYipFeeSRo=,E/EHcKBe1Ekrqjq0eaZbVg2XJGw=
45,-53,1aHGJQxJJWcgY5E0OXYipFeeSRo=,E/EHcKBe1Ekrqjq0eaZbVg2XJGw=
46,-59,1aHGJQxJJWcgY5E0OXYipFeeSRo=,v0AxSjH0wXIsJlnQD7ZpL7LVo7s=
47,-58,1aHGJQxJJWcgY5E0OXYipFeeSRo=,v0AxSjH0wXIsJlnQD7ZpL7LVo7s=
45,-55,1aHGJQxJJWcgY5E0OXYipFeeSRo=,E/EHcKBe1Ekrqjq0eaZbVg2XJGw=
44,-57,1aHGJQxJJWcgY5E0OXYipFeeSRo=,v0AxSjH0wXIsJlnQD7ZpL7LVo7s=
42,-54,1aHGJQxJJWcgY5E0OXYipFeeSRo=,E/EHcKBe1Ekrqjq0eaZbVg2XJGw=
46,-58,1aHGJQxJJWcgY5E0OXYipFeeSRo=,v0AxSjH0wXIsJlnQD7ZpL7LVo7s=
40,-53,1aHGJQxJJWcgY5E0OXYipFeeSRo=,E/EHcKBe1Ekrqjq0eaZbVg2XJGw=
33,-38,Z/q1dZLiK2oiT7WGPrcLDMz8sS8=,93xkBS0RXar5j8hGlT3ypZtWVWs=
39,-39,Z/q1dZLiK2oiT7WGPrcLDMz8sS8=,93xkBS0RXar5j8hGlT3ypZtWVWs=
38,-39,Z/q1dZLiK2oiT7WGPrcLDMz8sS8=,93xkBS0RXar5j8hGlT3ypZtWVWs=
37,-39,Z/q1dZLiK2oiT7WGPrcLDMz8sS8=,93xkBS0RXar5j8hGlT3ypZtWVWs=
36,-39,Z/q1dZLiK2oiT7WGPrcLDMz8sS8=,93xkBS0RXar5j8hGlT3ypZtWVWs=
35,-39,Z/q1dZLiK2oiT7WGPrcLDMz8sS8=,93xkBS0RXar5j8hGlT3ypZtWVWs=
34,-39,Z/q1dZLiK2oiT7WGPrcLDMz8sS8=,93xkBS0RXar5j8hGlT3ypZtWVWs=
39,-34,Z/q1dZLiK2oiT7WGPrcLDMz8sS8=,93xkBS0RXar5j8hGlT3ypZtWVWs=
38,-34,Z/q1dZLiK2oiT7WGPrcLDMz8sS8=,93xkBS0RXar5j8hGlT3ypZtWVWs=
37,-34,Z/q1dZLiK2oiT7WGPrcLDMz8sS8=,93xkBS0RXar5j8hGlT3ypZtWVWs=
36,-34,Z/q1dZLiK2oiT7WGPrcLDMz8sS8=,93xkBS0RXar5j8hGlT3ypZtWVWs=
35,-34,Z/q1dZLiK2oiT7WGPrcLDMz8sS8=,93xkBS0RXar5j8hGlT3ypZtWVWs=
34,-34,Z/q1dZLiK2oiT7WGPrcLDMz8sS8=,93xkBS0RXar5j8hGlT3ypZtWVWs=
33,-34,Z/q1dZLiK2oiT7WGPrcLDMz8sS8=,93xkBS0RXar5j8hGlT3ypZtWVWs=
39,-35,Z/q1dZLiK2oiT7WGPrcLDMz8sS8=,93xkBS0RXar5j8hGlT3ypZtWVWs=
37,-35,Z/q1dZLiK2oiT7WGPrcLDMz8sS8=,93xkBS0RXar5j8hGlT3ypZtWVWs=
38,-35,Z/q1dZLiK2oiT7WGPrcLDMz8sS8=,93xkBS0RXar5j8hGlT3ypZtWVWs=
36,-35,Z/q1dZLiK2oiT7WGPrcLDMz8sS8=,93xkBS0RXar5j8hGlT3ypZtWVWs=
35,-35,Z/q1dZLiK2oiT7WGPrcLDMz8sS8=,93xkBS0RXar5j8hGlT3ypZtWVWs=
34,-35,Z/q1dZLiK2oiT7WGPrcLDMz8sS8=,93xkBS0RXar5j8hGlT3ypZtWVWs=
33,-35,Z/q1dZLiK2oiT7WGPrcLDMz8sS8=,93xkBS0RXar5j8hGlT3ypZtWVWs=
38,-36,Z/q1dZLiK2oiT7WGPrcLDMz8sS8=,93xkBS0RXar5j8hGlT3ypZtWVWs=
37,-36,Z/q1dZLiK2oiT7WGPrcLDMz8sS8=,93xkBS0RXar5j8hGlT3ypZtWVWs=
36,-36,Z/q1dZLiK2oiT7WGPrcLDMz8sS8=,93xkBS0RXar5j8hGlT3ypZtWVWs=
39,-36,Z/q1dZLiK2oiT7WGPrcLDMz8sS8=,93xkBS0RXar5j8hGlT3ypZtWVWs=
33,-36,Z/q1dZLiK2oiT7WGPrcLDMz8sS8=,93xkBS0RXar5j8hGlT3ypZtWVWs=
34,-36,Z/q1dZLiK2oiT7WGPrcLDMz8sS8=,93xkBS0RXar5j8hGlT3ypZtWVWs=
39,-37,Z/q1dZLiK2oiT7WGPrcLDMz8sS8=,93xkBS0RXar5j8hGlT3ypZtWVWs=
38,-37,Z/q1dZLiK2oiT7WGPrcLDMz8sS8=,93xkBS0RXar5j8hGlT3ypZtWVWs=
35,-36,Z/q1dZLiK2oiT7WGPrcLDMz8sS8=,93xkBS0RXar5j8hGlT3ypZtWVWs=
37,-37,Z/q1dZLiK2oiT7WGPrcLDMz8sS8=,93xkBS0RXar5j8hGlT3ypZtWVWs=
34,-37,Z/q1dZLiK2oiT7WGPrcLDMz8sS8=,93xkBS0RXar5j8hGlT3ypZtWVWs=
35,-37,Z/q1dZLiK2oiT7WGPrcLDMz8sS8=,93xkBS0RXar5j8hGlT3ypZtWVWs=
33,-37,Z/q1dZLiK2oiT7WGPrcLDMz8sS8=,93xkBS0RXar5j8hGlT3ypZtWVWs=
36,-37,Z/q1dZLiK2oiT7WGPrcLDMz8sS8=,93xkBS0RXar5j8hGlT3ypZtWVWs=
39,-38,Z/q1dZLiK2oiT7WGPrcLDMz8sS8=,93xkBS0RXar5j8hGlT3ypZtWVWs=
38,-38,Z/q1dZLiK2oiT7WGPrcLDMz8sS8=,93xkBS0RXar5j8hGlT3ypZtWVWs=
37,-38,Z/q1dZLiK2oiT7WGPrcLDMz8sS8=,93xkBS0RXar5j8hGlT3ypZtWVWs=
36,-38,Z/q1dZLiK2oiT7WGPrcLDMz8sS8=,93xkBS0RXar5j8hGlT3ypZtWVWs=
35,-38,Z/q1dZLiK2oiT7WGPrcLDMz8sS8=,93xkBS0RXar5j8hGlT3ypZtWVWs=
34,-38,Z/q1dZLiK2oiT7WGPrcLDMz8sS8=,93xkBS0RXar5j8hGlT3ypZtWVWs=
33,-33,Z/q1dZLiK2oiT7WGPrcLDMz8sS8=,93xkBS0RXar5j8hGlT3ypZtWVWs=
34,-33,Z/q1dZLiK2oiT7WGPrcLDMz8sS8=,93xkBS0RXar5j8hGlT3ypZtWVWs=
35,-33,Z/q1dZLiK2oiT7WGPrcLDMz8sS8=,93xkBS0RXar5j8hGlT3ypZtWVWs=
36,-33,Z/q1dZLiK2oiT7WGPrcLDMz8sS8=,93xkBS0RXar5j8hGlT3ypZtWVWs=
37,-33,Z/q1dZLiK2oiT7WGPrcLDMz8sS8=,93xkBS0RXar5j8hGlT3ypZtWVWs=
32,-37,Z/q1dZLiK2oiT7WGPrcLDMz8sS8=,93xkBS0RXar5j8hGlT3ypZtWVWs=
38,-33,Z/q1dZLiK2oiT7WGPrcLDMz8sS8=,93xkBS0RXar5j8hGlT3ypZtWVWs=
32,-36,Z/q1dZLiK2oiT7WGPrcLDMz8sS8=,93xkBS0RXar5j8hGlT3ypZtWVWs=
32,-35,Z/q1dZLiK2oiT7WGPrcLDMz8sS8=,93xkBS0RXar5j8hGlT3ypZtWVWs=
32,-34,Z/q1dZLiK2oiT7WGPrcLDMz8sS8=,93xkBS0RXar5j8hGlT3ypZtWVWs=
39,-33,Z/q1dZLiK2oiT7WGPrcLDMz8sS8=,93xkBS0RXar5j8hGlT3ypZtWVWs=
32,-33,Z/q1dZLiK2oiT7WGPrcLDMz8sS8=,93xkBS0RXar5j8hGlT3ypZtWVWs=
39,-40,Z/q1dZLiK2oiT7WGPrcLDMz8sS8=,93xkBS0RXar5j8hGlT3ypZtWVWs=
38,-44,Z/q1dZLiK2oiT7WGPrcLDMz8sS8=,i0skWW/DWMPJjD2UEbxG8AkrxuY=
39,-41,Z/q1dZLiK2oiT7WGPrcLDMz8sS8=,i0skWW/DWMPJjD2UEbxG8AkrxuY=
36,-45,Z/q1dZLiK2oiT7WGPrcLDMz8sS8=,i0skWW/DWMPJjD2UEbxG8AkrxuY=
36,-44,Z/q1dZLiK2oiT7WGPrcLDMz8sS8=,i0skWW/DWMPJjD2UEbxG8AkrxuY=
37,-44,Z/q1dZLiK2oiT7WGPrcLDMz8sS8=,i0skWW/DWMPJjD2UEbxG8AkrxuY=
37,-45,Z/q1dZLiK2oiT7WGPrcLDMz8sS8=,i0skWW/DWMPJjD2UEbxG8AkrxuY=
39,-42,Z/q1dZLiK2oiT7WGPrcLDMz8sS8=,i0skWW/DWMPJjD2UEbxG8AkrxuY=
32,-47,Z/q1dZLiK2oiT7WGPrcLDMz8sS8=,i0skWW/DWMPJjD2UEbxG8AkrxuY=
38,-42,Z/q1dZLiK2oiT7WGPrcLDMz8sS8=,i0skWW/DWMPJjD2UEbxG8AkrxuY=
39,-44,Z/q1dZLiK2oiT7WGPrcLDMz8sS8=,i0skWW/DWMPJjD2UEbxG8AkrxuY=
38,-45,Z/q1dZLiK2oiT7WGPrcLDMz8sS8=,i0skWW/DWMPJjD2UEbxG8AkrxuY=
37,-42,Z/q1dZLiK2oiT7WGPrcLDMz8sS8=,i0skWW/DWMPJjD2UEbxG8AkrxuY=
33,-47,Z/q1dZLiK2oiT7WGPrcLDMz8sS8=,i0skWW/DWMPJjD2UEbxG8AkrxuY=
38,-41,Z/q1dZLiK2oiT7WGPrcLDMz8sS8=,i0skWW/DWMPJjD2UEbxG8AkrxuY=
35,-42,Z/q1dZLiK2oiT7WGPrcLDMz8sS8=,i0skWW/DWMPJjD2UEbxG8AkrxuY=
38,-43,Z/q1dZLiK2oiT7WGPrcLDMz8sS8=,i0skWW/DWMPJjD2UEbxG8AkrxuY=
34,-42,Z/q1dZLiK2oiT7WGPrcLDMz8sS8=,i0skWW/DWMPJjD2UEbxG8AkrxuY=
36,-42,Z/q1dZLiK2oiT7WGPrcLDMz8sS8=,i0skWW/DWMPJjD2UEbxG8AkrxuY=
33,-41,Z/q1dZLiK2oiT7WGPrcLDMz8sS8=,i0skWW/DWMPJjD2UEbxG8AkrxuY=
33,-46,Z/q1dZLiK2oiT7WGPrcLDMz8sS8=,i0skWW/DWMPJjD2UEbxG8AkrxuY=
37,-43,Z/q1dZLiK2oiT7WGPrcLDMz8sS8=,i0skWW/DWMPJjD2UEbxG8AkrxuY=
36,-43,Z/q1dZLiK2oiT7WGPrcLDMz8sS8=,i0skWW/DWMPJjD2UEbxG8AkrxuY=
35,-44,Z/q1dZLiK2oiT7WGPrcLDMz8sS8=,i0skWW/DWMPJjD2UEbxG8AkrxuY=
39,-45,Z/q1dZLiK2oiT7WGPrcLDMz8sS8=,i0skWW/DWMPJjD2UEbxG8AkrxuY=
39,-43,Z/q1dZLiK2oiT7WGPrcLDMz8sS8=,i0skWW/DWMPJjD2UEbxG8AkrxuY=
32,-46,Z/q1dZLiK2oiT7WGPrcLDMz8sS8=,i0skWW/DWMPJjD2UEbxG8AkrxuY=
33,-45,Z/q1dZLiK2oiT7WGPrcLDMz8sS8=,i0skWW/DWMPJjD2UEbxG8AkrxuY=
34,-41,Z/q1dZLiK2oiT7WGPrcLDMz8sS8=,i0skWW/DWMPJjD2UEbxG8AkrxuY=
38,-40,Z/q1dZLiK2oiT7WGPrcLDMz8sS8=,93xkBS0RXar5j8hGlT3ypZtWVWs=
39,-47,Z/q1dZLiK2oiT7WGPrcLDMz8sS8=,i0skWW/DWMPJjD2UEbxG8AkrxuY=
38,-47,Z/q1dZLiK2oiT7WGPrcLDMz8sS8=,i0skWW/DWMPJjD2UEbxG8AkrxuY=
32,-45,Z/q1dZLiK2oiT7WGPrcLDMz8sS8=,i0skWW/DWMPJjD2UEbxG8AkrxuY=
37,-47,Z/q1dZLiK2oiT7WGPrcLDMz8sS8=,i0skWW/DWMPJjD2UEbxG8AkrxuY=
39,-46,Z/q1dZLiK2oiT7WGPrcLDMz8sS8=,i0skWW/DWMPJjD2UEbxG8AkrxuY=
38,-46,Z/q1dZLiK2oiT7WGPrcLDMz8sS8=,i0skWW/DWMPJjD2UEbxG8AkrxuY=
35,-41,Z/q1dZLiK2oiT7WGPrcLDMz8sS8=,i0skWW/DWMPJjD2UEbxG8AkrxuY=
36,-41,Z/q1dZLiK2oiT7WGPrcLDMz8sS8=,i0skWW/DWMPJjD2UEbxG8AkrxuY=
36,-47,Z/q1dZLiK2oiT7WGPrcLDMz8sS8=,i0skWW/DWMPJjD2UEbxG8AkrxuY=
37,-40,Z/q1dZLiK2oiT7WGPrcLDMz8sS8=,93xkBS0RXar5j8hGlT3ypZtWVWs=
37,-46,Z/q1dZLiK2oiT7WGPrcLDMz8sS8=,i0skWW/DWMPJjD2UEbxG8AkrxuY=
36,-40,Z/q1dZLiK2oiT7WGPrcLDMz8sS8=,93xkBS0RXar5j8hGlT3ypZtWVWs=
35,-40,Z/q1dZLiK2oiT7WGPrcLDMz8sS8=,93xkBS0RXar5j8hGlT3ypZtWVWs=
34,-43,Z/q1dZLiK2oiT7WGPrcLDMz8sS8=,i0skWW/DWMPJjD2UEbxG8AkrxuY=
35,-43,Z/q1dZLiK2oiT7WGPrcLDMz8sS8=,i0skWW/DWMPJjD2UEbxG8AkrxuY=
34,-40,Z/q1dZLiK2oiT7WGPrcLDMz8sS8=,93xkBS0RXar5j8hGlT3ypZtWVWs=
37,-41,Z/q1dZLiK2oiT7WGPrcLDMz8sS8=,i0skWW/DWMPJjD2UEbxG8AkrxuY=
36,-46,Z/q1dZLiK2oiT7WGPrcLDMz8sS8=,i0skWW/DWMPJjD2UEbxG8AkrxuY=
33,-42,Z/q1dZLiK2oiT7WGPrcLDMz8sS8=,i0skWW/DWMPJjD2UEbxG8AkrxuY=
36,-48,Z/q1dZLiK2oiT7WGPrcLDMz8sS8=,i0skWW/DWMPJjD2UEbxG8AkrxuY=
32,-48,Z/q1dZLiK2oiT7WGPrcLDMz8sS8=,i0skWW/DWMPJjD2UEbxG8AkrxuY=
38,-48,Z/q1dZLiK2oiT7WGPrcLDMz8sS8=,i0skWW/DWMPJjD2UEbxG8AkrxuY=
39,-48,Z/q1dZLiK2oiT7WGPrcLDMz8sS8=,i0skWW/DWMPJjD2UEbxG8AkrxuY=
37,-48,Z/q1dZLiK2oiT7WGPrcLDMz8sS8=,i0skWW/DWMPJjD2UEbxG8AkrxuY=
34,-47,Z/q1dZLiK2oiT7WGPrcLDMz8sS8=,i0skWW/DWMPJjD2UEbxG8AkrxuY=
35,-45,Z/q1dZLiK2oiT7WGPrcLDMz8sS8=,i0skWW/DWMPJjD2UEbxG8AkrxuY=
35,-48,Z/q1dZLiK2oiT7WGPrcLDMz8sS8=,i0skWW/DWMPJjD2UEbxG8AkrxuY=
35,-47,Z/q1dZLiK2oiT7WGPrcLDMz8sS8=,i0skWW/DWMPJjD2UEbxG8AkrxuY=
32,-44,Z/q1dZLiK2oiT7WGPrcLDMz8sS8=,i0skWW/DWMPJjD2UEbxG8AkrxuY=
33,-44,Z/q1dZLiK2oiT7WGPrcLDMz8sS8=,i0skWW/DWMPJjD2UEbxG8AkrxuY=
35,-46,Z/q1dZLiK2oiT7WGPrcLDMz8sS8=,i0skWW/DWMPJjD2UEbxG8AkrxuY=
32,-38,Z/q1dZLiK2oiT7WGPrcLDMz8sS8=,93xkBS0RXar5j8hGlT3ypZtWVWs=
33,-48,Z/q1dZLiK2oiT7WGPrcLDMz8sS8=,i0skWW/DWMPJjD2UEbxG8AkrxuY=
33,-40,Z/q1dZLiK2oiT7WGPrcLDMz8sS8=,93xkBS0RXar5j8hGlT3ypZtWVWs=
33,-39,Z/q1dZLiK2oiT7WGPrcLDMz8sS8=,93xkBS0RXar5j8hGlT3ypZtWVWs=
34,-44,Z/q1dZLiK2oiT7WGPrcLDMz8sS8=,i0skWW/DWMPJjD2UEbxG8AkrxuY=
32,-41,Z/q1dZLiK2oiT7WGPrcLDMz8sS8=,i0skWW/DWMPJjD2UEbxG8AkrxuY=
34,-48,Z/q1dZLiK2oiT7WGPrcLDMz8sS8=,i0skWW/DWMPJjD2UEbxG8AkrxuY=
34,-46,Z/q1dZLiK2oiT7WGPrcLDMz8sS8=,i0skWW/DWMPJjD2UEbxG8AkrxuY=
32,-42,Z/q1dZLiK2oiT7WGPrcLDMz8sS8=,i0skWW/DWMPJjD2UEbxG8AkrxuY=
34,-45,Z/q1dZLiK2oiT7WGPrcLDMz8sS8=,i0skWW/DWMPJjD2UEbxG8AkrxuY=
33,-43,Z/q1dZLiK2oiT7WGPrcLDMz8sS8=,i0skWW/DWMPJjD2UEbxG8AkrxuY=
32,-39,Z/q1dZLiK2oiT7WGPrcLDMz8sS8=,93xkBS0RXar5j8hGlT3ypZtWVWs=
32,-43,Z/q1dZLiK2oiT7WGPrcLDMz8sS8=,i0skWW/DWMPJjD2UEbxG8AkrxuY=
32,-40,Z/q1dZLiK2oiT7WGPrcLDMz8sS8=,93xkBS0RXar5j8hGlT3ypZtWVWs=
52,-57,wNMWQK2NkPZCBDgzv6o4IKz10AI=,IIO5nZSoS1myQvtUeCSj7hWKeeA=
51,-57,wNMWQK2NkPZCBDgzv6o4IKz10AI=,IIO5nZSoS1myQvtUeCSj7hWKeeA=
55,-62,wNMWQK2NkPZCBDgzv6o4IKz10AI=,IIO5nZSoS1myQvtUeCSj7hWKeeA=
53,-64,wNMWQK2NkPZCBDgzv6o4IKz10AI=,IIO5nZSoS1myQvtUeCSj7hWKeeA=
51,-58,wNMWQK2NkPZCBDgzv6o4IKz10AI=,IIO5nZSoS1myQvtUeCSj7hWKeeA=
55,-64,wNMWQK2NkPZCBDgzv6o4IKz10AI=,IIO5nZSoS1myQvtUeCSj7hWKeeA=
55,-63,wNMWQK2NkPZCBDgzv6o4IKz10AI=,IIO5nZSoS1myQvtUeCSj7hWKeeA=
54,-63,wNMWQK2NkPZCBDgzv6o4IKz10AI=,IIO5nZSoS1myQvtUeCSj7hWKeeA=
51,-64,wNMWQK2NkPZCBDgzv6o4IKz10AI=,IIO5nZSoS1myQvtUeCSj7hWKeeA=
51,-59,wNMWQK2NkPZCBDgzv6o4IKz10AI=,IIO5nZSoS1myQvtUeCSj7hWKeeA=
50,-58,wNMWQK2NkPZCBDgzv6o4IKz10AI=,IIO5nZSoS1myQvtUeCSj7hWKeeA=
50,-57,wNMWQK2NkPZCBDgzv6o4IKz10AI=,IIO5nZSoS1myQvtUeCSj7hWKeeA=
50,-59,wNMWQK2NkPZCBDgzv6o4IKz10AI=,IIO5nZSoS1myQvtUeCSj7hWKeeA=
54,-62,wNMWQK2NkPZCBDgzv6o4IKz10AI=,IIO5nZSoS1myQvtUeCSj7hWKeeA=
49,-64,wNMWQK2NkPZCBDgzv6o4IKz10AI=,IIO5nZSoS1myQvtUeCSj7hWKeeA=
53,-62,wNMWQK2NkPZCBDgzv6o4IKz10AI=,IIO5nZSoS1myQvtUeCSj7hWKeeA=
51,-62,wNMWQK2NkPZCBDgzv6o4IKz10AI=,IIO5nZSoS1myQvtUeCSj7hWKeeA=
52,-62,wNMWQK2NkPZCBDgzv6o4IKz10AI=,IIO5nZSoS1myQvtUeCSj7hWKeeA=
49,-62,wNMWQK2NkPZCBDgzv6o4IKz10AI=,IIO5nZSoS1myQvtUeCSj7hWKeeA=
50,-62,wNMWQK2NkPZCBDgzv6o4IKz10AI=,IIO5nZSoS1myQvtUeCSj7hWKeeA=
54,-64,wNMWQK2NkPZCBDgzv6o4IKz10AI=,IIO5nZSoS1myQvtUeCSj7hWKeeA=
52,-64,wNMWQK2NkPZCBDgzv6o4IKz10AI=,IIO5nZSoS1myQvtUeCSj7hWKeeA=
49,-60,wNMWQK2NkPZCBDgzv6o4IKz10AI=,IIO5nZSoS1myQvtUeCSj7hWKeeA=
53,-63,wNMWQK2NkPZCBDgzv6o4IKz10AI=,IIO5nZSoS1myQvtUeCSj7hWKeeA=
52,-63,wNMWQK2NkPZCBDgzv6o4IKz10AI=,IIO5nZSoS1myQvtUeCSj7hWKeeA=
49,-58,wNMWQK2NkPZCBDgzv6o4IKz10AI=,IIO5nZSoS1myQvtUeCSj7hWKeeA=
51,-63,wNMWQK2NkPZCBDgzv6o4IKz10AI=,IIO5nZSoS1myQvtUeCSj7hWKeeA=
49,-59,wNMWQK2NkPZCBDgzv6o4IKz10AI=,IIO5nZSoS1myQvtUeCSj7hWKeeA=
49,-63,wNMWQK2NkPZCBDgzv6o4IKz10AI=,IIO5nZSoS1myQvtUeCSj7hWKeeA=
50,-63,wNMWQK2NkPZCBDgzv6o4IKz10AI=,IIO5nZSoS1myQvtUeCSj7hWKeeA=
50,-64,wNMWQK2NkPZCBDgzv6o4IKz10AI=,IIO5nZSoS1myQvtUeCSj7hWKeeA=
49,-57,wNMWQK2NkPZCBDgzv6o4IKz10AI=,IIO5nZSoS1myQvtUeCSj7hWKeeA=
55,-61,wNMWQK2NkPZCBDgzv6o4IKz10AI=,IIO5nZSoS1myQvtUeCSj7hWKeeA=
55,-60,wNMWQK2NkPZCBDgzv6o4IKz10AI=,IIO5nZSoS1myQvtUeCSj7hWKeeA=
54,-61,wNMWQK2NkPZCBDgzv6o4IKz10AI=,IIO5nZSoS1myQvtUeCSj7hWKeeA=
53,-61,wNMWQK2NkPZCBDgzv6o4IKz10AI=,IIO5nZSoS1myQvtUeCSj7hWKeeA=
51,-61,wNMWQK2NkPZCBDgzv6o4IKz10AI=,IIO5nZSoS1myQvtUeCSj7hWKeeA=
54,-60,wNMWQK2NkPZCBDgzv6o4IKz10AI=,IIO5nZSoS1myQvtUeCSj7hWKeeA=
52,-61,wNMWQK2NkPZCBDgzv6o4IKz10AI=,IIO5nZSoS1myQvtUeCSj7hWKeeA=
55,-59,wNMWQK2NkPZCBDgzv6o4IKz10AI=,IIO5nZSoS1myQvtUeCSj7hWKeeA=
54,-59,wNMWQK2NkPZCBDgzv6o4IKz10AI=,IIO5nZSoS1myQvtUeCSj7hWKeeA=
54,-58,wNMWQK2NkPZCBDgzv6o4IKz10AI=,IIO5nZSoS1myQvtUeCSj7hWKeeA=
53,-58,wNMWQK2NkPZCBDgzv6o4IKz10AI=,IIO5nZSoS1myQvtUeCSj7hWKeeA=
55,-57,wNMWQK2NkPZCBDgzv6o4IKz10AI=,IIO5nZSoS1myQvtUeCSj7hWKeeA=
54,-57,wNMWQK2NkPZCBDgzv6o4IKz10AI=,IIO5nZSoS1myQvtUeCSj7hWKeeA=
53,-59,wNMWQK2NkPZCBDgzv6o4IKz10AI=,IIO5nZSoS1myQvtUeCSj7hWKeeA=
52,-58,wNMWQK2NkPZCBDgzv6o4IKz10AI=,IIO5nZSoS1myQvtUeCSj7hWKeeA=
50,-61,wNMWQK2NkPZCBDgzv6o4IKz10AI=,IIO5nZSoS1myQvtUeCSj7hWKeeA=
53,-57,wNMWQK2NkPZCBDgzv6o4IKz10AI=,IIO5nZSoS1myQvtUeCSj7hWKeeA=
53,-60,wNMWQK2NkPZCBDgzv6o4IKz10AI=,IIO5nZSoS1myQvtUeCSj7hWKeeA=
49,-61,wNMWQK2NkPZCBDgzv6o4IKz10AI=,IIO5nZSoS1myQvtUeCSj7hWKeeA=
52,-60,wNMWQK2NkPZCBDgzv6o4IKz10AI=,IIO5nZSoS1myQvtUeCSj7hWKeeA=
50,-60,wNMWQK2NkPZCBDgzv6o4IKz10AI=,IIO5nZSoS1myQvtUeCSj7hWKeeA=
51,-60,wNMWQK2NkPZCBDgzv6o4IKz10AI=,IIO5nZSoS1myQvtUeCSj7hWKeeA=
52,-59,wNMWQK2NkPZCBDgzv6o4IKz10AI=,IIO5nZSoS1myQvtUeCSj7hWKeeA=
48,-61,wNMWQK2NkPZCBDgzv6o4IKz10AI=,IIO5nZSoS1myQvtUeCSj7hWKeeA=
55,-58,wNMWQK2NkPZCBDgzv6o4IKz10AI=,IIO5nZSoS1myQvtUeCSj7hWKeeA=
48,-64,wNMWQK2NkPZCBDgzv6o4IKz10AI=,IIO5nZSoS1myQvtUeCSj7hWKeeA=
48,-62,wNMWQK2NkPZCBDgzv6o4IKz10AI=,IIO5nZSoS1myQvtUeCSj7hWKeeA=
48,-59,wNMWQK2NkPZCBDgzv6o4IKz10AI=,IIO5nZSoS1myQvtUeCSj7hWKeeA=
48,-63,wNMWQK2NkPZCBDgzv6o4IKz10AI=,IIO5nZSoS1myQvtUeCSj7hWKeeA=
48,-57,wNMWQK2NkPZCBDgzv6o4IKz10AI=,IIO5nZSoS1myQvtUeCSj7hWKeeA=
48,-60,wNMWQK2NkPZCBDgzv6o4IKz10AI=,IIO5nZSoS1myQvtUeCSj7hWKeeA=
48,-58,wNMWQK2NkPZCBDgzv6o4IKz10AI=,IIO5nZSoS1myQvtUeCSj7hWKeeA=
