1,-14,suGZMk/a4ofCqL2C4Co7oeskDDA=,fzRC6QZs5qxT/Aq7Q29nVgYkUIY=
6,-13,suGZMk/a4ofCqL2C4Co7oeskDDA=,fzRC6QZs5qxT/Aq7Q29nVgYkUIY=
5,-16,suGZMk/a4ofCqL2C4Co7oeskDDA=,fzRC6QZs5qxT/Aq7Q29nVgYkUIY=
5,-13,suGZMk/a4ofCqL2C4Co7oeskDDA=,fzRC6QZs5qxT/Aq7Q29nVgYkUIY=
6,-15,suGZMk/a4ofCqL2C4Co7oeskDDA=,fzRC6QZs5qxT/Aq7Q29nVgYkUIY=
6,-14,suGZMk/a4ofCqL2C4Co7oeskDDA=,fzRC6QZs5qxT/Aq7Q29nVgYkUIY=
5,-15,suGZMk/a4ofCqL2C4Co7oeskDDA=,fzRC6QZs5qxT/Aq7Q29nVgYkUIY=
4,-13,suGZMk/a4ofCqL2C4Co7oeskDDA=,fzRC6QZs5qxT/Aq7Q29nVgYkUIY=
4,-15,suGZMk/a4ofCqL2C4Co7oeskDDA=,fzRC6QZs5qxT/Aq7Q29nVgYkUIY=
3,-13,suGZMk/a4ofCqL2C4Co7oeskDDA=,fzRC6QZs5qxT/Aq7Q29nVgYkUIY=
3,-15,suGZMk/a4ofCqL2C4Co7oeskDDA=,fzRC6QZs5qxT/Aq7Q29nVgYkUIY=
5,-14,suGZMk/a4ofCqL2C4Co7oeskDDA=,fzRC6QZs5qxT/Aq7Q29nVgYkUIY=
3,-16,suGZMk/a4ofCqL2C4Co7oeskDDA=,fzRC6QZs5qxT/Aq7Q29nVgYkUIY=
4,-14,suGZMk/a4ofCqL2C4Co7oeskDDA=,fzRC6QZs5qxT/Aq7Q29nVgYkUIY=
2,-13,suGZMk/a4ofCqL2C4Co7oeskDDA=,fzRC6QZs5qxT/Aq7Q29nVgYkUIY=
1,-16,suGZMk/a4ofCqL2C4Co7oeskDDA=,fzRC6QZs5qxT/Aq7Q29nVgYkUIY=
5,-10,suGZMk/a4ofCqL2C4Co7oeskDDA=,fzRC6QZs5qxT/Aq7Q29nVgYkUIY=
6,-10,suGZMk/a4ofCqL2C4Co7oeskDDA=,fzRC6QZs5qxT/Aq7Q29nVgYkUIY=
2,-16,suGZMk/a4ofCqL2C4Co7oeskDDA=,fzRC6QZs5qxT/Aq7Q29nVgYkUIY=
3,-14,suGZMk/a4ofCqL2C4Co7oeskDDA=,fzRC6QZs5qxT/Aq7Q29nVgYkUIY=
4,-10,suGZMk/a4ofCqL2C4Co7oeskDDA=,fzRC6QZs5qxT/Aq7Q29nVgYkUIY=
1,-13,suGZMk/a4ofCqL2C4Co7oeskDDA=,fzRC6QZs5qxT/Aq7Q29nVgYkUIY=
3,-10,suGZMk/a4ofCqL2C4Co7oeskDDA=,fzRC6QZs5qxT/Aq7Q29nVgYkUIY=
2,-10,suGZMk/a4ofCqL2C4Co7oeskDDA=,fzRC6QZs5qxT/Aq7Q29nVgYkUIY=
1,-10,suGZMk/a4ofCqL2C4Co7oeskDDA=,fzRC6QZs5qxT/Aq7Q29nVgYkUIY=
4,-16,suGZMk/a4ofCqL2C4Co7oeskDDA=,fzRC6QZs5qxT/Aq7Q29nVgYkUIY=
6,-11,suGZMk/a4ofCqL2C4Co7oeskDDA=,fzRC6QZs5qxT/Aq7Q29nVgYkUIY=
5,-11,suGZMk/a4ofCqL2C4Co7oeskDDA=,fzRC6QZs5qxT/Aq7Q29nVgYkUIY=
4,-11,suGZMk/a4ofCqL2C4Co7oeskDDA=,fzRC6QZs5qxT/Aq7Q29nVgYkUIY=
3,-11,suGZMk/a4ofCqL2C4Co7oeskDDA=,fzRC6QZs5qxT/Aq7Q29nVgYkUIY=
2,-11,suGZMk/a4ofCqL2C4Co7oeskDDA=,fzRC6QZs5qxT/Aq7Q29nVgYkUIY=
1,-11,suGZMk/a4ofCqL2C4Co7oeskDDA=,fzRC6QZs5qxT/Aq7Q29nVgYkUIY=
2,-15,suGZMk/a4ofCqL2C4Co7oeskDDA=,fzRC6QZs5qxT/Aq7Q29nVgYkUIY=
6,-12,suGZMk/a4ofCqL2C4Co7oeskDDA=,fzRC6QZs5qxT/Aq7Q29nVgYkUIY=
1,-15,suGZMk/a4ofCqL2C4Co7oeskDDA=,fzRC6QZs5qxT/Aq7Q29nVgYkUIY=
5,-12,suGZMk/a4ofCqL2C4Co7oeskDDA=,fzRC6QZs5qxT/Aq7Q29nVgYkUIY=
6,-16,suGZMk/a4ofCqL2C4Co7oeskDDA=,fzRC6QZs5qxT/Aq7Q29nVgYkUIY=
4,-12,suGZMk/a4ofCqL2C4Co7oeskDDA=,fzRC6QZs5qxT/Aq7Q29nVgYkUIY=
3,-12,suGZMk/a4ofCqL2C4Co7oeskDDA=,fzRC6QZs5qxT/Aq7Q29nVgYkUIY=
2,-12,suGZMk/a4ofCqL2C4Co7oeskDDA=,fzRC6QZs5qxT/Aq7Q29nVgYkUIY=
1,-12,suGZMk/a4ofCqL2C4Co7oeskDDA=,fzRC6QZs5qxT/Aq7Q29nVgYkUIY=
2,-14,suGZMk/a4ofCqL2C4Co7oeskDDA=,fzRC6QZs5qxT/Aq7Q29nVgYkUIY=
14,-10,alPEmuM/cLiqzIX2f3Y+ZqTEskY=,3/EOPMKCr2SJMI9vQzxAOoNT4YE=
13,-10,alPEmuM/cLiqzIX2f3Y+ZqTEskY=,3/EOPMKCr2SJMI9vQzxAOoNT4YE=
12,-10,alPEmuM/cLiqzIX2f3Y+ZqTEskY=,3/EOPMKCr2SJMI9vQzxAOoNT4YE=
11,-10,alPEmuM/cLiqzIX2f3Y+ZqTEskY=,3/EOPMKCr2SJMI9vQzxAOoNT4YE=
8,-10,suGZMk/a4ofCqL2C4Co7oeskDDA=,3/EOPMKCr2SJMI9vQzxAOoNT4YE=
14,-11,alPEmuM/cLiqzIX2f3Y+ZqTEskY=,3/EOPMKCr2SJMI9vQzxAOoNT4YE=
13,-11,alPEmuM/cLiqzIX2f3Y+ZqTEskY=,3/EOPMKCr2SJMI9vQzxAOoNT4YE=
12,-11,alPEmuM/cLiqzIX2f3Y+ZqTEskY=,3/EOPMKCr2SJMI9vQzxAOoNT4YE=
10,-11,alPEmuM/cLiqzIX2f3Y+ZqTEskY=,3/EOPMKCr2SJMI9vQzxAOoNT4YE=
11,-11,alPEmuM/cLiqzIX2f3Y+ZqTEskY=,3/EOPMKCr2SJMI9vQzxAOoNT4YE=
8,-11,suGZMk/a4ofCqL2C4Co7oeskDDA=,3/EOPMKCr2SJMI9vQzxAOoNT4YE=
9,-11,alPEmuM/cLiqzIX2f3Y+ZqTEskY=,3/EOPMKCr2SJMI9vQzxAOoNT4YE=
13,-12,alPEmuM/cLiqzIX2f3Y+ZqTEskY=,3/EOPMKCr2SJMI9vQzxAOoNT4YE=
14,-12,alPEmuM/cLiqzIX2f3Y+ZqTEskY=,3/EOPMKCr2SJMI9vQzxAOoNT4YE=
11,-12,Y5ExrvfWkJGlkOVZ2gvnClky6yg=,3/EOPMKCr2SJMI9vQzxAOoNT4YE=
12,-12,alPEmuM/cLiqzIX2f3Y+ZqTEskY=,3/EOPMKCr2SJMI9vQzxAOoNT4YE=
10,-12,Y5ExrvfWkJGlkOVZ2gvnClky6yg=,3/EOPMKCr2SJMI9vQzxAOoNT4YE=
9,-12,Y5ExrvfWkJGlkOVZ2gvnClky6yg=,3/EOPMKCr2SJMI9vQzxAOoNT4YE=
8,-12,suGZMk/a4ofCqL2C4Co7oeskDDA=,3/EOPMKCr2SJMI9vQzxAOoNT4YE=
14,-13,Y5ExrvfWkJGlkOVZ2gvnClky6yg=,3/EOPMKCr2SJMI9vQzxAOoNT4YE=
13,-13,Y5ExrvfWkJGlkOVZ2gvnClky6yg=,3/EOPMKCr2SJMI9vQzxAOoNT4YE=
11,-13,Y5ExrvfWkJGlkOVZ2gvnClky6yg=,3/EOPMKCr2SJMI9vQzxAOoNT4YE=
12,-13,Y5ExrvfWkJGlkOVZ2gvnClky6yg=,3/EOPMKCr2SJMI9vQzxAOoNT4YE=
10,-13,Y5ExrvfWkJGlkOVZ2gvnClky6yg=,3/EOPMKCr2SJMI9vQzxAOoNT4YE=
9,-13,Y5ExrvfWkJGlkOVZ2gvnClky6yg=,3/EOPMKCr2SJMI9vQzxAOoNT4YE=
14,-14,Y5ExrvfWkJGlkOVZ2gvnClky6yg=,3/EOPMKCr2SJMI9vQzxAOoNT4YE=
8,-13,suGZMk/a4ofCqL2C4Co7oeskDDA=,3/EOPMKCr2SJMI9vQzxAOoNT4YE=
13,-14,Y5ExrvfWkJGlkOVZ2gvnClky6yg=,3/EOPMKCr2SJMI9vQzxAOoNT4YE=
12,-14,Y5ExrvfWkJGlkOVZ2gvnClky6yg=,3/EOPMKCr2SJMI9vQzxAOoNT4YE=
11,-14,wdqk+nUNqXKiiamra8t7GYYo8X0=,3/EOPMKCr2SJMI9vQzxAOoNT4YE=
10,-14,wdqk+nUNqXKiiamra8t7GYYo8X0=,3/EOPMKCr2SJMI9vQzxAOoNT4YE=
9,-14,suGZMk/a4ofCqL2C4Co7oeskDDA=,3/EOPMKCr2SJMI9vQzxAOoNT4YE=
8,-14,suGZMk/a4ofCqL2C4Co7oeskDDA=,3/EOPMKCr2SJMI9vQzxAOoNT4YE=
14,-15,suGZMk/a4ofCqL2C4Co7oeskDDA=,3/EOPMKCr2SJMI9vQzxAOoNT4YE=
13,-15,suGZMk/a4ofCqL2C4Co7oeskDDA=,3/EOPMKCr2SJMI9vQzxAOoNT4YE=
12,-15,suGZMk/a4ofCqL2C4Co7oeskDDA=,3/EOPMKCr2SJMI9vQzxAOoNT4YE=
11,-15,suGZMk/a4ofCqL2C4Co7oeskDDA=,3/EOPMKCr2SJMI9vQzxAOoNT4YE=
10,-15,suGZMk/a4ofCqL2C4Co7oeskDDA=,3/EOPMKCr2SJMI9vQzxAOoNT4YE=
9,-15,alPEmuM/cLiqzIX2f3Y+ZqTEskY=,3/EOPMKCr2SJMI9vQzxAOoNT4YE=
13,-16,suGZMk/a4ofCqL2C4Co7oeskDDA=,3/EOPMKCr2SJMI9vQzxAOoNT4YE=
14,-16,suGZMk/a4ofCqL2C4Co7oeskDDA=,3/EOPMKCr2SJMI9vQzxAOoNT4YE=
8,-15,suGZMk/a4ofCqL2C4Co7oeskDDA=,3/EOPMKCr2SJMI9vQzxAOoNT4YE=
12,-16,suGZMk/a4ofCqL2C4Co7oeskDDA=,3/EOPMKCr2SJMI9vQzxAOoNT4YE=
11,-16,suGZMk/a4ofCqL2C4Co7oeskDDA=,3/EOPMKCr2SJMI9vQzxAOoNT4YE=
10,-16,suGZMk/a4ofCqL2C4Co7oeskDDA=,3/EOPMKCr2SJMI9vQzxAOoNT4YE=
9,-16,suGZMk/a4ofCqL2C4Co7oeskDDA=,3/EOPMKCr2SJMI9vQzxAOoNT4YE=
8,-16,suGZMk/a4ofCqL2C4Co7oeskDDA=,3/EOPMKCr2SJMI9vQzxAOoNT4YE=
7,-12,suGZMk/a4ofCqL2C4Co7oeskDDA=,fzRC6QZs5qxT/Aq7Q29nVgYkUIY=
7,-10,suGZMk/a4ofCqL2C4Co7oeskDDA=,fzRC6QZs5qxT/Aq7Q29nVgYkUIY=
7,-11,suGZMk/a4ofCqL2C4Co7oeskDDA=,fzRC6QZs5qxT/Aq7Q29nVgYkUIY=
7,-15,suGZMk/a4ofCqL2C4Co7oeskDDA=,fzRC6QZs5qxT/Aq7Q29nVgYkUIY=
7,-13,suGZMk/a4ofCqL2C4Co7oeskDDA=,fzRC6QZs5qxT/Aq7Q29nVgYkUIY=
7,-14,suGZMk/a4ofCqL2C4Co7oeskDDA=,fzRC6QZs5qxT/Aq7Q29nVgYkUIY=
7,-16,suGZMk/a4ofCqL2C4Co7oeskDDA=,fzRC6QZs5qxT/Aq7Q29nVgYkUIY=
14,-9,suGZMk/a4ofCqL2C4Co7oeskDDA=,3/EOPMKCr2SJMI9vQzxAOoNT4YE=
13,-9,suGZMk/a4ofCqL2C4Co7oeskDDA=,3/EOPMKCr2SJMI9vQzxAOoNT4YE=
13,-2,suGZMk/a4ofCqL2C4Co7oeskDDA=,ZnK+ljHjS4q9n9m7rZ1uV+vzYcM=
14,-2,suGZMk/a4ofCqL2C4Co7oeskDDA=,ZnK+ljHjS4q9n9m7rZ1uV+vzYcM=
12,-2,suGZMk/a4ofCqL2C4Co7oeskDDA=,ZnK+ljHjS4q9n9m7rZ1uV+vzYcM=
10,-2,suGZMk/a4ofCqL2C4Co7oeskDDA=,ZnK+ljHjS4q9n9m7rZ1uV+vzYcM=
9,-2,suGZMk/a4ofCqL2C4Co7oeskDDA=,ZnK+ljHjS4q9n9m7rZ1uV+vzYcM=
11,-2,suGZMk/a4ofCqL2C4Co7oeskDDA=,ZnK+ljHjS4q9n9m7rZ1uV+vzYcM=
14,-3,suGZMk/a4ofCqL2C4Co7oeskDDA=,ZnK+ljHjS4q9n9m7rZ1uV+vzYcM=
13,-8,suGZMk/a4ofCqL2C4Co7oeskDDA=,ZnK+ljHjS4q9n9m7rZ1uV+vzYcM=
14,-8,suGZMk/a4ofCqL2C4Co7oeskDDA=,ZnK+ljHjS4q9n9m7rZ1uV+vzYcM=
13,-3,suGZMk/a4ofCqL2C4Co7oeskDDA=,ZnK+ljHjS4q9n9m7rZ1uV+vzYcM=
9,-7,suGZMk/a4ofCqL2C4Co7oeskDDA=,ZnK+ljHjS4q9n9m7rZ1uV+vzYcM=
12,-3,suGZMk/a4ofCqL2C4Co7oeskDDA=,ZnK+ljHjS4q9n9m7rZ1uV+vzYcM=
12,-7,suGZMk/a4ofCqL2C4Co7oeskDDA=,ZnK+ljHjS4q9n9m7rZ1uV+vzYcM=
11,-3,suGZMk/a4ofCqL2C4Co7oeskDDA=,ZnK+ljHjS4q9n9m7rZ1uV+vzYcM=
13,-7,suGZMk/a4ofCqL2C4Co7oeskDDA=,ZnK+ljHjS4q9n9m7rZ1uV+vzYcM=
14,-7,suGZMk/a4ofCqL2C4Co7oeskDDA=,ZnK+ljHjS4q9n9m7rZ1uV+vzYcM=
10,-3,suGZMk/a4ofCqL2C4Co7oeskDDA=,ZnK+ljHjS4q9n9m7rZ1uV+vzYcM=
9,-6,suGZMk/a4ofCqL2C4Co7oeskDDA=,ZnK+ljHjS4q9n9m7rZ1uV+vzYcM=
9,-3,suGZMk/a4ofCqL2C4Co7oeskDDA=,ZnK+ljHjS4q9n9m7rZ1uV+vzYcM=
10,-6,suGZMk/a4ofCqL2C4Co7oeskDDA=,ZnK+ljHjS4q9n9m7rZ1uV+vzYcM=
14,-4,suGZMk/a4ofCqL2C4Co7oeskDDA=,ZnK+ljHjS4q9n9m7rZ1uV+vzYcM=
11,-6,suGZMk/a4ofCqL2C4Co7oeskDDA=,ZnK+ljHjS4q9n9m7rZ1uV+vzYcM=
13,-4,suGZMk/a4ofCqL2C4Co7oeskDDA=,ZnK+ljHjS4q9n9m7rZ1uV+vzYcM=
12,-6,suGZMk/a4ofCqL2C4Co7oeskDDA=,ZnK+ljHjS4q9n9m7rZ1uV+vzYcM=
12,-4,suGZMk/a4ofCqL2C4Co7oeskDDA=,ZnK+ljHjS4q9n9m7rZ1uV+vzYcM=
11,-4,suGZMk/a4ofCqL2C4Co7oeskDDA=,ZnK+ljHjS4q9n9m7rZ1uV+vzYcM=
10,-4,suGZMk/a4ofCqL2C4Co7oeskDDA=,ZnK+ljHjS4q9n9m7rZ1uV+vzYcM=
9,-4,suGZMk/a4ofCqL2C4Co7oeskDDA=,ZnK+ljHjS4q9n9m7rZ1uV+vzYcM=
14,-5,suGZMk/a4ofCqL2C4Co7oeskDDA=,ZnK+ljHjS4q9n9m7rZ1uV+vzYcM=
13,-5,suGZMk/a4ofCqL2C4Co7oeskDDA=,ZnK+ljHjS4q9n9m7rZ1uV+vzYcM=
12,-5,suGZMk/a4ofCqL2C4Co7oeskDDA=,ZnK+ljHjS4q9n9m7rZ1uV+vzYcM=
10,-5,suGZMk/a4ofCqL2C4Co7oeskDDA=,ZnK+ljHjS4q9n9m7rZ1uV+vzYcM=
11,-5,suGZMk/a4ofCqL2C4Co7oeskDDA=,ZnK+ljHjS4q9n9m7rZ1uV+vzYcM=
9,-5,suGZMk/a4ofCqL2C4Co7oeskDDA=,ZnK+ljHjS4q9n9m7rZ1uV+vzYcM=
14,-6,suGZMk/a4ofCqL2C4Co7oeskDDA=,ZnK+ljHjS4q9n9m7rZ1uV+vzYcM=
13,-6,suGZMk/a4ofCqL2C4Co7oeskDDA=,ZnK+ljHjS4q9n9m7rZ1uV+vzYcM=
14,-1,suGZMk/a4ofCqL2C4Co7oeskDDA=,ZnK+ljHjS4q9n9m7rZ1uV+vzYcM=
13,-1,suGZMk/a4ofCqL2C4Co7oeskDDA=,ZnK+ljHjS4q9n9m7rZ1uV+vzYcM=
12,-1,suGZMk/a4ofCqL2C4Co7oeskDDA=,ZnK+ljHjS4q9n9m7rZ1uV+vzYcM=
11,-1,suGZMk/a4ofCqL2C4Co7oeskDDA=,ZnK+ljHjS4q9n9m7rZ1uV+vzYcM=
10,-1,suGZMk/a4ofCqL2C4Co7oeskDDA=,ZnK+ljHjS4q9n9m7rZ1uV+vzYcM=
9,-1,suGZMk/a4ofCqL2C4Co7oeskDDA=,ZnK+ljHjS4q9n9m7rZ1uV+vzYcM=
0,-14,suGZMk/a4ofCqL2C4Co7oeskDDA=,fzRC6QZs5qxT/Aq7Q29nVgYkUIY=
0,-15,suGZMk/a4ofCqL2C4Co7oeskDDA=,fzRC6QZs5qxT/Aq7Q29nVgYkUIY=
0,-12,suGZMk/a4ofCqL2C4Co7oeskDDA=,fzRC6QZs5qxT/Aq7Q29nVgYkUIY=
0,-13,suGZMk/a4ofCqL2C4Co7oeskDDA=,fzRC6QZs5qxT/Aq7Q29nVgYkUIY=
0,-11,suGZMk/a4ofCqL2C4Co7oeskDDA=,fzRC6QZs5qxT/Aq7Q29nVgYkUIY=
0,-10,suGZMk/a4ofCqL2C4Co7oeskDDA=,fzRC6QZs5qxT/Aq7Q29nVgYkUIY=
0,-16,suGZMk/a4ofCqL2C4Co7oeskDDA=,fzRC6QZs5qxT/Aq7Q29nVgYkUIY=
15,-10,alPEmuM/cLiqzIX2f3Y+ZqTEskY=,3/EOPMKCr2SJMI9vQzxAOoNT4YE=
15,-11,alPEmuM/cLiqzIX2f3Y+ZqTEskY=,3/EOPMKCr2SJMI9vQzxAOoNT4YE=
15,-12,alPEmuM/cLiqzIX2f3Y+ZqTEskY=,3/EOPMKCr2SJMI9vQzxAOoNT4YE=
15,-13,Y5ExrvfWkJGlkOVZ2gvnClky6yg=,3/EOPMKCr2SJMI9vQzxAOoNT4YE=
15,-14,Y5ExrvfWkJGlkOVZ2gvnClky6yg=,3/EOPMKCr2SJMI9vQzxAOoNT4YE=
15,-15,suGZMk/a4ofCqL2C4Co7oeskDDA=,3/EOPMKCr2SJMI9vQzxAOoNT4YE=
15,-7,suGZMk/a4ofCqL2C4Co7oeskDDA=,ZnK+ljHjS4q9n9m7rZ1uV+vzYcM=
15,-6,suGZMk/a4ofCqL2C4Co7oeskDDA=,ZnK+ljHjS4q9n9m7rZ1uV+vzYcM=
15,-1,suGZMk/a4ofCqL2C4Co7oeskDDA=,ZnK+ljHjS4q9n9m7rZ1uV+vzYcM=
15,-8,suGZMk/a4ofCqL2C4Co7oeskDDA=,ZnK+ljHjS4q9n9m7rZ1uV+vzYcM=
15,-16,suGZMk/a4ofCqL2C4Co7oeskDDA=,3/EOPMKCr2SJMI9vQzxAOoNT4YE=
15,-4,suGZMk/a4ofCqL2C4Co7oeskDDA=,ZnK+ljHjS4q9n9m7rZ1uV+vzYcM=
15,-5,suGZMk/a4ofCqL2C4Co7oeskDDA=,ZnK+ljHjS4q9n9m7rZ1uV+vzYcM=
15,-3,suGZMk/a4ofCqL2C4Co7oeskDDA=,ZnK+ljHjS4q9n9m7rZ1uV+vzYcM=
15,-2,suGZMk/a4ofCqL2C4Co7oeskDDA=,ZnK+ljHjS4q9n9m7rZ1uV+vzYcM=
15,-9,suGZMk/a4ofCqL2C4Co7oeskDDA=,3/EOPMKCr2SJMI9vQzxAOoNT4YE=
12,-8,suGZMk/a4ofCqL2C4Co7oeskDDA=,ZnK+ljHjS4q9n9m7rZ1uV+vzYcM=
12,-9,suGZMk/a4ofCqL2C4Co7oeskDDA=,3/EOPMKCr2SJMI9vQzxAOoNT4YE=
0,-7,suGZMk/a4ofCqL2C4Co7oeskDDA=,Xnh18ViBbGg5suHfotiBEQMzUJ4=
5,-8,suGZMk/a4ofCqL2C4Co7oeskDDA=,Xnh18ViBbGg5suHfotiBEQMzUJ4=
4,-8,suGZMk/a4ofCqL2C4Co7oeskDDA=,Xnh18ViBbGg5suHfotiBEQMzUJ4=
1,-8,suGZMk/a4ofCqL2C4Co7oeskDDA=,Xnh18ViBbGg5suHfotiBEQMzUJ4=
0,-8,suGZMk/a4ofCqL2C4Co7oeskDDA=,Xnh18ViBbGg5suHfotiBEQMzUJ4=
5,-9,suGZMk/a4ofCqL2C4Co7oeskDDA=,fzRC6QZs5qxT/Aq7Q29nVgYkUIY=
4,-9,suGZMk/a4ofCqL2C4Co7oeskDDA=,fzRC6QZs5qxT/Aq7Q29nVgYkUIY=
0,-9,suGZMk/a4ofCqL2C4Co7oeskDDA=,fzRC6QZs5qxT/Aq7Q29nVgYkUIY=
3,-9,suGZMk/a4ofCqL2C4Co7oeskDDA=,fzRC6QZs5qxT/Aq7Q29nVgYkUIY=
2,-9,suGZMk/a4ofCqL2C4Co7oeskDDA=,fzRC6QZs5qxT/Aq7Q29nVgYkUIY=
1,-9,suGZMk/a4ofCqL2C4Co7oeskDDA=,fzRC6QZs5qxT/Aq7Q29nVgYkUIY=
7,-4,suGZMk/a4ofCqL2C4Co7oeskDDA=,Xnh18ViBbGg5suHfotiBEQMzUJ4=
3,-3,suGZMk/a4ofCqL2C4Co7oeskDDA=,Xnh18ViBbGg5suHfotiBEQMzUJ4=
4,-3,suGZMk/a4ofCqL2C4Co7oeskDDA=,Xnh18ViBbGg5suHfotiBEQMzUJ4=
6,-3,suGZMk/a4ofCqL2C4Co7oeskDDA=,Xnh18ViBbGg5suHfotiBEQMzUJ4=
7,-3,suGZMk/a4ofCqL2C4Co7oeskDDA=,Xnh18ViBbGg5suHfotiBEQMzUJ4=
4,-2,suGZMk/a4ofCqL2C4Co7oeskDDA=,Xnh18ViBbGg5suHfotiBEQMzUJ4=
6,-2,suGZMk/a4ofCqL2C4Co7oeskDDA=,Xnh18ViBbGg5suHfotiBEQMzUJ4=
7,-2,suGZMk/a4ofCqL2C4Co7oeskDDA=,Xnh18ViBbGg5suHfotiBEQMzUJ4=
4,-1,suGZMk/a4ofCqL2C4Co7oeskDDA=,Xnh18ViBbGg5suHfotiBEQMzUJ4=
5,-2,suGZMk/a4ofCqL2C4Co7oeskDDA=,Xnh18ViBbGg5suHfotiBEQMzUJ4=
5,-1,suGZMk/a4ofCqL2C4Co7oeskDDA=,Xnh18ViBbGg5suHfotiBEQMzUJ4=
7,-1,suGZMk/a4ofCqL2C4Co7oeskDDA=,Xnh18ViBbGg5suHfotiBEQMzUJ4=
6,-1,suGZMk/a4ofCqL2C4Co7oeskDDA=,Xnh18ViBbGg5suHfotiBEQMzUJ4=
8,-6,suGZMk/a4ofCqL2C4Co7oeskDDA=,ZnK+ljHjS4q9n9m7rZ1uV+vzYcM=
8,-4,suGZMk/a4ofCqL2C4Co7oeskDDA=,ZnK+ljHjS4q9n9m7rZ1uV+vzYcM=
8,-2,suGZMk/a4ofCqL2C4Co7oeskDDA=,ZnK+ljHjS4q9n9m7rZ1uV+vzYcM=
8,-5,suGZMk/a4ofCqL2C4Co7oeskDDA=,ZnK+ljHjS4q9n9m7rZ1uV+vzYcM=
8,-3,suGZMk/a4ofCqL2C4Co7oeskDDA=,ZnK+ljHjS4q9n9m7rZ1uV+vzYcM=
8,-1,suGZMk/a4ofCqL2C4Co7oeskDDA=,ZnK+ljHjS4q9n9m7rZ1uV+vzYcM=
8,-7,suGZMk/a4ofCqL2C4Co7oeskDDA=,ZnK+ljHjS4q9n9m7rZ1uV+vzYcM=
9,-10,suGZMk/a4ofCqL2C4Co7oeskDDA=,3/EOPMKCr2SJMI9vQzxAOoNT4YE=
9,-8,suGZMk/a4ofCqL2C4Co7oeskDDA=,ZnK+ljHjS4q9n9m7rZ1uV+vzYcM=
8,-8,suGZMk/a4ofCqL2C4Co7oeskDDA=,ZnK+ljHjS4q9n9m7rZ1uV+vzYcM=
10,-10,suGZMk/a4ofCqL2C4Co7oeskDDA=,3/EOPMKCr2SJMI9vQzxAOoNT4YE=
8,-9,suGZMk/a4ofCqL2C4Co7oeskDDA=,3/EOPMKCr2SJMI9vQzxAOoNT4YE=
3,-1,suGZMk/a4ofCqL2C4Co7oeskDDA=,Xnh18ViBbGg5suHfotiBEQMzUJ4=
11,-7,suGZMk/a4ofCqL2C4Co7oeskDDA=,ZnK+ljHjS4q9n9m7rZ1uV+vzYcM=
9,-9,suGZMk/a4ofCqL2C4Co7oeskDDA=,3/EOPMKCr2SJMI9vQzxAOoNT4YE=
10,-9,suGZMk/a4ofCqL2C4Co7oeskDDA=,3/EOPMKCr2SJMI9vQzxAOoNT4YE=
1,-7,suGZMk/a4ofCqL2C4Co7oeskDDA=,Xnh18ViBbGg5suHfotiBEQMzUJ4=
11,-9,suGZMk/a4ofCqL2C4Co7oeskDDA=,3/EOPMKCr2SJMI9vQzxAOoNT4YE=
7,-8,suGZMk/a4ofCqL2C4Co7oeskDDA=,Xnh18ViBbGg5suHfotiBEQMzUJ4=
5,-7,suGZMk/a4ofCqL2C4Co7oeskDDA=,Xnh18ViBbGg5suHfotiBEQMzUJ4=
10,-7,suGZMk/a4ofCqL2C4Co7oeskDDA=,ZnK+ljHjS4q9n9m7rZ1uV+vzYcM=
10,-8,suGZMk/a4ofCqL2C4Co7oeskDDA=,ZnK+ljHjS4q9n9m7rZ1uV+vzYcM=
4,-7,suGZMk/a4ofCqL2C4Co7oeskDDA=,Xnh18ViBbGg5suHfotiBEQMzUJ4=
3,-8,suGZMk/a4ofCqL2C4Co7oeskDDA=,Xnh18ViBbGg5suHfotiBEQMzUJ4=
2,-8,suGZMk/a4ofCqL2C4Co7oeskDDA=,Xnh18ViBbGg5suHfotiBEQMzUJ4=
6,-8,suGZMk/a4ofCqL2C4Co7oeskDDA=,Xnh18ViBbGg5suHfotiBEQMzUJ4=
3,-4,suGZMk/a4ofCqL2C4Co7oeskDDA=,Xnh18ViBbGg5suHfotiBEQMzUJ4=
11,-8,suGZMk/a4ofCqL2C4Co7oeskDDA=,ZnK+ljHjS4q9n9m7rZ1uV+vzYcM=
2,-1,suGZMk/a4ofCqL2C4Co7oeskDDA=,Xnh18ViBbGg5suHfotiBEQMzUJ4=
7,-9,suGZMk/a4ofCqL2C4Co7oeskDDA=,fzRC6QZs5qxT/Aq7Q29nVgYkUIY=
7,-7,suGZMk/a4ofCqL2C4Co7oeskDDA=,Xnh18ViBbGg5suHfotiBEQMzUJ4=
3,-5,suGZMk/a4ofCqL2C4Co7oeskDDA=,Xnh18ViBbGg5suHfotiBEQMzUJ4=
2,-7,suGZMk/a4ofCqL2C4Co7oeskDDA=,Xnh18ViBbGg5suHfotiBEQMzUJ4=
3,-7,suGZMk/a4ofCqL2C4Co7oeskDDA=,Xnh18ViBbGg5suHfotiBEQMzUJ4=
0,-5,suGZMk/a4ofCqL2C4Co7oeskDDA=,Xnh18ViBbGg5suHfotiBEQMzUJ4=
7,-6,suGZMk/a4ofCqL2C4Co7oeskDDA=,Xnh18ViBbGg5suHfotiBEQMzUJ4=
0,-4,suGZMk/a4ofCqL2C4Co7oeskDDA=,Xnh18ViBbGg5suHfotiBEQMzUJ4=
2,-5,suGZMk/a4ofCqL2C4Co7oeskDDA=,Xnh18ViBbGg5suHfotiBEQMzUJ4=
1,-5,suGZMk/a4ofCqL2C4Co7oeskDDA=,Xnh18ViBbGg5suHfotiBEQMzUJ4=
1,-1,suGZMk/a4ofCqL2C4Co7oeskDDA=,Xnh18ViBbGg5suHfotiBEQMzUJ4=
6,-9,suGZMk/a4ofCqL2C4Co7oeskDDA=,fzRC6QZs5qxT/Aq7Q29nVgYkUIY=
0,-6,suGZMk/a4ofCqL2C4Co7oeskDDA=,Xnh18ViBbGg5suHfotiBEQMzUJ4=
1,-4,suGZMk/a4ofCqL2C4Co7oeskDDA=,Xnh18ViBbGg5suHfotiBEQMzUJ4=
7,-5,suGZMk/a4ofCqL2C4Co7oeskDDA=,Xnh18ViBbGg5suHfotiBEQMzUJ4=
6,-7,suGZMk/a4ofCqL2C4Co7oeskDDA=,Xnh18ViBbGg5suHfotiBEQMzUJ4=
6,-6,suGZMk/a4ofCqL2C4Co7oeskDDA=,Xnh18ViBbGg5suHfotiBEQMzUJ4=
3,-6,suGZMk/a4ofCqL2C4Co7oeskDDA=,Xnh18ViBbGg5suHfotiBEQMzUJ4=
1,-6,suGZMk/a4ofCqL2C4Co7oeskDDA=,Xnh18ViBbGg5suHfotiBEQMzUJ4=
4,-6,suGZMk/a4ofCqL2C4Co7oeskDDA=,Xnh18ViBbGg5suHfotiBEQMzUJ4=
2,-6,suGZMk/a4ofCqL2C4Co7oeskDDA=,Xnh18ViBbGg5suHfotiBEQMzUJ4=
5,-5,suGZMk/a4ofCqL2C4Co7oeskDDA=,Xnh18ViBbGg5suHfotiBEQMzUJ4=
2,-4,suGZMk/a4ofCqL2C4Co7oeskDDA=,Xnh18ViBbGg5suHfotiBEQMzUJ4=
0,-1,suGZMk/a4ofCqL2C4Co7oeskDDA=,Xnh18ViBbGg5suHfotiBEQMzUJ4=
5,-3,suGZMk/a4ofCqL2C4Co7oeskDDA=,Xnh18ViBbGg5suHfotiBEQMzUJ4=
6,-5,suGZMk/a4ofCqL2C4Co7oeskDDA=,Xnh18ViBbGg5suHfotiBEQMzUJ4=
4,-5,suGZMk/a4ofCqL2C4Co7oeskDDA=,Xnh18ViBbGg5suHfotiBEQMzUJ4=
6,-4,suGZMk/a4ofCqL2C4Co7oeskDDA=,Xnh18ViBbGg5suHfotiBEQMzUJ4=
5,-6,suGZMk/a4ofCqL2C4Co7oeskDDA=,Xnh18ViBbGg5suHfotiBEQMzUJ4=
5,-4,suGZMk/a4ofCqL2C4Co7oeskDDA=,Xnh18ViBbGg5suHfotiBEQMzUJ4=
3,-2,suGZMk/a4ofCqL2C4Co7oeskDDA=,Xnh18ViBbGg5suHfotiBEQMzUJ4=
4,-4,suGZMk/a4ofCqL2C4Co7oeskDDA=,Xnh18ViBbGg5suHfotiBEQMzUJ4=
1,-3,suGZMk/a4ofCqL2C4Co7oeskDDA=,Xnh18ViBbGg5suHfotiBEQMzUJ4=
2,-3,suGZMk/a4ofCqL2C4Co7oeskDDA=,Xnh18ViBbGg5suHfotiBEQMzUJ4=
1,-2,suGZMk/a4ofCqL2C4Co7oeskDDA=,Xnh18ViBbGg5suHfotiBEQMzUJ4=
0,-3,suGZMk/a4ofCqL2C4Co7oeskDDA=,Xnh18ViBbGg5suHfotiBEQMzUJ4=
2,-2,suGZMk/a4ofCqL2C4Co7oeskDDA=,Xnh18ViBbGg5suHfotiBEQMzUJ4=
0,-2,suGZMk/a4ofCqL2C4Co7oeskDDA=,Xnh18ViBbGg5suHfotiBEQMzUJ4=
25,-6,Li1HgwxU/1J+5D6iFSj/EiUFZpU=,h0lKiLxjABLAh/JRRUBuCQgJXHg=
30,-7,Li1HgwxU/1J+5D6iFSj/EiUFZpU=,h0lKiLxjABLAh/JRRUBuCQgJXHg=
29,-7,Li1HgwxU/1J+5D6iFSj/EiUFZpU=,h0lKiLxjABLAh/JRRUBuCQgJXHg=
28,-7,Li1HgwxU/1J+5D6iFSj/EiUFZpU=,h0lKiLxjABLAh/JRRUBuCQgJXHg=
27,-7,Li1HgwxU/1J+5D6iFSj/EiUFZpU=,h0lKiLxjABLAh/JRRUBuCQgJXHg=
26,-7,Li1HgwxU/1J+5D6iFSj/EiUFZpU=,h0lKiLxjABLAh/JRRUBuCQgJXHg=
25,-7,Li1HgwxU/1J+5D6iFSj/EiUFZpU=,h0lKiLxjABLAh/JRRUBuCQgJXHg=
30,-8,Li1HgwxU/1J+5D6iFSj/EiUFZpU=,h0lKiLxjABLAh/JRRUBuCQgJXHg=
29,-8,Li1HgwxU/1J+5D6iFSj/EiUFZpU=,h0lKiLxjABLAh/JRRUBuCQgJXHg=
30,-2,Li1HgwxU/1J+5D6iFSj/EiUFZpU=,h0lKiLxjABLAh/JRRUBuCQgJXHg=
29,-2,Li1HgwxU/1J+5D6iFSj/EiUFZpU=,h0lKiLxjABLAh/JRRUBuCQgJXHg=
28,-2,Li1HgwxU/1J+5D6iFSj/EiUFZpU=,h0lKiLxjABLAh/JRRUBuCQgJXHg=
27,-2,Li1HgwxU/1J+5D6iFSj/EiUFZpU=,h0lKiLxjABLAh/JRRUBuCQgJXHg=
25,-2,Li1HgwxU/1J+5D6iFSj/EiUFZpU=,h0lKiLxjABLAh/JRRUBuCQgJXHg=
26,-2,Li1HgwxU/1J+5D6iFSj/EiUFZpU=,h0lKiLxjABLAh/JRRUBuCQgJXHg=
28,-8,Li1HgwxU/1J+5D6iFSj/EiUFZpU=,h0lKiLxjABLAh/JRRUBuCQgJXHg=
30,-3,Li1HgwxU/1J+5D6iFSj/EiUFZpU=,h0lKiLxjABLAh/JRRUBuCQgJXHg=
29,-3,Li1HgwxU/1J+5D6iFSj/EiUFZpU=,h0lKiLxjABLAh/JRRUBuCQgJXHg=
28,-3,Li1HgwxU/1J+5D6iFSj/EiUFZpU=,h0lKiLxjABLAh/JRRUBuCQgJXHg=
27,-8,Li1HgwxU/1J+5D6iFSj/EiUFZpU=,h0lKiLxjABLAh/JRRUBuCQgJXHg=
27,-3,Li1HgwxU/1J+5D6iFSj/EiUFZpU=,h0lKiLxjABLAh/JRRUBuCQgJXHg=
26,-3,Li1HgwxU/1J+5D6iFSj/EiUFZpU=,h0lKiLxjABLAh/JRRUBuCQgJXHg=
25,-3,Li1HgwxU/1J+5D6iFSj/EiUFZpU=,h0lKiLxjABLAh/JRRUBuCQgJXHg=
30,-4,Li1HgwxU/1J+5D6iFSj/EiUFZpU=,h0lKiLxjABLAh/JRRUBuCQgJXHg=
28,-4,Li1HgwxU/1J+5D6iFSj/EiUFZpU=,h0lKiLxjABLAh/JRRUBuCQgJXHg=
27,-4,Li1HgwxU/1J+5D6iFSj/EiUFZpU=,h0lKiLxjABLAh/JRRUBuCQgJXHg=
29,-4,Li1HgwxU/1J+5D6iFSj/EiUFZpU=,h0lKiLxjABLAh/JRRUBuCQgJXHg=
26,-4,Li1HgwxU/1J+5D6iFSj/EiUFZpU=,h0lKiLxjABLAh/JRRUBuCQgJXHg=
25,-8,Li1HgwxU/1J+5D6iFSj/EiUFZpU=,h0lKiLxjABLAh/JRRUBuCQgJXHg=
25,-4,Li1HgwxU/1J+5D6iFSj/EiUFZpU=,h0lKiLxjABLAh/JRRUBuCQgJXHg=
26,-8,Li1HgwxU/1J+5D6iFSj/EiUFZpU=,h0lKiLxjABLAh/JRRUBuCQgJXHg=
30,-5,Li1HgwxU/1J+5D6iFSj/EiUFZpU=,h0lKiLxjABLAh/JRRUBuCQgJXHg=
29,-5,Li1HgwxU/1J+5D6iFSj/EiUFZpU=,h0lKiLxjABLAh/JRRUBuCQgJXHg=
27,-5,Li1HgwxU/1J+5D6iFSj/EiUFZpU=,h0lKiLxjABLAh/JRRUBuCQgJXHg=
28,-5,Li1HgwxU/1J+5D6iFSj/EiUFZpU=,h0lKiLxjABLAh/JRRUBuCQgJXHg=
26,-5,Li1HgwxU/1J+5D6iFSj/EiUFZpU=,h0lKiLxjABLAh/JRRUBuCQgJXHg=
25,-5,Li1HgwxU/1J+5D6iFSj/EiUFZpU=,h0lKiLxjABLAh/JRRUBuCQgJXHg=
30,-6,Li1HgwxU/1J+5D6iFSj/EiUFZpU=,h0lKiLxjABLAh/JRRUBuCQgJXHg=
29,-6,Li1HgwxU/1J+5D6iFSj/EiUFZpU=,h0lKiLxjABLAh/JRRUBuCQgJXHg=
28,-6,Li1HgwxU/1J+5D6iFSj/EiUFZpU=,h0lKiLxjABLAh/JRRUBuCQgJXHg=
27,-6,Li1HgwxU/1J+5D6iFSj/EiUFZpU=,h0lKiLxjABLAh/JRRUBuCQgJXHg=
26,-6,Li1HgwxU/1J+5D6iFSj/EiUFZpU=,h0lKiLxjABLAh/JRRUBuCQgJXHg=
22,-5,Li1HgwxU/1J+5D6iFSj/EiUFZpU=,Wd1oxOXYGfsoWF6DRMd/gnvO8z0=
22,-4,Li1HgwxU/1J+5D6iFSj/EiUFZpU=,Wd1oxOXYGfsoWF6DRMd/gnvO8z0=
23,-4,Li1HgwxU/1J+5D6iFSj/EiUFZpU=,Wd1oxOXYGfsoWF6DRMd/gnvO8z0=
21,-5,Li1HgwxU/1J+5D6iFSj/EiUFZpU=,Wd1oxOXYGfsoWF6DRMd/gnvO8z0=
23,-5,Li1HgwxU/1J+5D6iFSj/EiUFZpU=,Wd1oxOXYGfsoWF6DRMd/gnvO8z0=
17,-4,Li1HgwxU/1J+5D6iFSj/EiUFZpU=,Wd1oxOXYGfsoWF6DRMd/gnvO8z0=
23,-6,Li1HgwxU/1J+5D6iFSj/EiUFZpU=,Wd1oxOXYGfsoWF6DRMd/gnvO8z0=
19,-5,Li1HgwxU/1J+5D6iFSj/EiUFZpU=,Wd1oxOXYGfsoWF6DRMd/gnvO8z0=
20,-5,Li1HgwxU/1J+5D6iFSj/EiUFZpU=,Wd1oxOXYGfsoWF6DRMd/gnvO8z0=
22,-6,Li1HgwxU/1J+5D6iFSj/EiUFZpU=,Wd1oxOXYGfsoWF6DRMd/gnvO8z0=
22,-7,Li1HgwxU/1J+5D6iFSj/EiUFZpU=,Wd1oxOXYGfsoWF6DRMd/gnvO8z0=
18,-5,Li1HgwxU/1J+5D6iFSj/EiUFZpU=,Wd1oxOXYGfsoWF6DRMd/gnvO8z0=
17,-3,Li1HgwxU/1J+5D6iFSj/EiUFZpU=,Wd1oxOXYGfsoWF6DRMd/gnvO8z0=
21,-8,Li1HgwxU/1J+5D6iFSj/EiUFZpU=,Wd1oxOXYGfsoWF6DRMd/gnvO8z0=
18,-3,Li1HgwxU/1J+5D6iFSj/EiUFZpU=,Wd1oxOXYGfsoWF6DRMd/gnvO8z0=
23,-7,Li1HgwxU/1J+5D6iFSj/EiUFZpU=,Wd1oxOXYGfsoWF6DRMd/gnvO8z0=
22,-8,Li1HgwxU/1J+5D6iFSj/EiUFZpU=,Wd1oxOXYGfsoWF6DRMd/gnvO8z0=
24,-6,Li1HgwxU/1J+5D6iFSj/EiUFZpU=,h0lKiLxjABLAh/JRRUBuCQgJXHg=
20,-3,Li1HgwxU/1J+5D6iFSj/EiUFZpU=,Wd1oxOXYGfsoWF6DRMd/gnvO8z0=
19,-3,Li1HgwxU/1J+5D6iFSj/EiUFZpU=,Wd1oxOXYGfsoWF6DRMd/gnvO8z0=
21,-3,Li1HgwxU/1J+5D6iFSj/EiUFZpU=,Wd1oxOXYGfsoWF6DRMd/gnvO8z0=
17,-8,Li1HgwxU/1J+5D6iFSj/EiUFZpU=,Wd1oxOXYGfsoWF6DRMd/gnvO8z0=
22,-3,Li1HgwxU/1J+5D6iFSj/EiUFZpU=,Wd1oxOXYGfsoWF6DRMd/gnvO8z0=
23,-3,Li1HgwxU/1J+5D6iFSj/EiUFZpU=,Wd1oxOXYGfsoWF6DRMd/gnvO8z0=
19,-8,Li1HgwxU/1J+5D6iFSj/EiUFZpU=,Wd1oxOXYGfsoWF6DRMd/gnvO8z0=
18,-8,Li1HgwxU/1J+5D6iFSj/EiUFZpU=,Wd1oxOXYGfsoWF6DRMd/gnvO8z0=
17,-6,Li1HgwxU/1J+5D6iFSj/EiUFZpU=,Wd1oxOXYGfsoWF6DRMd/gnvO8z0=
20,-8,Li1HgwxU/1J+5D6iFSj/EiUFZpU=,Wd1oxOXYGfsoWF6DRMd/gnvO8z0=
17,-2,Li1HgwxU/1J+5D6iFSj/EiUFZpU=,Wd1oxOXYGfsoWF6DRMd/gnvO8z0=
18,-2,Li1HgwxU/1J+5D6iFSj/EiUFZpU=,Wd1oxOXYGfsoWF6DRMd/gnvO8z0=
18,-6,Li1HgwxU/1J+5D6iFSj/EiUFZpU=,Wd1oxOXYGfsoWF6DRMd/gnvO8z0=
19,-2,Li1HgwxU/1J+5D6iFSj/EiUFZpU=,Wd1oxOXYGfsoWF6DRMd/gnvO8z0=
21,-2,Li1HgwxU/1J+5D6iFSj/EiUFZpU=,Wd1oxOXYGfsoWF6DRMd/gnvO8z0=
20,-2,Li1HgwxU/1J+5D6iFSj/EiUFZpU=,Wd1oxOXYGfsoWF6DRMd/gnvO8z0=
18,-4,Li1HgwxU/1J+5D6iFSj/EiUFZpU=,Wd1oxOXYGfsoWF6DRMd/gnvO8z0=
22,-2,Li1HgwxU/1J+5D6iFSj/EiUFZpU=,Wd1oxOXYGfsoWF6DRMd/gnvO8z0=
23,-2,Li1HgwxU/1J+5D6iFSj/EiUFZpU=,Wd1oxOXYGfsoWF6DRMd/gnvO8z0=
24,-5,Li1HgwxU/1J+5D6iFSj/EiUFZpU=,h0lKiLxjABLAh/JRRUBuCQgJXHg=
23,-8,Li1HgwxU/1J+5D6iFSj/EiUFZpU=,Wd1oxOXYGfsoWF6DRMd/gnvO8z0=
24,-4,Li1HgwxU/1J+5D6iFSj/EiUFZpU=,h0lKiLxjABLAh/JRRUBuCQgJXHg=
19,-4,Li1HgwxU/1J+5D6iFSj/EiUFZpU=,Wd1oxOXYGfsoWF6DRMd/gnvO8z0=
17,-7,Li1HgwxU/1J+5D6iFSj/EiUFZpU=,Wd1oxOXYGfsoWF6DRMd/gnvO8z0=
19,-6,Li1HgwxU/1J+5D6iFSj/EiUFZpU=,Wd1oxOXYGfsoWF6DRMd/gnvO8z0=
20,-4,Li1HgwxU/1J+5D6iFSj/EiUFZpU=,Wd1oxOXYGfsoWF6DRMd/gnvO8z0=
24,-8,Li1HgwxU/1J+5D6iFSj/EiUFZpU=,h0lKiLxjABLAh/JRRUBuCQgJXHg=
17,-5,Li1HgwxU/1J+5D6iFSj/EiUFZpU=,Wd1oxOXYGfsoWF6DRMd/gnvO8z0=
18,-7,Li1HgwxU/1J+5D6iFSj/EiUFZpU=,Wd1oxOXYGfsoWF6DRMd/gnvO8z0=
19,-7,Li1HgwxU/1J+5D6iFSj/EiUFZpU=,Wd1oxOXYGfsoWF6DRMd/gnvO8z0=
21,-4,Li1HgwxU/1J+5D6iFSj/EiUFZpU=,Wd1oxOXYGfsoWF6DRMd/gnvO8z0=
21,-7,Li1HgwxU/1J+5D6iFSj/EiUFZpU=,Wd1oxOXYGfsoWF6DRMd/gnvO8z0=
20,-6,Li1HgwxU/1J+5D6iFSj/EiUFZpU=,Wd1oxOXYGfsoWF6DRMd/gnvO8z0=
24,-7,Li1HgwxU/1J+5D6iFSj/EiUFZpU=,h0lKiLxjABLAh/JRRUBuCQgJXHg=
24,-3,Li1HgwxU/1J+5D6iFSj/EiUFZpU=,h0lKiLxjABLAh/JRRUBuCQgJXHg=
20,-7,Li1HgwxU/1J+5D6iFSj/EiUFZpU=,Wd1oxOXYGfsoWF6DRMd/gnvO8z0=
21,-6,Li1HgwxU/1J+5D6iFSj/EiUFZpU=,Wd1oxOXYGfsoWF6DRMd/gnvO8z0=
24,-2,Li1HgwxU/1J+5D6iFSj/EiUFZpU=,h0lKiLxjABLAh/JRRUBuCQgJXHg=
31,-6,Li1HgwxU/1J+5D6iFSj/EiUFZpU=,h0lKiLxjABLAh/JRRUBuCQgJXHg=
31,-5,Li1HgwxU/1J+5D6iFSj/EiUFZpU=,h0lKiLxjABLAh/JRRUBuCQgJXHg=
31,-4,Li1HgwxU/1J+5D6iFSj/EiUFZpU=,h0lKiLxjABLAh/JRRUBuCQgJXHg=
31,-2,Li1HgwxU/1J+5D6iFSj/EiUFZpU=,h0lKiLxjABLAh/JRRUBuCQgJXHg=
31,-3,Li1HgwxU/1J+5D6iFSj/EiUFZpU=,h0lKiLxjABLAh/JRRUBuCQgJXHg=
16,-4,Li1HgwxU/1J+5D6iFSj/EiUFZpU=,Wd1oxOXYGfsoWF6DRMd/gnvO8z0=
31,-7,Li1HgwxU/1J+5D6iFSj/EiUFZpU=,h0lKiLxjABLAh/JRRUBuCQgJXHg=
16,-3,Li1HgwxU/1J+5D6iFSj/EiUFZpU=,Wd1oxOXYGfsoWF6DRMd/gnvO8z0=
16,-2,Li1HgwxU/1J+5D6iFSj/EiUFZpU=,Wd1oxOXYGfsoWF6DRMd/gnvO8z0=
16,-6,Li1HgwxU/1J+5D6iFSj/EiUFZpU=,Wd1oxOXYGfsoWF6DRMd/gnvO8z0=
16,-7,Li1HgwxU/1J+5D6iFSj/EiUFZpU=,Wd1oxOXYGfsoWF6DRMd/gnvO8z0=
16,-5,Li1HgwxU/1J+5D6iFSj/EiUFZpU=,Wd1oxOXYGfsoWF6DRMd/gnvO8z0=
16,-8,Li1HgwxU/1J+5D6iFSj/EiUFZpU=,Wd1oxOXYGfsoWF6DRMd/gnvO8z0=
31,-8,Li1HgwxU/1J+5D6iFSj/EiUFZpU=,h0lKiLxjABLAh/JRRUBuCQgJXHg=
25,-1,Li1HgwxU/1J+5D6iFSj/EiUFZpU=,h0lKiLxjABLAh/JRRUBuCQgJXHg=
27,-1,Li1HgwxU/1J+5D6iFSj/EiUFZpU=,h0lKiLxjABLAh/JRRUBuCQgJXHg=
28,-1,Li1HgwxU/1J+5D6iFSj/EiUFZpU=,h0lKiLxjABLAh/JRRUBuCQgJXHg=
29,-1,Li1HgwxU/1J+5D6iFSj/EiUFZpU=,h0lKiLxjABLAh/JRRUBuCQgJXHg=
30,-1,Li1HgwxU/1J+5D6iFSj/EiUFZpU=,h0lKiLxjABLAh/JRRUBuCQgJXHg=
31,-1,Li1HgwxU/1J+5D6iFSj/EiUFZpU=,h0lKiLxjABLAh/JRRUBuCQgJXHg=
16,-1,Li1HgwxU/1J+5D6iFSj/EiUFZpU=,Wd1oxOXYGfsoWF6DRMd/gnvO8z0=
17,-1,Li1HgwxU/1J+5D6iFSj/EiUFZpU=,Wd1oxOXYGfsoWF6DRMd/gnvO8z0=
18,-1,Li1HgwxU/1J+5D6iFSj/EiUFZpU=,Wd1oxOXYGfsoWF6DRMd/gnvO8z0=
24,-1,Li1HgwxU/1J+5D6iFSj/EiUFZpU=,h0lKiLxjABLAh/JRRUBuCQgJXHg=
19,-1,Li1HgwxU/1J+5D6iFSj/EiUFZpU=,Wd1oxOXYGfsoWF6DRMd/gnvO8z0=
22,-1,Li1HgwxU/1J+5D6iFSj/EiUFZpU=,Wd1oxOXYGfsoWF6DRMd/gnvO8z0=
21,-1,Li1HgwxU/1J+5D6iFSj/EiUFZpU=,Wd1oxOXYGfsoWF6DRMd/gnvO8z0=
23,-1,Li1HgwxU/1J+5D6iFSj/EiUFZpU=,Wd1oxOXYGfsoWF6DRMd/gnvO8z0=
26,-1,Li1HgwxU/1J+5D6iFSj/EiUFZpU=,h0lKiLxjABLAh/JRRUBuCQgJXHg=
20,-1,Li1HgwxU/1J+5D6iFSj/EiUFZpU=,Wd1oxOXYGfsoWF6DRMd/gnvO8z0=
2,-27,/FvqQLU01Fc1/QYwZMy60qM5iHw=,gf42FbWphCdnohSGQtuqVCoANrk=
4,-32,EZjeYBBM4VBLS83jHeLBA79kjN0=,gf42FbWphCdnohSGQtuqVCoANrk=
3,-32,EZjeYBBM4VBLS83jHeLBA79kjN0=,gf42FbWphCdnohSGQtuqVCoANrk=
3,-27,/FvqQLU01Fc1/QYwZMy60qM5iHw=,gf42FbWphCdnohSGQtuqVCoANrk=
1,-31,EZjeYBBM4VBLS83jHeLBA79kjN0=,gf42FbWphCdnohSGQtuqVCoANrk=
1,-27,/FvqQLU01Fc1/QYwZMy60qM5iHw=,gf42FbWphCdnohSGQtuqVCoANrk=
7,-31,EZjeYBBM4VBLS83jHeLBA79kjN0=,gf42FbWphCdnohSGQtuqVCoANrk=
0,-27,/FvqQLU01Fc1/QYwZMy60qM5iHw=,gf42FbWphCdnohSGQtuqVCoANrk=
5,-28,EZjeYBBM4VBLS83jHeLBA79kjN0=,gf42FbWphCdnohSGQtuqVCoANrk=
0,-31,EZjeYBBM4VBLS83jHeLBA79kjN0=,gf42FbWphCdnohSGQtuqVCoANrk=
7,-32,EZjeYBBM4VBLS83jHeLBA79kjN0=,gf42FbWphCdnohSGQtuqVCoANrk=
2,-29,EZjeYBBM4VBLS83jHeLBA79kjN0=,gf42FbWphCdnohSGQtuqVCoANrk=
6,-31,EZjeYBBM4VBLS83jHeLBA79kjN0=,gf42FbWphCdnohSGQtuqVCoANrk=
7,-29,EZjeYBBM4VBLS83jHeLBA79kjN0=,gf42FbWphCdnohSGQtuqVCoANrk=
0,-29,EZjeYBBM4VBLS83jHeLBA79kjN0=,gf42FbWphCdnohSGQtuqVCoANrk=
4,-28,EZjeYBBM4VBLS83jHeLBA79kjN0=,gf42FbWphCdnohSGQtuqVCoANrk=
2,-28,EZjeYBBM4VBLS83jHeLBA79kjN0=,gf42FbWphCdnohSGQtuqVCoANrk=
7,-28,EZjeYBBM4VBLS83jHeLBA79kjN0=,gf42FbWphCdnohSGQtuqVCoANrk=
4,-31,EZjeYBBM4VBLS83jHeLBA79kjN0=,gf42FbWphCdnohSGQtuqVCoANrk=
1,-29,EZjeYBBM4VBLS83jHeLBA79kjN0=,gf42FbWphCdnohSGQtuqVCoANrk=
6,-30,EZjeYBBM4VBLS83jHeLBA79kjN0=,gf42FbWphCdnohSGQtuqVCoANrk=
5,-30,EZjeYBBM4VBLS83jHeLBA79kjN0=,gf42FbWphCdnohSGQtuqVCoANrk=
2,-32,EZjeYBBM4VBLS83jHeLBA79kjN0=,gf42FbWphCdnohSGQtuqVCoANrk=
3,-31,EZjeYBBM4VBLS83jHeLBA79kjN0=,gf42FbWphCdnohSGQtuqVCoANrk=
4,-30,EZjeYBBM4VBLS83jHeLBA79kjN0=,gf42FbWphCdnohSGQtuqVCoANrk=
6,-29,EZjeYBBM4VBLS83jHeLBA79kjN0=,gf42FbWphCdnohSGQtuqVCoANrk=
6,-32,EZjeYBBM4VBLS83jHeLBA79kjN0=,gf42FbWphCdnohSGQtuqVCoANrk=
7,-30,EZjeYBBM4VBLS83jHeLBA79kjN0=,gf42FbWphCdnohSGQtuqVCoANrk=
3,-30,EZjeYBBM4VBLS83jHeLBA79kjN0=,gf42FbWphCdnohSGQtuqVCoANrk=
6,-28,EZjeYBBM4VBLS83jHeLBA79kjN0=,gf42FbWphCdnohSGQtuqVCoANrk=
1,-32,EZjeYBBM4VBLS83jHeLBA79kjN0=,gf42FbWphCdnohSGQtuqVCoANrk=
2,-30,EZjeYBBM4VBLS83jHeLBA79kjN0=,gf42FbWphCdnohSGQtuqVCoANrk=
1,-30,EZjeYBBM4VBLS83jHeLBA79kjN0=,gf42FbWphCdnohSGQtuqVCoANrk=
3,-28,EZjeYBBM4VBLS83jHeLBA79kjN0=,gf42FbWphCdnohSGQtuqVCoANrk=
0,-30,EZjeYBBM4VBLS83jHeLBA79kjN0=,gf42FbWphCdnohSGQtuqVCoANrk=
5,-29,EZjeYBBM4VBLS83jHeLBA79kjN0=,gf42FbWphCdnohSGQtuqVCoANrk=
0,-32,EZjeYBBM4VBLS83jHeLBA79kjN0=,gf42FbWphCdnohSGQtuqVCoANrk=
1,-28,EZjeYBBM4VBLS83jHeLBA79kjN0=,gf42FbWphCdnohSGQtuqVCoANrk=
5,-31,EZjeYBBM4VBLS83jHeLBA79kjN0=,gf42FbWphCdnohSGQtuqVCoANrk=
6,-26,/FvqQLU01Fc1/QYwZMy60qM5iHw=,gf42FbWphCdnohSGQtuqVCoANrk=
4,-29,EZjeYBBM4VBLS83jHeLBA79kjN0=,gf42FbWphCdnohSGQtuqVCoANrk=
7,-26,/FvqQLU01Fc1/QYwZMy60qM5iHw=,gf42FbWphCdnohSGQtuqVCoANrk=
3,-29,EZjeYBBM4VBLS83jHeLBA79kjN0=,gf42FbWphCdnohSGQtuqVCoANrk=
4,-26,/FvqQLU01Fc1/QYwZMy60qM5iHw=,gf42FbWphCdnohSGQtuqVCoANrk=
3,-26,/FvqQLU01Fc1/QYwZMy60qM5iHw=,gf42FbWphCdnohSGQtuqVCoANrk=
5,-26,/FvqQLU01Fc1/QYwZMy60qM5iHw=,gf42FbWphCdnohSGQtuqVCoANrk=
0,-28,EZjeYBBM4VBLS83jHeLBA79kjN0=,gf42FbWphCdnohSGQtuqVCoANrk=
5,-32,EZjeYBBM4VBLS83jHeLBA79kjN0=,gf42FbWphCdnohSGQtuqVCoANrk=
2,-26,/FvqQLU01Fc1/QYwZMy60qM5iHw=,gf42FbWphCdnohSGQtuqVCoANrk=
1,-26,/FvqQLU01Fc1/QYwZMy60qM5iHw=,gf42FbWphCdnohSGQtuqVCoANrk=
0,-26,/FvqQLU01Fc1/QYwZMy60qM5iHw=,gf42FbWphCdnohSGQtuqVCoANrk=
2,-31,EZjeYBBM4VBLS83jHeLBA79kjN0=,gf42FbWphCdnohSGQtuqVCoANrk=
7,-27,/FvqQLU01Fc1/QYwZMy60qM5iHw=,gf42FbWphCdnohSGQtuqVCoANrk=
6,-27,/FvqQLU01Fc1/QYwZMy60qM5iHw=,gf42FbWphCdnohSGQtuqVCoANrk=
4,-27,/FvqQLU01Fc1/QYwZMy60qM5iHw=,gf42FbWphCdnohSGQtuqVCoANrk=
5,-27,/FvqQLU01Fc1/QYwZMy60qM5iHw=,gf42FbWphCdnohSGQtuqVCoANrk=
7,-17,20YgEQ3cXEfQma5dm7N9fcgUPsk=,9gw7nHYxrga8HYuSs2hIM0mR4yk=
3,-17,20YgEQ3cXEfQma5dm7N9fcgUPsk=,9gw7nHYxrga8HYuSs2hIM0mR4yk=
7,-22,20YgEQ3cXEfQma5dm7N9fcgUPsk=,9gw7nHYxrga8HYuSs2hIM0mR4yk=
5,-17,20YgEQ3cXEfQma5dm7N9fcgUPsk=,9gw7nHYxrga8HYuSs2hIM0mR4yk=
4,-17,20YgEQ3cXEfQma5dm7N9fcgUPsk=,9gw7nHYxrga8HYuSs2hIM0mR4yk=
6,-22,20YgEQ3cXEfQma5dm7N9fcgUPsk=,9gw7nHYxrga8HYuSs2hIM0mR4yk=
5,-22,20YgEQ3cXEfQma5dm7N9fcgUPsk=,9gw7nHYxrga8HYuSs2hIM0mR4yk=
4,-21,20YgEQ3cXEfQma5dm7N9fcgUPsk=,9gw7nHYxrga8HYuSs2hIM0mR4yk=
5,-21,20YgEQ3cXEfQma5dm7N9fcgUPsk=,9gw7nHYxrga8HYuSs2hIM0mR4yk=
6,-21,20YgEQ3cXEfQma5dm7N9fcgUPsk=,9gw7nHYxrga8HYuSs2hIM0mR4yk=
7,-21,20YgEQ3cXEfQma5dm7N9fcgUPsk=,9gw7nHYxrga8HYuSs2hIM0mR4yk=
6,-17,20YgEQ3cXEfQma5dm7N9fcgUPsk=,9gw7nHYxrga8HYuSs2hIM0mR4yk=
0,-20,20YgEQ3cXEfQma5dm7N9fcgUPsk=,9gw7nHYxrga8HYuSs2hIM0mR4yk=
2,-20,20YgEQ3cXEfQma5dm7N9fcgUPsk=,9gw7nHYxrga8HYuSs2hIM0mR4yk=
1,-20,20YgEQ3cXEfQma5dm7N9fcgUPsk=,9gw7nHYxrga8HYuSs2hIM0mR4yk=
3,-20,20YgEQ3cXEfQma5dm7N9fcgUPsk=,9gw7nHYxrga8HYuSs2hIM0mR4yk=
4,-20,20YgEQ3cXEfQma5dm7N9fcgUPsk=,9gw7nHYxrga8HYuSs2hIM0mR4yk=
5,-20,20YgEQ3cXEfQma5dm7N9fcgUPsk=,9gw7nHYxrga8HYuSs2hIM0mR4yk=
0,-25,/FvqQLU01Fc1/QYwZMy60qM5iHw=,gf42FbWphCdnohSGQtuqVCoANrk=
6,-20,20YgEQ3cXEfQma5dm7N9fcgUPsk=,9gw7nHYxrga8HYuSs2hIM0mR4yk=
1,-25,/FvqQLU01Fc1/QYwZMy60qM5iHw=,gf42FbWphCdnohSGQtuqVCoANrk=
0,-21,20YgEQ3cXEfQma5dm7N9fcgUPsk=,9gw7nHYxrga8HYuSs2hIM0mR4yk=
3,-21,20YgEQ3cXEfQma5dm7N9fcgUPsk=,9gw7nHYxrga8HYuSs2hIM0mR4yk=
2,-21,20YgEQ3cXEfQma5dm7N9fcgUPsk=,9gw7nHYxrga8HYuSs2hIM0mR4yk=
2,-17,20YgEQ3cXEfQma5dm7N9fcgUPsk=,9gw7nHYxrga8HYuSs2hIM0mR4yk=
1,-17,20YgEQ3cXEfQma5dm7N9fcgUPsk=,9gw7nHYxrga8HYuSs2hIM0mR4yk=
4,-22,20YgEQ3cXEfQma5dm7N9fcgUPsk=,9gw7nHYxrga8HYuSs2hIM0mR4yk=
6,-23,20YgEQ3cXEfQma5dm7N9fcgUPsk=,9gw7nHYxrga8HYuSs2hIM0mR4yk=
7,-23,20YgEQ3cXEfQma5dm7N9fcgUPsk=,9gw7nHYxrga8HYuSs2hIM0mR4yk=
2,-25,/FvqQLU01Fc1/QYwZMy60qM5iHw=,gf42FbWphCdnohSGQtuqVCoANrk=
1,-21,20YgEQ3cXEfQma5dm7N9fcgUPsk=,9gw7nHYxrga8HYuSs2hIM0mR4yk=
5,-23,20YgEQ3cXEfQma5dm7N9fcgUPsk=,9gw7nHYxrga8HYuSs2hIM0mR4yk=
3,-25,/FvqQLU01Fc1/QYwZMy60qM5iHw=,gf42FbWphCdnohSGQtuqVCoANrk=
7,-20,20YgEQ3cXEfQma5dm7N9fcgUPsk=,9gw7nHYxrga8HYuSs2hIM0mR4yk=
4,-25,/FvqQLU01Fc1/QYwZMy60qM5iHw=,gf42FbWphCdnohSGQtuqVCoANrk=
0,-19,20YgEQ3cXEfQma5dm7N9fcgUPsk=,9gw7nHYxrga8HYuSs2hIM0mR4yk=
1,-19,20YgEQ3cXEfQma5dm7N9fcgUPsk=,9gw7nHYxrga8HYuSs2hIM0mR4yk=
5,-25,/FvqQLU01Fc1/QYwZMy60qM5iHw=,gf42FbWphCdnohSGQtuqVCoANrk=
6,-25,/FvqQLU01Fc1/QYwZMy60qM5iHw=,gf42FbWphCdnohSGQtuqVCoANrk=
7,-25,/FvqQLU01Fc1/QYwZMy60qM5iHw=,gf42FbWphCdnohSGQtuqVCoANrk=
2,-19,20YgEQ3cXEfQma5dm7N9fcgUPsk=,9gw7nHYxrga8HYuSs2hIM0mR4yk=
3,-19,20YgEQ3cXEfQma5dm7N9fcgUPsk=,9gw7nHYxrga8HYuSs2hIM0mR4yk=
0,-24,20YgEQ3cXEfQma5dm7N9fcgUPsk=,9gw7nHYxrga8HYuSs2hIM0mR4yk=
3,-22,20YgEQ3cXEfQma5dm7N9fcgUPsk=,9gw7nHYxrga8HYuSs2hIM0mR4yk=
2,-22,20YgEQ3cXEfQma5dm7N9fcgUPsk=,9gw7nHYxrga8HYuSs2hIM0mR4yk=
1,-22,20YgEQ3cXEfQma5dm7N9fcgUPsk=,9gw7nHYxrga8HYuSs2hIM0mR4yk=
4,-19,20YgEQ3cXEfQma5dm7N9fcgUPsk=,9gw7nHYxrga8HYuSs2hIM0mR4yk=
4,-23,20YgEQ3cXEfQma5dm7N9fcgUPsk=,9gw7nHYxrga8HYuSs2hIM0mR4yk=
0,-22,20YgEQ3cXEfQma5dm7N9fcgUPsk=,9gw7nHYxrga8HYuSs2hIM0mR4yk=
7,-24,20YgEQ3cXEfQma5dm7N9fcgUPsk=,9gw7nHYxrga8HYuSs2hIM0mR4yk=
7,-18,20YgEQ3cXEfQma5dm7N9fcgUPsk=,9gw7nHYxrga8HYuSs2hIM0mR4yk=
5,-18,20YgEQ3cXEfQma5dm7N9fcgUPsk=,9gw7nHYxrga8HYuSs2hIM0mR4yk=
3,-18,20YgEQ3cXEfQma5dm7N9fcgUPsk=,9gw7nHYxrga8HYuSs2hIM0mR4yk=
6,-18,20YgEQ3cXEfQma5dm7N9fcgUPsk=,9gw7nHYxrga8HYuSs2hIM0mR4yk=
2,-18,20YgEQ3cXEfQma5dm7N9fcgUPsk=,9gw7nHYxrga8HYuSs2hIM0mR4yk=
1,-18,20YgEQ3cXEfQma5dm7N9fcgUPsk=,9gw7nHYxrga8HYuSs2hIM0mR4yk=
0,-18,20YgEQ3cXEfQma5dm7N9fcgUPsk=,9gw7nHYxrga8HYuSs2hIM0mR4yk=
7,-19,20YgEQ3cXEfQma5dm7N9fcgUPsk=,9gw7nHYxrga8HYuSs2hIM0mR4yk=
6,-24,20YgEQ3cXEfQma5dm7N9fcgUPsk=,9gw7nHYxrga8HYuSs2hIM0mR4yk=
3,-23,20YgEQ3cXEfQma5dm7N9fcgUPsk=,9gw7nHYxrga8HYuSs2hIM0mR4yk=
5,-24,20YgEQ3cXEfQma5dm7N9fcgUPsk=,9gw7nHYxrga8HYuSs2hIM0mR4yk=
0,-17,20YgEQ3cXEfQma5dm7N9fcgUPsk=,9gw7nHYxrga8HYuSs2hIM0mR4yk=
5,-19,20YgEQ3cXEfQma5dm7N9fcgUPsk=,9gw7nHYxrga8HYuSs2hIM0mR4yk=
6,-19,20YgEQ3cXEfQma5dm7N9fcgUPsk=,9gw7nHYxrga8HYuSs2hIM0mR4yk=
0,-23,20YgEQ3cXEfQma5dm7N9fcgUPsk=,9gw7nHYxrga8HYuSs2hIM0mR4yk=
4,-24,20YgEQ3cXEfQma5dm7N9fcgUPsk=,9gw7nHYxrga8HYuSs2hIM0mR4yk=
1,-23,20YgEQ3cXEfQma5dm7N9fcgUPsk=,9gw7nHYxrga8HYuSs2hIM0mR4yk=
2,-24,20YgEQ3cXEfQma5dm7N9fcgUPsk=,9gw7nHYxrga8HYuSs2hIM0mR4yk=
2,-23,20YgEQ3cXEfQma5dm7N9fcgUPsk=,9gw7nHYxrga8HYuSs2hIM0mR4yk=
3,-24,20YgEQ3cXEfQma5dm7N9fcgUPsk=,9gw7nHYxrga8HYuSs2hIM0mR4yk=
4,-18,20YgEQ3cXEfQma5dm7N9fcgUPsk=,9gw7nHYxrga8HYuSs2hIM0mR4yk=
1,-24,20YgEQ3cXEfQma5dm7N9fcgUPsk=,9gw7nHYxrga8HYuSs2hIM0mR4yk=
20,-13,BBSvC8zbCpm6sasZ0RO8/tjMyOU=,kfGuAZ95H6yZ/c5brSTK1QBAcNM=
19,-13,BBSvC8zbCpm6sasZ0RO8/tjMyOU=,kfGuAZ95H6yZ/c5brSTK1QBAcNM=
20,-12,BBSvC8zbCpm6sasZ0RO8/tjMyOU=,kfGuAZ95H6yZ/c5brSTK1QBAcNM=
19,-12,BBSvC8zbCpm6sasZ0RO8/tjMyOU=,kfGuAZ95H6yZ/c5brSTK1QBAcNM=
16,-12,V9mpaT/YTZLABRscINSf6Nkkha4=,kfGuAZ95H6yZ/c5brSTK1QBAcNM=
18,-13,V9mpaT/YTZLABRscINSf6Nkkha4=,kfGuAZ95H6yZ/c5brSTK1QBAcNM=
17,-13,V9mpaT/YTZLABRscINSf6Nkkha4=,kfGuAZ95H6yZ/c5brSTK1QBAcNM=
16,-13,V9mpaT/YTZLABRscINSf6Nkkha4=,kfGuAZ95H6yZ/c5brSTK1QBAcNM=
18,-12,V9mpaT/YTZLABRscINSf6Nkkha4=,kfGuAZ95H6yZ/c5brSTK1QBAcNM=
17,-12,V9mpaT/YTZLABRscINSf6Nkkha4=,kfGuAZ95H6yZ/c5brSTK1QBAcNM=
24,-12,gmNmpCgLLsGmN8pYmMeLavrGt9s=,euLkP6eBAPb98buhEk1riayP2a4=
25,-12,gmNmpCgLLsGmN8pYmMeLavrGt9s=,euLkP6eBAPb98buhEk1riayP2a4=
26,-12,gmNmpCgLLsGmN8pYmMeLavrGt9s=,euLkP6eBAPb98buhEk1riayP2a4=
21,-13,gmNmpCgLLsGmN8pYmMeLavrGt9s=,kfGuAZ95H6yZ/c5brSTK1QBAcNM=
27,-12,gmNmpCgLLsGmN8pYmMeLavrGt9s=,euLkP6eBAPb98buhEk1riayP2a4=
22,-13,gmNmpCgLLsGmN8pYmMeLavrGt9s=,kfGuAZ95H6yZ/c5brSTK1QBAcNM=
23,-13,gmNmpCgLLsGmN8pYmMeLavrGt9s=,kfGuAZ95H6yZ/c5brSTK1QBAcNM=
28,-14,gmNmpCgLLsGmN8pYmMeLavrGt9s=,euLkP6eBAPb98buhEk1riayP2a4=
22,-12,gmNmpCgLLsGmN8pYmMeLavrGt9s=,kfGuAZ95H6yZ/c5brSTK1QBAcNM=
21,-12,gmNmpCgLLsGmN8pYmMeLavrGt9s=,kfGuAZ95H6yZ/c5brSTK1QBAcNM=
31,-10,gmNmpCgLLsGmN8pYmMeLavrGt9s=,euLkP6eBAPb98buhEk1riayP2a4=
27,-14,gmNmpCgLLsGmN8pYmMeLavrGt9s=,euLkP6eBAPb98buhEk1riayP2a4=
31,-13,gmNmpCgLLsGmN8pYmMeLavrGt9s=,euLkP6eBAPb98buhEk1riayP2a4=
30,-13,gmNmpCgLLsGmN8pYmMeLavrGt9s=,euLkP6eBAPb98buhEk1riayP2a4=
30,-10,gmNmpCgLLsGmN8pYmMeLavrGt9s=,euLkP6eBAPb98buhEk1riayP2a4=
28,-15,gmNmpCgLLsGmN8pYmMeLavrGt9s=,euLkP6eBAPb98buhEk1riayP2a4=
23,-12,gmNmpCgLLsGmN8pYmMeLavrGt9s=,kfGuAZ95H6yZ/c5brSTK1QBAcNM=
28,-12,gmNmpCgLLsGmN8pYmMeLavrGt9s=,euLkP6eBAPb98buhEk1riayP2a4=
26,-13,gmNmpCgLLsGmN8pYmMeLavrGt9s=,euLkP6eBAPb98buhEk1riayP2a4=
29,-12,gmNmpCgLLsGmN8pYmMeLavrGt9s=,euLkP6eBAPb98buhEk1riayP2a4=
30,-12,gmNmpCgLLsGmN8pYmMeLavrGt9s=,euLkP6eBAPb98buhEk1riayP2a4=
31,-12,gmNmpCgLLsGmN8pYmMeLavrGt9s=,euLkP6eBAPb98buhEk1riayP2a4=
30,-9,gmNmpCgLLsGmN8pYmMeLavrGt9s=,euLkP6eBAPb98buhEk1riayP2a4=
31,-9,gmNmpCgLLsGmN8pYmMeLavrGt9s=,euLkP6eBAPb98buhEk1riayP2a4=
25,-13,gmNmpCgLLsGmN8pYmMeLavrGt9s=,euLkP6eBAPb98buhEk1riayP2a4=
27,-11,gmNmpCgLLsGmN8pYmMeLavrGt9s=,euLkP6eBAPb98buhEk1riayP2a4=
28,-11,gmNmpCgLLsGmN8pYmMeLavrGt9s=,euLkP6eBAPb98buhEk1riayP2a4=
29,-11,gmNmpCgLLsGmN8pYmMeLavrGt9s=,euLkP6eBAPb98buhEk1riayP2a4=
30,-11,gmNmpCgLLsGmN8pYmMeLavrGt9s=,euLkP6eBAPb98buhEk1riayP2a4=
27,-15,gmNmpCgLLsGmN8pYmMeLavrGt9s=,euLkP6eBAPb98buhEk1riayP2a4=
27,-16,gmNmpCgLLsGmN8pYmMeLavrGt9s=,euLkP6eBAPb98buhEk1riayP2a4=
31,-11,gmNmpCgLLsGmN8pYmMeLavrGt9s=,euLkP6eBAPb98buhEk1riayP2a4=
28,-9,gmNmpCgLLsGmN8pYmMeLavrGt9s=,euLkP6eBAPb98buhEk1riayP2a4=
27,-9,gmNmpCgLLsGmN8pYmMeLavrGt9s=,euLkP6eBAPb98buhEk1riayP2a4=
29,-9,gmNmpCgLLsGmN8pYmMeLavrGt9s=,euLkP6eBAPb98buhEk1riayP2a4=
27,-10,gmNmpCgLLsGmN8pYmMeLavrGt9s=,euLkP6eBAPb98buhEk1riayP2a4=
27,-13,gmNmpCgLLsGmN8pYmMeLavrGt9s=,euLkP6eBAPb98buhEk1riayP2a4=
28,-13,gmNmpCgLLsGmN8pYmMeLavrGt9s=,euLkP6eBAPb98buhEk1riayP2a4=
28,-16,gmNmpCgLLsGmN8pYmMeLavrGt9s=,euLkP6eBAPb98buhEk1riayP2a4=
29,-13,gmNmpCgLLsGmN8pYmMeLavrGt9s=,euLkP6eBAPb98buhEk1riayP2a4=
28,-10,gmNmpCgLLsGmN8pYmMeLavrGt9s=,euLkP6eBAPb98buhEk1riayP2a4=
29,-10,gmNmpCgLLsGmN8pYmMeLavrGt9s=,euLkP6eBAPb98buhEk1riayP2a4=
24,-13,gmNmpCgLLsGmN8pYmMeLavrGt9s=,euLkP6eBAPb98buhEk1riayP2a4=
21,-14,gmNmpCgLLsGmN8pYmMeLavrGt9s=,kfGuAZ95H6yZ/c5brSTK1QBAcNM=
20,-14,gmNmpCgLLsGmN8pYmMeLavrGt9s=,kfGuAZ95H6yZ/c5brSTK1QBAcNM=
24,-16,gmNmpCgLLsGmN8pYmMeLavrGt9s=,euLkP6eBAPb98buhEk1riayP2a4=
25,-16,gmNmpCgLLsGmN8pYmMeLavrGt9s=,euLkP6eBAPb98buhEk1riayP2a4=
26,-16,gmNmpCgLLsGmN8pYmMeLavrGt9s=,euLkP6eBAPb98buhEk1riayP2a4=
22,-14,gmNmpCgLLsGmN8pYmMeLavrGt9s=,kfGuAZ95H6yZ/c5brSTK1QBAcNM=
26,-14,gmNmpCgLLsGmN8pYmMeLavrGt9s=,euLkP6eBAPb98buhEk1riayP2a4=
19,-14,gmNmpCgLLsGmN8pYmMeLavrGt9s=,kfGuAZ95H6yZ/c5brSTK1QBAcNM=
25,-14,gmNmpCgLLsGmN8pYmMeLavrGt9s=,euLkP6eBAPb98buhEk1riayP2a4=
22,-15,gmNmpCgLLsGmN8pYmMeLavrGt9s=,kfGuAZ95H6yZ/c5brSTK1QBAcNM=
23,-15,gmNmpCgLLsGmN8pYmMeLavrGt9s=,kfGuAZ95H6yZ/c5brSTK1QBAcNM=
21,-15,gmNmpCgLLsGmN8pYmMeLavrGt9s=,kfGuAZ95H6yZ/c5brSTK1QBAcNM=
20,-15,gmNmpCgLLsGmN8pYmMeLavrGt9s=,kfGuAZ95H6yZ/c5brSTK1QBAcNM=
19,-15,gmNmpCgLLsGmN8pYmMeLavrGt9s=,kfGuAZ95H6yZ/c5brSTK1QBAcNM=
23,-14,gmNmpCgLLsGmN8pYmMeLavrGt9s=,kfGuAZ95H6yZ/c5brSTK1QBAcNM=
19,-16,gmNmpCgLLsGmN8pYmMeLavrGt9s=,kfGuAZ95H6yZ/c5brSTK1QBAcNM=
20,-16,gmNmpCgLLsGmN8pYmMeLavrGt9s=,kfGuAZ95H6yZ/c5brSTK1QBAcNM=
21,-16,gmNmpCgLLsGmN8pYmMeLavrGt9s=,kfGuAZ95H6yZ/c5brSTK1QBAcNM=
26,-15,gmNmpCgLLsGmN8pYmMeLavrGt9s=,euLkP6eBAPb98buhEk1riayP2a4=
22,-16,gmNmpCgLLsGmN8pYmMeLavrGt9s=,kfGuAZ95H6yZ/c5brSTK1QBAcNM=
24,-14,gmNmpCgLLsGmN8pYmMeLavrGt9s=,euLkP6eBAPb98buhEk1riayP2a4=
23,-16,gmNmpCgLLsGmN8pYmMeLavrGt9s=,kfGuAZ95H6yZ/c5brSTK1QBAcNM=
25,-15,gmNmpCgLLsGmN8pYmMeLavrGt9s=,euLkP6eBAPb98buhEk1riayP2a4=
24,-15,gmNmpCgLLsGmN8pYmMeLavrGt9s=,euLkP6eBAPb98buhEk1riayP2a4=
26,-10,gmNmpCgLLsGmN8pYmMeLavrGt9s=,euLkP6eBAPb98buhEk1riayP2a4=
22,-9,gmNmpCgLLsGmN8pYmMeLavrGt9s=,kfGuAZ95H6yZ/c5brSTK1QBAcNM=
21,-9,gmNmpCgLLsGmN8pYmMeLavrGt9s=,kfGuAZ95H6yZ/c5brSTK1QBAcNM=
20,-9,gmNmpCgLLsGmN8pYmMeLavrGt9s=,kfGuAZ95H6yZ/c5brSTK1QBAcNM=
25,-10,gmNmpCgLLsGmN8pYmMeLavrGt9s=,euLkP6eBAPb98buhEk1riayP2a4=
24,-10,gmNmpCgLLsGmN8pYmMeLavrGt9s=,euLkP6eBAPb98buhEk1riayP2a4=
26,-9,gmNmpCgLLsGmN8pYmMeLavrGt9s=,euLkP6eBAPb98buhEk1riayP2a4=
25,-9,gmNmpCgLLsGmN8pYmMeLavrGt9s=,euLkP6eBAPb98buhEk1riayP2a4=
19,-9,gmNmpCgLLsGmN8pYmMeLavrGt9s=,kfGuAZ95H6yZ/c5brSTK1QBAcNM=
24,-9,gmNmpCgLLsGmN8pYmMeLavrGt9s=,euLkP6eBAPb98buhEk1riayP2a4=
23,-9,gmNmpCgLLsGmN8pYmMeLavrGt9s=,kfGuAZ95H6yZ/c5brSTK1QBAcNM=
18,-9,gmNmpCgLLsGmN8pYmMeLavrGt9s=,kfGuAZ95H6yZ/c5brSTK1QBAcNM=
17,-9,gmNmpCgLLsGmN8pYmMeLavrGt9s=,kfGuAZ95H6yZ/c5brSTK1QBAcNM=
16,-9,gmNmpCgLLsGmN8pYmMeLavrGt9s=,kfGuAZ95H6yZ/c5brSTK1QBAcNM=
21,-10,gmNmpCgLLsGmN8pYmMeLavrGt9s=,kfGuAZ95H6yZ/c5brSTK1QBAcNM=
20,-10,gmNmpCgLLsGmN8pYmMeLavrGt9s=,kfGuAZ95H6yZ/c5brSTK1QBAcNM=
22,-10,gmNmpCgLLsGmN8pYmMeLavrGt9s=,kfGuAZ95H6yZ/c5brSTK1QBAcNM=
19,-10,gmNmpCgLLsGmN8pYmMeLavrGt9s=,kfGuAZ95H6yZ/c5brSTK1QBAcNM=
23,-10,gmNmpCgLLsGmN8pYmMeLavrGt9s=,kfGuAZ95H6yZ/c5brSTK1QBAcNM=
18,-10,gmNmpCgLLsGmN8pYmMeLavrGt9s=,kfGuAZ95H6yZ/c5brSTK1QBAcNM=
26,-11,gmNmpCgLLsGmN8pYmMeLavrGt9s=,euLkP6eBAPb98buhEk1riayP2a4=
17,-10,gmNmpCgLLsGmN8pYmMeLavrGt9s=,kfGuAZ95H6yZ/c5brSTK1QBAcNM=
16,-10,gmNmpCgLLsGmN8pYmMeLavrGt9s=,kfGuAZ95H6yZ/c5brSTK1QBAcNM=
21,-11,gmNmpCgLLsGmN8pYmMeLavrGt9s=,kfGuAZ95H6yZ/c5brSTK1QBAcNM=
20,-11,gmNmpCgLLsGmN8pYmMeLavrGt9s=,kfGuAZ95H6yZ/c5brSTK1QBAcNM=
19,-11,gmNmpCgLLsGmN8pYmMeLavrGt9s=,kfGuAZ95H6yZ/c5brSTK1QBAcNM=
18,-11,gmNmpCgLLsGmN8pYmMeLavrGt9s=,kfGuAZ95H6yZ/c5brSTK1QBAcNM=
17,-11,gmNmpCgLLsGmN8pYmMeLavrGt9s=,kfGuAZ95H6yZ/c5brSTK1QBAcNM=
16,-11,gmNmpCgLLsGmN8pYmMeLavrGt9s=,kfGuAZ95H6yZ/c5brSTK1QBAcNM=
25,-11,gmNmpCgLLsGmN8pYmMeLavrGt9s=,euLkP6eBAPb98buhEk1riayP2a4=
22,-11,gmNmpCgLLsGmN8pYmMeLavrGt9s=,kfGuAZ95H6yZ/c5brSTK1QBAcNM=
24,-11,gmNmpCgLLsGmN8pYmMeLavrGt9s=,euLkP6eBAPb98buhEk1riayP2a4=
23,-11,gmNmpCgLLsGmN8pYmMeLavrGt9s=,kfGuAZ95H6yZ/c5brSTK1QBAcNM=
16,-16,gmNmpCgLLsGmN8pYmMeLavrGt9s=,kfGuAZ95H6yZ/c5brSTK1QBAcNM=
17,-16,gmNmpCgLLsGmN8pYmMeLavrGt9s=,kfGuAZ95H6yZ/c5brSTK1QBAcNM=
17,-15,gmNmpCgLLsGmN8pYmMeLavrGt9s=,kfGuAZ95H6yZ/c5brSTK1QBAcNM=
16,-15,gmNmpCgLLsGmN8pYmMeLavrGt9s=,kfGuAZ95H6yZ/c5brSTK1QBAcNM=
18,-16,gmNmpCgLLsGmN8pYmMeLavrGt9s=,kfGuAZ95H6yZ/c5brSTK1QBAcNM=
18,-15,gmNmpCgLLsGmN8pYmMeLavrGt9s=,kfGuAZ95H6yZ/c5brSTK1QBAcNM=
16,-14,gmNmpCgLLsGmN8pYmMeLavrGt9s=,kfGuAZ95H6yZ/c5brSTK1QBAcNM=
18,-14,gmNmpCgLLsGmN8pYmMeLavrGt9s=,kfGuAZ95H6yZ/c5brSTK1QBAcNM=
17,-14,gmNmpCgLLsGmN8pYmMeLavrGt9s=,kfGuAZ95H6yZ/c5brSTK1QBAcNM=
30,-14,gmNmpCgLLsGmN8pYmMeLavrGt9s=,euLkP6eBAPb98buhEk1riayP2a4=
29,-14,gmNmpCgLLsGmN8pYmMeLavrGt9s=,euLkP6eBAPb98buhEk1riayP2a4=
31,-14,gmNmpCgLLsGmN8pYmMeLavrGt9s=,euLkP6eBAPb98buhEk1riayP2a4=
29,-16,gmNmpCgLLsGmN8pYmMeLavrGt9s=,euLkP6eBAPb98buhEk1riayP2a4=
30,-16,gmNmpCgLLsGmN8pYmMeLavrGt9s=,euLkP6eBAPb98buhEk1riayP2a4=
31,-16,gmNmpCgLLsGmN8pYmMeLavrGt9s=,euLkP6eBAPb98buhEk1riayP2a4=
29,-15,gmNmpCgLLsGmN8pYmMeLavrGt9s=,euLkP6eBAPb98buhEk1riayP2a4=
31,-15,gmNmpCgLLsGmN8pYmMeLavrGt9s=,euLkP6eBAPb98buhEk1riayP2a4=
30,-15,gmNmpCgLLsGmN8pYmMeLavrGt9s=,euLkP6eBAPb98buhEk1riayP2a4=
20,-29,L4KAEfDKiEBORL3wOfhmZ80cizQ=,ef4eQyTjagONRdTh9q41rdY1tow=
19,-29,L4KAEfDKiEBORL3wOfhmZ80cizQ=,ef4eQyTjagONRdTh9q41rdY1tow=
20,-30,L4KAEfDKiEBORL3wOfhmZ80cizQ=,ef4eQyTjagONRdTh9q41rdY1tow=
19,-30,L4KAEfDKiEBORL3wOfhmZ80cizQ=,ef4eQyTjagONRdTh9q41rdY1tow=
20,-31,L4KAEfDKiEBORL3wOfhmZ80cizQ=,ef4eQyTjagONRdTh9q41rdY1tow=
19,-31,L4KAEfDKiEBORL3wOfhmZ80cizQ=,ef4eQyTjagONRdTh9q41rdY1tow=
20,-32,L4KAEfDKiEBORL3wOfhmZ80cizQ=,ef4eQyTjagONRdTh9q41rdY1tow=
19,-32,L4KAEfDKiEBORL3wOfhmZ80cizQ=,ef4eQyTjagONRdTh9q41rdY1tow=
20,-28,L4KAEfDKiEBORL3wOfhmZ80cizQ=,ef4eQyTjagONRdTh9q41rdY1tow=
19,-28,L4KAEfDKiEBORL3wOfhmZ80cizQ=,ef4eQyTjagONRdTh9q41rdY1tow=
28,-20,SRDFjQzDDv/T4Wz4ah2fdlSkb2s=,X1MjxMe1+bm9wyVzaRSb4n/Uwtw=
27,-21,SRDFjQzDDv/T4Wz4ah2fdlSkb2s=,X1MjxMe1+bm9wyVzaRSb4n/Uwtw=
27,-20,SRDFjQzDDv/T4Wz4ah2fdlSkb2s=,X1MjxMe1+bm9wyVzaRSb4n/Uwtw=
28,-21,SRDFjQzDDv/T4Wz4ah2fdlSkb2s=,X1MjxMe1+bm9wyVzaRSb4n/Uwtw=
20,-21,21v7NKFsSmnLOEMXQiow+qaL/rw=,NVCucCtipBCRpILLAxlTCAyNNYw=
26,-20,21v7NKFsSmnLOEMXQiow+qaL/rw=,X1MjxMe1+bm9wyVzaRSb4n/Uwtw=
25,-20,jPx8FjzCfkpRZi8rav9zMQUO+6A=,X1MjxMe1+bm9wyVzaRSb4n/Uwtw=
26,-21,jPx8FjzCfkpRZi8rav9zMQUO+6A=,X1MjxMe1+bm9wyVzaRSb4n/Uwtw=
25,-21,jPx8FjzCfkpRZi8rav9zMQUO+6A=,X1MjxMe1+bm9wyVzaRSb4n/Uwtw=
24,-21,jPx8FjzCfkpRZi8rav9zMQUO+6A=,X1MjxMe1+bm9wyVzaRSb4n/Uwtw=
19,-21,jPx8FjzCfkpRZi8rav9zMQUO+6A=,NVCucCtipBCRpILLAxlTCAyNNYw=
20,-22,jPx8FjzCfkpRZi8rav9zMQUO+6A=,NVCucCtipBCRpILLAxlTCAyNNYw=
19,-22,jPx8FjzCfkpRZi8rav9zMQUO+6A=,NVCucCtipBCRpILLAxlTCAyNNYw=
24,-20,jPx8FjzCfkpRZi8rav9zMQUO+6A=,X1MjxMe1+bm9wyVzaRSb4n/Uwtw=
20,-23,jPx8FjzCfkpRZi8rav9zMQUO+6A=,NVCucCtipBCRpILLAxlTCAyNNYw=
19,-23,jPx8FjzCfkpRZi8rav9zMQUO+6A=,NVCucCtipBCRpILLAxlTCAyNNYw=
22,-20,jPx8FjzCfkpRZi8rav9zMQUO+6A=,NVCucCtipBCRpILLAxlTCAyNNYw=
23,-20,jPx8FjzCfkpRZi8rav9zMQUO+6A=,NVCucCtipBCRpILLAxlTCAyNNYw=
21,-20,jPx8FjzCfkpRZi8rav9zMQUO+6A=,NVCucCtipBCRpILLAxlTCAyNNYw=
20,-24,jPx8FjzCfkpRZi8rav9zMQUO+6A=,NVCucCtipBCRpILLAxlTCAyNNYw=
19,-24,jPx8FjzCfkpRZi8rav9zMQUO+6A=,NVCucCtipBCRpILLAxlTCAyNNYw=
20,-20,jPx8FjzCfkpRZi8rav9zMQUO+6A=,NVCucCtipBCRpILLAxlTCAyNNYw=
20,-25,jPx8FjzCfkpRZi8rav9zMQUO+6A=,ef4eQyTjagONRdTh9q41rdY1tow=
19,-25,jPx8FjzCfkpRZi8rav9zMQUO+6A=,ef4eQyTjagONRdTh9q41rdY1tow=
19,-20,jPx8FjzCfkpRZi8rav9zMQUO+6A=,NVCucCtipBCRpILLAxlTCAyNNYw=
20,-26,jPx8FjzCfkpRZi8rav9zMQUO+6A=,ef4eQyTjagONRdTh9q41rdY1tow=
19,-26,jPx8FjzCfkpRZi8rav9zMQUO+6A=,ef4eQyTjagONRdTh9q41rdY1tow=
20,-27,jPx8FjzCfkpRZi8rav9zMQUO+6A=,ef4eQyTjagONRdTh9q41rdY1tow=
19,-27,jPx8FjzCfkpRZi8rav9zMQUO+6A=,ef4eQyTjagONRdTh9q41rdY1tow=
22,-21,jPx8FjzCfkpRZi8rav9zMQUO+6A=,NVCucCtipBCRpILLAxlTCAyNNYw=
21,-21,jPx8FjzCfkpRZi8rav9zMQUO+6A=,NVCucCtipBCRpILLAxlTCAyNNYw=
23,-21,jPx8FjzCfkpRZi8rav9zMQUO+6A=,NVCucCtipBCRpILLAxlTCAyNNYw=
20,-17,jPx8FjzCfkpRZi8rav9zMQUO+6A=,NVCucCtipBCRpILLAxlTCAyNNYw=
20,-19,jPx8FjzCfkpRZi8rav9zMQUO+6A=,NVCucCtipBCRpILLAxlTCAyNNYw=
19,-18,jPx8FjzCfkpRZi8rav9zMQUO+6A=,NVCucCtipBCRpILLAxlTCAyNNYw=
20,-18,jPx8FjzCfkpRZi8rav9zMQUO+6A=,NVCucCtipBCRpILLAxlTCAyNNYw=
19,-19,jPx8FjzCfkpRZi8rav9zMQUO+6A=,NVCucCtipBCRpILLAxlTCAyNNYw=
19,-17,jPx8FjzCfkpRZi8rav9zMQUO+6A=,NVCucCtipBCRpILLAxlTCAyNNYw=
16,-20,jPx8FjzCfkpRZi8rav9zMQUO+6A=,NVCucCtipBCRpILLAxlTCAyNNYw=
17,-20,jPx8FjzCfkpRZi8rav9zMQUO+6A=,NVCucCtipBCRpILLAxlTCAyNNYw=
18,-20,jPx8FjzCfkpRZi8rav9zMQUO+6A=,NVCucCtipBCRpILLAxlTCAyNNYw=
16,-21,jPx8FjzCfkpRZi8rav9zMQUO+6A=,NVCucCtipBCRpILLAxlTCAyNNYw=
17,-21,jPx8FjzCfkpRZi8rav9zMQUO+6A=,NVCucCtipBCRpILLAxlTCAyNNYw=
18,-21,jPx8FjzCfkpRZi8rav9zMQUO+6A=,NVCucCtipBCRpILLAxlTCAyNNYw=
29,-20,jPx8FjzCfkpRZi8rav9zMQUO+6A=,X1MjxMe1+bm9wyVzaRSb4n/Uwtw=
16,-28,/2dQV+RXKtpcpZeIC9GYpaldkOU=,ef4eQyTjagONRdTh9q41rdY1tow=
30,-20,/2dQV+RXKtpcpZeIC9GYpaldkOU=,X1MjxMe1+bm9wyVzaRSb4n/Uwtw=
17,-28,/2dQV+RXKtpcpZeIC9GYpaldkOU=,ef4eQyTjagONRdTh9q41rdY1tow=
17,-27,/2dQV+RXKtpcpZeIC9GYpaldkOU=,ef4eQyTjagONRdTh9q41rdY1tow=
18,-28,/2dQV+RXKtpcpZeIC9GYpaldkOU=,ef4eQyTjagONRdTh9q41rdY1tow=
16,-27,/2dQV+RXKtpcpZeIC9GYpaldkOU=,ef4eQyTjagONRdTh9q41rdY1tow=
18,-27,/2dQV+RXKtpcpZeIC9GYpaldkOU=,ef4eQyTjagONRdTh9q41rdY1tow=
17,-26,/2dQV+RXKtpcpZeIC9GYpaldkOU=,ef4eQyTjagONRdTh9q41rdY1tow=
18,-26,/2dQV+RXKtpcpZeIC9GYpaldkOU=,ef4eQyTjagONRdTh9q41rdY1tow=
16,-25,/2dQV+RXKtpcpZeIC9GYpaldkOU=,ef4eQyTjagONRdTh9q41rdY1tow=
16,-24,/2dQV+RXKtpcpZeIC9GYpaldkOU=,NVCucCtipBCRpILLAxlTCAyNNYw=
18,-25,/2dQV+RXKtpcpZeIC9GYpaldkOU=,ef4eQyTjagONRdTh9q41rdY1tow=
17,-25,/2dQV+RXKtpcpZeIC9GYpaldkOU=,ef4eQyTjagONRdTh9q41rdY1tow=
16,-26,/2dQV+RXKtpcpZeIC9GYpaldkOU=,ef4eQyTjagONRdTh9q41rdY1tow=
17,-24,DHeTfcJIaxSAliQQ/oqv/1q3fv0=,NVCucCtipBCRpILLAxlTCAyNNYw=
16,-23,tS30FBm/IM5TJSBI/4KMpfIsSNI=,NVCucCtipBCRpILLAxlTCAyNNYw=
18,-24,tS30FBm/IM5TJSBI/4KMpfIsSNI=,NVCucCtipBCRpILLAxlTCAyNNYw=
18,-23,tS30FBm/IM5TJSBI/4KMpfIsSNI=,NVCucCtipBCRpILLAxlTCAyNNYw=
17,-23,tS30FBm/IM5TJSBI/4KMpfIsSNI=,NVCucCtipBCRpILLAxlTCAyNNYw=
17,-22,tS30FBm/IM5TJSBI/4KMpfIsSNI=,NVCucCtipBCRpILLAxlTCAyNNYw=
18,-22,tS30FBm/IM5TJSBI/4KMpfIsSNI=,NVCucCtipBCRpILLAxlTCAyNNYw=
16,-22,tS30FBm/IM5TJSBI/4KMpfIsSNI=,NVCucCtipBCRpILLAxlTCAyNNYw=
17,-29,tS30FBm/IM5TJSBI/4KMpfIsSNI=,ef4eQyTjagONRdTh9q41rdY1tow=
18,-29,tS30FBm/IM5TJSBI/4KMpfIsSNI=,ef4eQyTjagONRdTh9q41rdY1tow=
16,-29,tS30FBm/IM5TJSBI/4KMpfIsSNI=,ef4eQyTjagONRdTh9q41rdY1tow=
30,-21,tS30FBm/IM5TJSBI/4KMpfIsSNI=,X1MjxMe1+bm9wyVzaRSb4n/Uwtw=
29,-21,tS30FBm/IM5TJSBI/4KMpfIsSNI=,X1MjxMe1+bm9wyVzaRSb4n/Uwtw=
31,-21,tS30FBm/IM5TJSBI/4KMpfIsSNI=,X1MjxMe1+bm9wyVzaRSb4n/Uwtw=
31,-20,tS30FBm/IM5TJSBI/4KMpfIsSNI=,X1MjxMe1+bm9wyVzaRSb4n/Uwtw=
16,-32,tS30FBm/IM5TJSBI/4KMpfIsSNI=,ef4eQyTjagONRdTh9q41rdY1tow=
17,-32,tS30FBm/IM5TJSBI/4KMpfIsSNI=,ef4eQyTjagONRdTh9q41rdY1tow=
18,-32,tS30FBm/IM5TJSBI/4KMpfIsSNI=,ef4eQyTjagONRdTh9q41rdY1tow=
16,-31,tS30FBm/IM5TJSBI/4KMpfIsSNI=,ef4eQyTjagONRdTh9q41rdY1tow=
18,-31,tS30FBm/IM5TJSBI/4KMpfIsSNI=,ef4eQyTjagONRdTh9q41rdY1tow=
17,-31,tS30FBm/IM5TJSBI/4KMpfIsSNI=,ef4eQyTjagONRdTh9q41rdY1tow=
16,-30,tS30FBm/IM5TJSBI/4KMpfIsSNI=,ef4eQyTjagONRdTh9q41rdY1tow=
17,-30,tS30FBm/IM5TJSBI/4KMpfIsSNI=,ef4eQyTjagONRdTh9q41rdY1tow=
18,-30,tS30FBm/IM5TJSBI/4KMpfIsSNI=,ef4eQyTjagONRdTh9q41rdY1tow=
27,-30,tS30FBm/IM5TJSBI/4KMpfIsSNI=,tXPQ0l7uflV+ZRiVkvIxVyeWjDA=
21,-30,tS30FBm/IM5TJSBI/4KMpfIsSNI=,ef4eQyTjagONRdTh9q41rdY1tow=
21,-29,tS30FBm/IM5TJSBI/4KMpfIsSNI=,ef4eQyTjagONRdTh9q41rdY1tow=
22,-29,tS30FBm/IM5TJSBI/4KMpfIsSNI=,ef4eQyTjagONRdTh9q41rdY1tow=
26,-30,tS30FBm/IM5TJSBI/4KMpfIsSNI=,tXPQ0l7uflV+ZRiVkvIxVyeWjDA=
26,-27,tS30FBm/IM5TJSBI/4KMpfIsSNI=,tXPQ0l7uflV+ZRiVkvIxVyeWjDA=
31,-26,tS30FBm/IM5TJSBI/4KMpfIsSNI=,tXPQ0l7uflV+ZRiVkvIxVyeWjDA=
29,-26,tS30FBm/IM5TJSBI/4KMpfIsSNI=,tXPQ0l7uflV+ZRiVkvIxVyeWjDA=
23,-29,tS30FBm/IM5TJSBI/4KMpfIsSNI=,ef4eQyTjagONRdTh9q41rdY1tow=
22,-31,tS30FBm/IM5TJSBI/4KMpfIsSNI=,ef4eQyTjagONRdTh9q41rdY1tow=
29,-25,tS30FBm/IM5TJSBI/4KMpfIsSNI=,tXPQ0l7uflV+ZRiVkvIxVyeWjDA=
21,-31,tS30FBm/IM5TJSBI/4KMpfIsSNI=,ef4eQyTjagONRdTh9q41rdY1tow=
25,-30,tS30FBm/IM5TJSBI/4KMpfIsSNI=,tXPQ0l7uflV+ZRiVkvIxVyeWjDA=
25,-22,tS30FBm/IM5TJSBI/4KMpfIsSNI=,X1MjxMe1+bm9wyVzaRSb4n/Uwtw=
23,-31,tS30FBm/IM5TJSBI/4KMpfIsSNI=,ef4eQyTjagONRdTh9q41rdY1tow=
24,-30,tS30FBm/IM5TJSBI/4KMpfIsSNI=,tXPQ0l7uflV+ZRiVkvIxVyeWjDA=
25,-27,tS30FBm/IM5TJSBI/4KMpfIsSNI=,tXPQ0l7uflV+ZRiVkvIxVyeWjDA=
30,-25,tS30FBm/IM5TJSBI/4KMpfIsSNI=,tXPQ0l7uflV+ZRiVkvIxVyeWjDA=
31,-25,tS30FBm/IM5TJSBI/4KMpfIsSNI=,tXPQ0l7uflV+ZRiVkvIxVyeWjDA=
30,-26,tS30FBm/IM5TJSBI/4KMpfIsSNI=,tXPQ0l7uflV+ZRiVkvIxVyeWjDA=
21,-28,tS30FBm/IM5TJSBI/4KMpfIsSNI=,ef4eQyTjagONRdTh9q41rdY1tow=
25,-26,tS30FBm/IM5TJSBI/4KMpfIsSNI=,tXPQ0l7uflV+ZRiVkvIxVyeWjDA=
31,-22,tS30FBm/IM5TJSBI/4KMpfIsSNI=,X1MjxMe1+bm9wyVzaRSb4n/Uwtw=
31,-23,tS30FBm/IM5TJSBI/4KMpfIsSNI=,X1MjxMe1+bm9wyVzaRSb4n/Uwtw=
24,-26,tS30FBm/IM5TJSBI/4KMpfIsSNI=,tXPQ0l7uflV+ZRiVkvIxVyeWjDA=
31,-31,tS30FBm/IM5TJSBI/4KMpfIsSNI=,tXPQ0l7uflV+ZRiVkvIxVyeWjDA=
27,-27,tS30FBm/IM5TJSBI/4KMpfIsSNI=,tXPQ0l7uflV+ZRiVkvIxVyeWjDA=
30,-28,tS30FBm/IM5TJSBI/4KMpfIsSNI=,tXPQ0l7uflV+ZRiVkvIxVyeWjDA=
24,-22,tS30FBm/IM5TJSBI/4KMpfIsSNI=,X1MjxMe1+bm9wyVzaRSb4n/Uwtw=
24,-27,tS30FBm/IM5TJSBI/4KMpfIsSNI=,tXPQ0l7uflV+ZRiVkvIxVyeWjDA=
29,-28,tS30FBm/IM5TJSBI/4KMpfIsSNI=,tXPQ0l7uflV+ZRiVkvIxVyeWjDA=
21,-22,tS30FBm/IM5TJSBI/4KMpfIsSNI=,NVCucCtipBCRpILLAxlTCAyNNYw=
28,-28,tS30FBm/IM5TJSBI/4KMpfIsSNI=,tXPQ0l7uflV+ZRiVkvIxVyeWjDA=
30,-22,tS30FBm/IM5TJSBI/4KMpfIsSNI=,X1MjxMe1+bm9wyVzaRSb4n/Uwtw=
27,-28,tS30FBm/IM5TJSBI/4KMpfIsSNI=,tXPQ0l7uflV+ZRiVkvIxVyeWjDA=
30,-31,tS30FBm/IM5TJSBI/4KMpfIsSNI=,tXPQ0l7uflV+ZRiVkvIxVyeWjDA=
29,-22,tS30FBm/IM5TJSBI/4KMpfIsSNI=,X1MjxMe1+bm9wyVzaRSb4n/Uwtw=
30,-23,tS30FBm/IM5TJSBI/4KMpfIsSNI=,X1MjxMe1+bm9wyVzaRSb4n/Uwtw=
24,-25,tS30FBm/IM5TJSBI/4KMpfIsSNI=,tXPQ0l7uflV+ZRiVkvIxVyeWjDA=
29,-23,tS30FBm/IM5TJSBI/4KMpfIsSNI=,X1MjxMe1+bm9wyVzaRSb4n/Uwtw=
22,-30,tS30FBm/IM5TJSBI/4KMpfIsSNI=,ef4eQyTjagONRdTh9q41rdY1tow=
28,-23,tS30FBm/IM5TJSBI/4KMpfIsSNI=,X1MjxMe1+bm9wyVzaRSb4n/Uwtw=
23,-22,tS30FBm/IM5TJSBI/4KMpfIsSNI=,NVCucCtipBCRpILLAxlTCAyNNYw=
26,-28,tS30FBm/IM5TJSBI/4KMpfIsSNI=,tXPQ0l7uflV+ZRiVkvIxVyeWjDA=
25,-28,tS30FBm/IM5TJSBI/4KMpfIsSNI=,tXPQ0l7uflV+ZRiVkvIxVyeWjDA=
22,-22,tS30FBm/IM5TJSBI/4KMpfIsSNI=,NVCucCtipBCRpILLAxlTCAyNNYw=
28,-31,tS30FBm/IM5TJSBI/4KMpfIsSNI=,tXPQ0l7uflV+ZRiVkvIxVyeWjDA=
23,-30,tS30FBm/IM5TJSBI/4KMpfIsSNI=,ef4eQyTjagONRdTh9q41rdY1tow=
28,-25,tS30FBm/IM5TJSBI/4KMpfIsSNI=,tXPQ0l7uflV+ZRiVkvIxVyeWjDA=
31,-28,tS30FBm/IM5TJSBI/4KMpfIsSNI=,tXPQ0l7uflV+ZRiVkvIxVyeWjDA=
27,-25,tS30FBm/IM5TJSBI/4KMpfIsSNI=,tXPQ0l7uflV+ZRiVkvIxVyeWjDA=
21,-23,tS30FBm/IM5TJSBI/4KMpfIsSNI=,NVCucCtipBCRpILLAxlTCAyNNYw=
31,-27,tS30FBm/IM5TJSBI/4KMpfIsSNI=,tXPQ0l7uflV+ZRiVkvIxVyeWjDA=
24,-28,tS30FBm/IM5TJSBI/4KMpfIsSNI=,tXPQ0l7uflV+ZRiVkvIxVyeWjDA=
24,-24,tS30FBm/IM5TJSBI/4KMpfIsSNI=,X1MjxMe1+bm9wyVzaRSb4n/Uwtw=
26,-25,tS30FBm/IM5TJSBI/4KMpfIsSNI=,tXPQ0l7uflV+ZRiVkvIxVyeWjDA=
22,-23,tS30FBm/IM5TJSBI/4KMpfIsSNI=,NVCucCtipBCRpILLAxlTCAyNNYw=
21,-24,tS30FBm/IM5TJSBI/4KMpfIsSNI=,NVCucCtipBCRpILLAxlTCAyNNYw=
27,-31,tS30FBm/IM5TJSBI/4KMpfIsSNI=,tXPQ0l7uflV+ZRiVkvIxVyeWjDA=
25,-24,tS30FBm/IM5TJSBI/4KMpfIsSNI=,X1MjxMe1+bm9wyVzaRSb4n/Uwtw=
23,-32,tS30FBm/IM5TJSBI/4KMpfIsSNI=,ef4eQyTjagONRdTh9q41rdY1tow=
28,-26,tS30FBm/IM5TJSBI/4KMpfIsSNI=,tXPQ0l7uflV+ZRiVkvIxVyeWjDA=
23,-23,tS30FBm/IM5TJSBI/4KMpfIsSNI=,NVCucCtipBCRpILLAxlTCAyNNYw=
26,-31,tS30FBm/IM5TJSBI/4KMpfIsSNI=,tXPQ0l7uflV+ZRiVkvIxVyeWjDA=
25,-31,tS30FBm/IM5TJSBI/4KMpfIsSNI=,tXPQ0l7uflV+ZRiVkvIxVyeWjDA=
26,-24,tS30FBm/IM5TJSBI/4KMpfIsSNI=,X1MjxMe1+bm9wyVzaRSb4n/Uwtw=
22,-28,tS30FBm/IM5TJSBI/4KMpfIsSNI=,ef4eQyTjagONRdTh9q41rdY1tow=
30,-29,tS30FBm/IM5TJSBI/4KMpfIsSNI=,tXPQ0l7uflV+ZRiVkvIxVyeWjDA=
29,-31,tS30FBm/IM5TJSBI/4KMpfIsSNI=,tXPQ0l7uflV+ZRiVkvIxVyeWjDA=
31,-29,tS30FBm/IM5TJSBI/4KMpfIsSNI=,tXPQ0l7uflV+ZRiVkvIxVyeWjDA=
27,-23,tS30FBm/IM5TJSBI/4KMpfIsSNI=,X1MjxMe1+bm9wyVzaRSb4n/Uwtw=
29,-29,tS30FBm/IM5TJSBI/4KMpfIsSNI=,tXPQ0l7uflV+ZRiVkvIxVyeWjDA=
22,-24,tS30FBm/IM5TJSBI/4KMpfIsSNI=,NVCucCtipBCRpILLAxlTCAyNNYw=
26,-23,tS30FBm/IM5TJSBI/4KMpfIsSNI=,X1MjxMe1+bm9wyVzaRSb4n/Uwtw=
27,-24,tS30FBm/IM5TJSBI/4KMpfIsSNI=,X1MjxMe1+bm9wyVzaRSb4n/Uwtw=
28,-29,tS30FBm/IM5TJSBI/4KMpfIsSNI=,tXPQ0l7uflV+ZRiVkvIxVyeWjDA=
24,-23,tS30FBm/IM5TJSBI/4KMpfIsSNI=,X1MjxMe1+bm9wyVzaRSb4n/Uwtw=
24,-31,tS30FBm/IM5TJSBI/4KMpfIsSNI=,tXPQ0l7uflV+ZRiVkvIxVyeWjDA=
27,-29,tS30FBm/IM5TJSBI/4KMpfIsSNI=,tXPQ0l7uflV+ZRiVkvIxVyeWjDA=
31,-24,tS30FBm/IM5TJSBI/4KMpfIsSNI=,X1MjxMe1+bm9wyVzaRSb4n/Uwtw=
21,-25,tS30FBm/IM5TJSBI/4KMpfIsSNI=,ef4eQyTjagONRdTh9q41rdY1tow=
26,-29,tS30FBm/IM5TJSBI/4KMpfIsSNI=,tXPQ0l7uflV+ZRiVkvIxVyeWjDA=
25,-23,tS30FBm/IM5TJSBI/4KMpfIsSNI=,X1MjxMe1+bm9wyVzaRSb4n/Uwtw=
30,-24,tS30FBm/IM5TJSBI/4KMpfIsSNI=,X1MjxMe1+bm9wyVzaRSb4n/Uwtw=
28,-22,tS30FBm/IM5TJSBI/4KMpfIsSNI=,X1MjxMe1+bm9wyVzaRSb4n/Uwtw=
27,-22,tS30FBm/IM5TJSBI/4KMpfIsSNI=,X1MjxMe1+bm9wyVzaRSb4n/Uwtw=
25,-29,tS30FBm/IM5TJSBI/4KMpfIsSNI=,tXPQ0l7uflV+ZRiVkvIxVyeWjDA=
23,-24,tS30FBm/IM5TJSBI/4KMpfIsSNI=,NVCucCtipBCRpILLAxlTCAyNNYw=
24,-29,tS30FBm/IM5TJSBI/4KMpfIsSNI=,tXPQ0l7uflV+ZRiVkvIxVyeWjDA=
22,-32,tS30FBm/IM5TJSBI/4KMpfIsSNI=,ef4eQyTjagONRdTh9q41rdY1tow=
21,-32,tS30FBm/IM5TJSBI/4KMpfIsSNI=,ef4eQyTjagONRdTh9q41rdY1tow=
31,-32,tS30FBm/IM5TJSBI/4KMpfIsSNI=,tXPQ0l7uflV+ZRiVkvIxVyeWjDA=
30,-32,tS30FBm/IM5TJSBI/4KMpfIsSNI=,tXPQ0l7uflV+ZRiVkvIxVyeWjDA=
29,-32,tS30FBm/IM5TJSBI/4KMpfIsSNI=,tXPQ0l7uflV+ZRiVkvIxVyeWjDA=
25,-25,tS30FBm/IM5TJSBI/4KMpfIsSNI=,tXPQ0l7uflV+ZRiVkvIxVyeWjDA=
22,-25,tS30FBm/IM5TJSBI/4KMpfIsSNI=,ef4eQyTjagONRdTh9q41rdY1tow=
21,-26,tS30FBm/IM5TJSBI/4KMpfIsSNI=,ef4eQyTjagONRdTh9q41rdY1tow=
26,-22,tS30FBm/IM5TJSBI/4KMpfIsSNI=,X1MjxMe1+bm9wyVzaRSb4n/Uwtw=
27,-26,tS30FBm/IM5TJSBI/4KMpfIsSNI=,tXPQ0l7uflV+ZRiVkvIxVyeWjDA=
29,-30,tS30FBm/IM5TJSBI/4KMpfIsSNI=,tXPQ0l7uflV+ZRiVkvIxVyeWjDA=
28,-30,tS30FBm/IM5TJSBI/4KMpfIsSNI=,tXPQ0l7uflV+ZRiVkvIxVyeWjDA=
30,-30,tS30FBm/IM5TJSBI/4KMpfIsSNI=,tXPQ0l7uflV+ZRiVkvIxVyeWjDA=
22,-27,tS30FBm/IM5TJSBI/4KMpfIsSNI=,ef4eQyTjagONRdTh9q41rdY1tow=
28,-32,tS30FBm/IM5TJSBI/4KMpfIsSNI=,tXPQ0l7uflV+ZRiVkvIxVyeWjDA=
31,-30,tS30FBm/IM5TJSBI/4KMpfIsSNI=,tXPQ0l7uflV+ZRiVkvIxVyeWjDA=
23,-26,tS30FBm/IM5TJSBI/4KMpfIsSNI=,ef4eQyTjagONRdTh9q41rdY1tow=
27,-32,tS30FBm/IM5TJSBI/4KMpfIsSNI=,tXPQ0l7uflV+ZRiVkvIxVyeWjDA=
26,-32,tS30FBm/IM5TJSBI/4KMpfIsSNI=,tXPQ0l7uflV+ZRiVkvIxVyeWjDA=
21,-27,tS30FBm/IM5TJSBI/4KMpfIsSNI=,ef4eQyTjagONRdTh9q41rdY1tow=
29,-27,tS30FBm/IM5TJSBI/4KMpfIsSNI=,tXPQ0l7uflV+ZRiVkvIxVyeWjDA=
28,-27,tS30FBm/IM5TJSBI/4KMpfIsSNI=,tXPQ0l7uflV+ZRiVkvIxVyeWjDA=
25,-32,tS30FBm/IM5TJSBI/4KMpfIsSNI=,tXPQ0l7uflV+ZRiVkvIxVyeWjDA=
23,-25,tS30FBm/IM5TJSBI/4KMpfIsSNI=,ef4eQyTjagONRdTh9q41rdY1tow=
23,-27,tS30FBm/IM5TJSBI/4KMpfIsSNI=,ef4eQyTjagONRdTh9q41rdY1tow=
28,-24,tS30FBm/IM5TJSBI/4KMpfIsSNI=,X1MjxMe1+bm9wyVzaRSb4n/Uwtw=
22,-26,tS30FBm/IM5TJSBI/4KMpfIsSNI=,ef4eQyTjagONRdTh9q41rdY1tow=
30,-27,tS30FBm/IM5TJSBI/4KMpfIsSNI=,tXPQ0l7uflV+ZRiVkvIxVyeWjDA=
29,-24,tS30FBm/IM5TJSBI/4KMpfIsSNI=,X1MjxMe1+bm9wyVzaRSb4n/Uwtw=
24,-32,tS30FBm/IM5TJSBI/4KMpfIsSNI=,tXPQ0l7uflV+ZRiVkvIxVyeWjDA=
23,-28,tS30FBm/IM5TJSBI/4KMpfIsSNI=,ef4eQyTjagONRdTh9q41rdY1tow=
26,-26,tS30FBm/IM5TJSBI/4KMpfIsSNI=,tXPQ0l7uflV+ZRiVkvIxVyeWjDA=
16,-18,tS30FBm/IM5TJSBI/4KMpfIsSNI=,NVCucCtipBCRpILLAxlTCAyNNYw=
17,-18,tS30FBm/IM5TJSBI/4KMpfIsSNI=,NVCucCtipBCRpILLAxlTCAyNNYw=
18,-18,tS30FBm/IM5TJSBI/4KMpfIsSNI=,NVCucCtipBCRpILLAxlTCAyNNYw=
18,-19,tS30FBm/IM5TJSBI/4KMpfIsSNI=,NVCucCtipBCRpILLAxlTCAyNNYw=
17,-19,tS30FBm/IM5TJSBI/4KMpfIsSNI=,NVCucCtipBCRpILLAxlTCAyNNYw=
16,-19,tS30FBm/IM5TJSBI/4KMpfIsSNI=,NVCucCtipBCRpILLAxlTCAyNNYw=
18,-17,tS30FBm/IM5TJSBI/4KMpfIsSNI=,NVCucCtipBCRpILLAxlTCAyNNYw=
16,-17,tS30FBm/IM5TJSBI/4KMpfIsSNI=,NVCucCtipBCRpILLAxlTCAyNNYw=
17,-17,tS30FBm/IM5TJSBI/4KMpfIsSNI=,NVCucCtipBCRpILLAxlTCAyNNYw=
28,-17,QCZknB9UCUhcD9KOl+GOmxVo8kY=,X1MjxMe1+bm9wyVzaRSb4n/Uwtw=
27,-17,QCZknB9UCUhcD9KOl+GOmxVo8kY=,X1MjxMe1+bm9wyVzaRSb4n/Uwtw=
31,-18,QCZknB9UCUhcD9KOl+GOmxVo8kY=,X1MjxMe1+bm9wyVzaRSb4n/Uwtw=
27,-18,QCZknB9UCUhcD9KOl+GOmxVo8kY=,X1MjxMe1+bm9wyVzaRSb4n/Uwtw=
30,-18,QCZknB9UCUhcD9KOl+GOmxVo8kY=,X1MjxMe1+bm9wyVzaRSb4n/Uwtw=
26,-18,QCZknB9UCUhcD9KOl+GOmxVo8kY=,X1MjxMe1+bm9wyVzaRSb4n/Uwtw=
29,-18,QCZknB9UCUhcD9KOl+GOmxVo8kY=,X1MjxMe1+bm9wyVzaRSb4n/Uwtw=
25,-18,QCZknB9UCUhcD9KOl+GOmxVo8kY=,X1MjxMe1+bm9wyVzaRSb4n/Uwtw=
31,-19,QCZknB9UCUhcD9KOl+GOmxVo8kY=,X1MjxMe1+bm9wyVzaRSb4n/Uwtw=
28,-18,QCZknB9UCUhcD9KOl+GOmxVo8kY=,X1MjxMe1+bm9wyVzaRSb4n/Uwtw=
30,-19,QCZknB9UCUhcD9KOl+GOmxVo8kY=,X1MjxMe1+bm9wyVzaRSb4n/Uwtw=
26,-17,QCZknB9UCUhcD9KOl+GOmxVo8kY=,X1MjxMe1+bm9wyVzaRSb4n/Uwtw=
21,-18,QCZknB9UCUhcD9KOl+GOmxVo8kY=,NVCucCtipBCRpILLAxlTCAyNNYw=
29,-19,QCZknB9UCUhcD9KOl+GOmxVo8kY=,X1MjxMe1+bm9wyVzaRSb4n/Uwtw=
28,-19,QCZknB9UCUhcD9KOl+GOmxVo8kY=,X1MjxMe1+bm9wyVzaRSb4n/Uwtw=
27,-19,QCZknB9UCUhcD9KOl+GOmxVo8kY=,X1MjxMe1+bm9wyVzaRSb4n/Uwtw=
22,-17,QCZknB9UCUhcD9KOl+GOmxVo8kY=,NVCucCtipBCRpILLAxlTCAyNNYw=
26,-19,QCZknB9UCUhcD9KOl+GOmxVo8kY=,X1MjxMe1+bm9wyVzaRSb4n/Uwtw=
25,-19,QCZknB9UCUhcD9KOl+GOmxVo8kY=,X1MjxMe1+bm9wyVzaRSb4n/Uwtw=
22,-18,QCZknB9UCUhcD9KOl+GOmxVo8kY=,NVCucCtipBCRpILLAxlTCAyNNYw=
21,-17,QCZknB9UCUhcD9KOl+GOmxVo8kY=,NVCucCtipBCRpILLAxlTCAyNNYw=
24,-18,QCZknB9UCUhcD9KOl+GOmxVo8kY=,X1MjxMe1+bm9wyVzaRSb4n/Uwtw=
31,-17,QCZknB9UCUhcD9KOl+GOmxVo8kY=,X1MjxMe1+bm9wyVzaRSb4n/Uwtw=
24,-19,QCZknB9UCUhcD9KOl+GOmxVo8kY=,X1MjxMe1+bm9wyVzaRSb4n/Uwtw=
30,-17,QCZknB9UCUhcD9KOl+GOmxVo8kY=,X1MjxMe1+bm9wyVzaRSb4n/Uwtw=
22,-19,QCZknB9UCUhcD9KOl+GOmxVo8kY=,NVCucCtipBCRpILLAxlTCAyNNYw=
21,-19,QCZknB9UCUhcD9KOl+GOmxVo8kY=,NVCucCtipBCRpILLAxlTCAyNNYw=
23,-17,QCZknB9UCUhcD9KOl+GOmxVo8kY=,NVCucCtipBCRpILLAxlTCAyNNYw=
23,-18,QCZknB9UCUhcD9KOl+GOmxVo8kY=,NVCucCtipBCRpILLAxlTCAyNNYw=
24,-17,QCZknB9UCUhcD9KOl+GOmxVo8kY=,X1MjxMe1+bm9wyVzaRSb4n/Uwtw=
25,-17,QCZknB9UCUhcD9KOl+GOmxVo8kY=,X1MjxMe1+bm9wyVzaRSb4n/Uwtw=
29,-17,QCZknB9UCUhcD9KOl+GOmxVo8kY=,X1MjxMe1+bm9wyVzaRSb4n/Uwtw=
23,-19,QCZknB9UCUhcD9KOl+GOmxVo8kY=,NVCucCtipBCRpILLAxlTCAyNNYw=
