133,192,oXUg4qYNa2MNME7SgSnH0dg2lpY=,5TB+JfJU7n7YWFV6eohYVIXd+TE=
135,195,oXUg4qYNa2MNME7SgSnH0dg2lpY=,5TB+JfJU7n7YWFV6eohYVIXd+TE=
134,195,oXUg4qYNa2MNME7SgSnH0dg2lpY=,5TB+JfJU7n7YWFV6eohYVIXd+TE=
134,194,oXUg4qYNa2MNME7SgSnH0dg2lpY=,5TB+JfJU7n7YWFV6eohYVIXd+TE=
133,194,oXUg4qYNa2MNME7SgSnH0dg2lpY=,5TB+JfJU7n7YWFV6eohYVIXd+TE=
131,192,oXUg4qYNa2MNME7SgSnH0dg2lpY=,5TB+JfJU7n7YWFV6eohYVIXd+TE=
133,195,oXUg4qYNa2MNME7SgSnH0dg2lpY=,5TB+JfJU7n7YWFV6eohYVIXd+TE=
132,195,oXUg4qYNa2MNME7SgSnH0dg2lpY=,5TB+JfJU7n7YWFV6eohYVIXd+TE=
131,195,oXUg4qYNa2MNME7SgSnH0dg2lpY=,5TB+JfJU7n7YWFV6eohYVIXd+TE=
133,193,oXUg4qYNa2MNME7SgSnH0dg2lpY=,5TB+JfJU7n7YWFV6eohYVIXd+TE=
132,193,oXUg4qYNa2MNME7SgSnH0dg2lpY=,5TB+JfJU7n7YWFV6eohYVIXd+TE=
129,192,oXUg4qYNa2MNME7SgSnH0dg2lpY=,5TB+JfJU7n7YWFV6eohYVIXd+TE=
130,195,oXUg4qYNa2MNME7SgSnH0dg2lpY=,5TB+JfJU7n7YWFV6eohYVIXd+TE=
132,194,oXUg4qYNa2MNME7SgSnH0dg2lpY=,5TB+JfJU7n7YWFV6eohYVIXd+TE=
142,207,oXUg4qYNa2MNME7SgSnH0dg2lpY=,5TB+JfJU7n7YWFV6eohYVIXd+TE=
143,207,oXUg4qYNa2MNME7SgSnH0dg2lpY=,5TB+JfJU7n7YWFV6eohYVIXd+TE=
141,207,oXUg4qYNa2MNME7SgSnH0dg2lpY=,5TB+JfJU7n7YWFV6eohYVIXd+TE=
140,207,oXUg4qYNa2MNME7SgSnH0dg2lpY=,5TB+JfJU7n7YWFV6eohYVIXd+TE=
139,207,oXUg4qYNa2MNME7SgSnH0dg2lpY=,5TB+JfJU7n7YWFV6eohYVIXd+TE=
138,207,oXUg4qYNa2MNME7SgSnH0dg2lpY=,5TB+JfJU7n7YWFV6eohYVIXd+TE=
136,207,oXUg4qYNa2MNME7SgSnH0dg2lpY=,5TB+JfJU7n7YWFV6eohYVIXd+TE=
137,207,oXUg4qYNa2MNME7SgSnH0dg2lpY=,5TB+JfJU7n7YWFV6eohYVIXd+TE=
135,207,oXUg4qYNa2MNME7SgSnH0dg2lpY=,5TB+JfJU7n7YWFV6eohYVIXd+TE=
134,207,oXUg4qYNa2MNME7SgSnH0dg2lpY=,5TB+JfJU7n7YWFV6eohYVIXd+TE=
133,207,oXUg4qYNa2MNME7SgSnH0dg2lpY=,5TB+JfJU7n7YWFV6eohYVIXd+TE=
132,207,oXUg4qYNa2MNME7SgSnH0dg2lpY=,5TB+JfJU7n7YWFV6eohYVIXd+TE=
131,207,oXUg4qYNa2MNME7SgSnH0dg2lpY=,5TB+JfJU7n7YWFV6eohYVIXd+TE=
130,207,oXUg4qYNa2MNME7SgSnH0dg2lpY=,5TB+JfJU7n7YWFV6eohYVIXd+TE=
129,207,oXUg4qYNa2MNME7SgSnH0dg2lpY=,5TB+JfJU7n7YWFV6eohYVIXd+TE=
129,195,oXUg4qYNa2MNME7SgSnH0dg2lpY=,5TB+JfJU7n7YWFV6eohYVIXd+TE=
128,207,oXUg4qYNa2MNME7SgSnH0dg2lpY=,5TB+JfJU7n7YWFV6eohYVIXd+TE=
132,192,oXUg4qYNa2MNME7SgSnH0dg2lpY=,5TB+JfJU7n7YWFV6eohYVIXd+TE=
143,206,oXUg4qYNa2MNME7SgSnH0dg2lpY=,5TB+JfJU7n7YWFV6eohYVIXd+TE=
131,194,oXUg4qYNa2MNME7SgSnH0dg2lpY=,5TB+JfJU7n7YWFV6eohYVIXd+TE=
142,206,oXUg4qYNa2MNME7SgSnH0dg2lpY=,5TB+JfJU7n7YWFV6eohYVIXd+TE=
141,206,oXUg4qYNa2MNME7SgSnH0dg2lpY=,5TB+JfJU7n7YWFV6eohYVIXd+TE=
140,206,oXUg4qYNa2MNME7SgSnH0dg2lpY=,5TB+JfJU7n7YWFV6eohYVIXd+TE=
139,206,oXUg4qYNa2MNME7SgSnH0dg2lpY=,5TB+JfJU7n7YWFV6eohYVIXd+TE=
138,206,oXUg4qYNa2MNME7SgSnH0dg2lpY=,5TB+JfJU7n7YWFV6eohYVIXd+TE=
137,206,oXUg4qYNa2MNME7SgSnH0dg2lpY=,5TB+JfJU7n7YWFV6eohYVIXd+TE=
136,206,oXUg4qYNa2MNME7SgSnH0dg2lpY=,5TB+JfJU7n7YWFV6eohYVIXd+TE=
135,206,oXUg4qYNa2MNME7SgSnH0dg2lpY=,5TB+JfJU7n7YWFV6eohYVIXd+TE=
134,206,oXUg4qYNa2MNME7SgSnH0dg2lpY=,5TB+JfJU7n7YWFV6eohYVIXd+TE=
133,206,oXUg4qYNa2MNME7SgSnH0dg2lpY=,5TB+JfJU7n7YWFV6eohYVIXd+TE=
132,206,oXUg4qYNa2MNME7SgSnH0dg2lpY=,5TB+JfJU7n7YWFV6eohYVIXd+TE=
131,206,oXUg4qYNa2MNME7SgSnH0dg2lpY=,5TB+JfJU7n7YWFV6eohYVIXd+TE=
130,206,oXUg4qYNa2MNME7SgSnH0dg2lpY=,5TB+JfJU7n7YWFV6eohYVIXd+TE=
129,206,oXUg4qYNa2MNME7SgSnH0dg2lpY=,5TB+JfJU7n7YWFV6eohYVIXd+TE=
131,193,oXUg4qYNa2MNME7SgSnH0dg2lpY=,5TB+JfJU7n7YWFV6eohYVIXd+TE=
130,194,oXUg4qYNa2MNME7SgSnH0dg2lpY=,5TB+JfJU7n7YWFV6eohYVIXd+TE=
143,205,oXUg4qYNa2MNME7SgSnH0dg2lpY=,5TB+JfJU7n7YWFV6eohYVIXd+TE=
142,205,oXUg4qYNa2MNME7SgSnH0dg2lpY=,5TB+JfJU7n7YWFV6eohYVIXd+TE=
141,205,oXUg4qYNa2MNME7SgSnH0dg2lpY=,5TB+JfJU7n7YWFV6eohYVIXd+TE=
140,205,oXUg4qYNa2MNME7SgSnH0dg2lpY=,5TB+JfJU7n7YWFV6eohYVIXd+TE=
139,205,oXUg4qYNa2MNME7SgSnH0dg2lpY=,5TB+JfJU7n7YWFV6eohYVIXd+TE=
138,205,oXUg4qYNa2MNME7SgSnH0dg2lpY=,5TB+JfJU7n7YWFV6eohYVIXd+TE=
137,205,oXUg4qYNa2MNME7SgSnH0dg2lpY=,5TB+JfJU7n7YWFV6eohYVIXd+TE=
136,205,oXUg4qYNa2MNME7SgSnH0dg2lpY=,5TB+JfJU7n7YWFV6eohYVIXd+TE=
135,205,oXUg4qYNa2MNME7SgSnH0dg2lpY=,5TB+JfJU7n7YWFV6eohYVIXd+TE=
134,205,oXUg4qYNa2MNME7SgSnH0dg2lpY=,5TB+JfJU7n7YWFV6eohYVIXd+TE=
133,205,oXUg4qYNa2MNME7SgSnH0dg2lpY=,5TB+JfJU7n7YWFV6eohYVIXd+TE=
132,205,oXUg4qYNa2MNME7SgSnH0dg2lpY=,5TB+JfJU7n7YWFV6eohYVIXd+TE=
131,205,oXUg4qYNa2MNME7SgSnH0dg2lpY=,5TB+JfJU7n7YWFV6eohYVIXd+TE=
130,205,oXUg4qYNa2MNME7SgSnH0dg2lpY=,5TB+JfJU7n7YWFV6eohYVIXd+TE=
129,205,oXUg4qYNa2MNME7SgSnH0dg2lpY=,5TB+JfJU7n7YWFV6eohYVIXd+TE=
130,193,oXUg4qYNa2MNME7SgSnH0dg2lpY=,5TB+JfJU7n7YWFV6eohYVIXd+TE=
128,205,oXUg4qYNa2MNME7SgSnH0dg2lpY=,5TB+JfJU7n7YWFV6eohYVIXd+TE=
143,204,oXUg4qYNa2MNME7SgSnH0dg2lpY=,5TB+JfJU7n7YWFV6eohYVIXd+TE=
129,194,oXUg4qYNa2MNME7SgSnH0dg2lpY=,5TB+JfJU7n7YWFV6eohYVIXd+TE=
142,204,oXUg4qYNa2MNME7SgSnH0dg2lpY=,5TB+JfJU7n7YWFV6eohYVIXd+TE=
141,204,oXUg4qYNa2MNME7SgSnH0dg2lpY=,5TB+JfJU7n7YWFV6eohYVIXd+TE=
140,204,oXUg4qYNa2MNME7SgSnH0dg2lpY=,5TB+JfJU7n7YWFV6eohYVIXd+TE=
139,204,oXUg4qYNa2MNME7SgSnH0dg2lpY=,5TB+JfJU7n7YWFV6eohYVIXd+TE=
138,204,oXUg4qYNa2MNME7SgSnH0dg2lpY=,5TB+JfJU7n7YWFV6eohYVIXd+TE=
137,204,oXUg4qYNa2MNME7SgSnH0dg2lpY=,5TB+JfJU7n7YWFV6eohYVIXd+TE=
136,204,oXUg4qYNa2MNME7SgSnH0dg2lpY=,5TB+JfJU7n7YWFV6eohYVIXd+TE=
135,204,oXUg4qYNa2MNME7SgSnH0dg2lpY=,5TB+JfJU7n7YWFV6eohYVIXd+TE=
134,204,oXUg4qYNa2MNME7SgSnH0dg2lpY=,5TB+JfJU7n7YWFV6eohYVIXd+TE=
133,204,oXUg4qYNa2MNME7SgSnH0dg2lpY=,5TB+JfJU7n7YWFV6eohYVIXd+TE=
132,204,oXUg4qYNa2MNME7SgSnH0dg2lpY=,5TB+JfJU7n7YWFV6eohYVIXd+TE=
130,204,oXUg4qYNa2MNME7SgSnH0dg2lpY=,5TB+JfJU7n7YWFV6eohYVIXd+TE=
131,204,oXUg4qYNa2MNME7SgSnH0dg2lpY=,5TB+JfJU7n7YWFV6eohYVIXd+TE=
129,193,oXUg4qYNa2MNME7SgSnH0dg2lpY=,5TB+JfJU7n7YWFV6eohYVIXd+TE=
128,193,oXUg4qYNa2MNME7SgSnH0dg2lpY=,5TB+JfJU7n7YWFV6eohYVIXd+TE=
128,195,oXUg4qYNa2MNME7SgSnH0dg2lpY=,5TB+JfJU7n7YWFV6eohYVIXd+TE=
143,192,oXUg4qYNa2MNME7SgSnH0dg2lpY=,5TB+JfJU7n7YWFV6eohYVIXd+TE=
130,192,oXUg4qYNa2MNME7SgSnH0dg2lpY=,5TB+JfJU7n7YWFV6eohYVIXd+TE=
142,192,oXUg4qYNa2MNME7SgSnH0dg2lpY=,5TB+JfJU7n7YWFV6eohYVIXd+TE=
143,194,oXUg4qYNa2MNME7SgSnH0dg2lpY=,5TB+JfJU7n7YWFV6eohYVIXd+TE=
143,193,oXUg4qYNa2MNME7SgSnH0dg2lpY=,5TB+JfJU7n7YWFV6eohYVIXd+TE=
142,193,oXUg4qYNa2MNME7SgSnH0dg2lpY=,5TB+JfJU7n7YWFV6eohYVIXd+TE=
143,203,oXUg4qYNa2MNME7SgSnH0dg2lpY=,5TB+JfJU7n7YWFV6eohYVIXd+TE=
142,203,oXUg4qYNa2MNME7SgSnH0dg2lpY=,5TB+JfJU7n7YWFV6eohYVIXd+TE=
128,194,oXUg4qYNa2MNME7SgSnH0dg2lpY=,5TB+JfJU7n7YWFV6eohYVIXd+TE=
141,203,oXUg4qYNa2MNME7SgSnH0dg2lpY=,5TB+JfJU7n7YWFV6eohYVIXd+TE=
139,203,oXUg4qYNa2MNME7SgSnH0dg2lpY=,5TB+JfJU7n7YWFV6eohYVIXd+TE=
140,203,oXUg4qYNa2MNME7SgSnH0dg2lpY=,5TB+JfJU7n7YWFV6eohYVIXd+TE=
138,203,oXUg4qYNa2MNME7SgSnH0dg2lpY=,5TB+JfJU7n7YWFV6eohYVIXd+TE=
137,203,oXUg4qYNa2MNME7SgSnH0dg2lpY=,5TB+JfJU7n7YWFV6eohYVIXd+TE=
136,203,oXUg4qYNa2MNME7SgSnH0dg2lpY=,5TB+JfJU7n7YWFV6eohYVIXd+TE=
135,203,oXUg4qYNa2MNME7SgSnH0dg2lpY=,5TB+JfJU7n7YWFV6eohYVIXd+TE=
134,203,oXUg4qYNa2MNME7SgSnH0dg2lpY=,5TB+JfJU7n7YWFV6eohYVIXd+TE=
133,203,oXUg4qYNa2MNME7SgSnH0dg2lpY=,5TB+JfJU7n7YWFV6eohYVIXd+TE=
132,203,oXUg4qYNa2MNME7SgSnH0dg2lpY=,5TB+JfJU7n7YWFV6eohYVIXd+TE=
131,203,oXUg4qYNa2MNME7SgSnH0dg2lpY=,5TB+JfJU7n7YWFV6eohYVIXd+TE=
130,203,oXUg4qYNa2MNME7SgSnH0dg2lpY=,5TB+JfJU7n7YWFV6eohYVIXd+TE=
129,203,oXUg4qYNa2MNME7SgSnH0dg2lpY=,5TB+JfJU7n7YWFV6eohYVIXd+TE=
141,192,oXUg4qYNa2MNME7SgSnH0dg2lpY=,5TB+JfJU7n7YWFV6eohYVIXd+TE=
142,194,oXUg4qYNa2MNME7SgSnH0dg2lpY=,5TB+JfJU7n7YWFV6eohYVIXd+TE=
143,202,oXUg4qYNa2MNME7SgSnH0dg2lpY=,5TB+JfJU7n7YWFV6eohYVIXd+TE=
142,202,oXUg4qYNa2MNME7SgSnH0dg2lpY=,5TB+JfJU7n7YWFV6eohYVIXd+TE=
140,202,oXUg4qYNa2MNME7SgSnH0dg2lpY=,5TB+JfJU7n7YWFV6eohYVIXd+TE=
141,202,oXUg4qYNa2MNME7SgSnH0dg2lpY=,5TB+JfJU7n7YWFV6eohYVIXd+TE=
139,202,oXUg4qYNa2MNME7SgSnH0dg2lpY=,5TB+JfJU7n7YWFV6eohYVIXd+TE=
138,202,oXUg4qYNa2MNME7SgSnH0dg2lpY=,5TB+JfJU7n7YWFV6eohYVIXd+TE=
137,202,oXUg4qYNa2MNME7SgSnH0dg2lpY=,5TB+JfJU7n7YWFV6eohYVIXd+TE=
136,202,oXUg4qYNa2MNME7SgSnH0dg2lpY=,5TB+JfJU7n7YWFV6eohYVIXd+TE=
141,193,oXUg4qYNa2MNME7SgSnH0dg2lpY=,5TB+JfJU7n7YWFV6eohYVIXd+TE=
135,202,oXUg4qYNa2MNME7SgSnH0dg2lpY=,5TB+JfJU7n7YWFV6eohYVIXd+TE=
134,202,oXUg4qYNa2MNME7SgSnH0dg2lpY=,5TB+JfJU7n7YWFV6eohYVIXd+TE=
133,202,oXUg4qYNa2MNME7SgSnH0dg2lpY=,5TB+JfJU7n7YWFV6eohYVIXd+TE=
132,202,oXUg4qYNa2MNME7SgSnH0dg2lpY=,5TB+JfJU7n7YWFV6eohYVIXd+TE=
130,202,oXUg4qYNa2MNME7SgSnH0dg2lpY=,5TB+JfJU7n7YWFV6eohYVIXd+TE=
131,202,oXUg4qYNa2MNME7SgSnH0dg2lpY=,5TB+JfJU7n7YWFV6eohYVIXd+TE=
129,202,oXUg4qYNa2MNME7SgSnH0dg2lpY=,5TB+JfJU7n7YWFV6eohYVIXd+TE=
140,192,oXUg4qYNa2MNME7SgSnH0dg2lpY=,5TB+JfJU7n7YWFV6eohYVIXd+TE=
128,202,oXUg4qYNa2MNME7SgSnH0dg2lpY=,5TB+JfJU7n7YWFV6eohYVIXd+TE=
141,194,oXUg4qYNa2MNME7SgSnH0dg2lpY=,5TB+JfJU7n7YWFV6eohYVIXd+TE=
143,201,oXUg4qYNa2MNME7SgSnH0dg2lpY=,5TB+JfJU7n7YWFV6eohYVIXd+TE=
140,193,oXUg4qYNa2MNME7SgSnH0dg2lpY=,5TB+JfJU7n7YWFV6eohYVIXd+TE=
142,201,oXUg4qYNa2MNME7SgSnH0dg2lpY=,5TB+JfJU7n7YWFV6eohYVIXd+TE=
140,201,oXUg4qYNa2MNME7SgSnH0dg2lpY=,5TB+JfJU7n7YWFV6eohYVIXd+TE=
141,201,oXUg4qYNa2MNME7SgSnH0dg2lpY=,5TB+JfJU7n7YWFV6eohYVIXd+TE=
139,201,oXUg4qYNa2MNME7SgSnH0dg2lpY=,5TB+JfJU7n7YWFV6eohYVIXd+TE=
137,201,oXUg4qYNa2MNME7SgSnH0dg2lpY=,5TB+JfJU7n7YWFV6eohYVIXd+TE=
138,201,oXUg4qYNa2MNME7SgSnH0dg2lpY=,5TB+JfJU7n7YWFV6eohYVIXd+TE=
136,201,oXUg4qYNa2MNME7SgSnH0dg2lpY=,5TB+JfJU7n7YWFV6eohYVIXd+TE=
135,201,oXUg4qYNa2MNME7SgSnH0dg2lpY=,5TB+JfJU7n7YWFV6eohYVIXd+TE=
134,201,oXUg4qYNa2MNME7SgSnH0dg2lpY=,5TB+JfJU7n7YWFV6eohYVIXd+TE=
133,201,oXUg4qYNa2MNME7SgSnH0dg2lpY=,5TB+JfJU7n7YWFV6eohYVIXd+TE=
131,201,oXUg4qYNa2MNME7SgSnH0dg2lpY=,5TB+JfJU7n7YWFV6eohYVIXd+TE=
132,201,oXUg4qYNa2MNME7SgSnH0dg2lpY=,5TB+JfJU7n7YWFV6eohYVIXd+TE=
130,201,oXUg4qYNa2MNME7SgSnH0dg2lpY=,5TB+JfJU7n7YWFV6eohYVIXd+TE=
129,201,oXUg4qYNa2MNME7SgSnH0dg2lpY=,5TB+JfJU7n7YWFV6eohYVIXd+TE=
139,192,oXUg4qYNa2MNME7SgSnH0dg2lpY=,5TB+JfJU7n7YWFV6eohYVIXd+TE=
140,194,oXUg4qYNa2MNME7SgSnH0dg2lpY=,5TB+JfJU7n7YWFV6eohYVIXd+TE=
128,201,oXUg4qYNa2MNME7SgSnH0dg2lpY=,5TB+JfJU7n7YWFV6eohYVIXd+TE=
143,200,oXUg4qYNa2MNME7SgSnH0dg2lpY=,5TB+JfJU7n7YWFV6eohYVIXd+TE=
139,193,oXUg4qYNa2MNME7SgSnH0dg2lpY=,5TB+JfJU7n7YWFV6eohYVIXd+TE=
142,200,oXUg4qYNa2MNME7SgSnH0dg2lpY=,5TB+JfJU7n7YWFV6eohYVIXd+TE=
141,200,oXUg4qYNa2MNME7SgSnH0dg2lpY=,5TB+JfJU7n7YWFV6eohYVIXd+TE=
140,200,oXUg4qYNa2MNME7SgSnH0dg2lpY=,5TB+JfJU7n7YWFV6eohYVIXd+TE=
138,200,oXUg4qYNa2MNME7SgSnH0dg2lpY=,5TB+JfJU7n7YWFV6eohYVIXd+TE=
137,200,oXUg4qYNa2MNME7SgSnH0dg2lpY=,5TB+JfJU7n7YWFV6eohYVIXd+TE=
139,200,oXUg4qYNa2MNME7SgSnH0dg2lpY=,5TB+JfJU7n7YWFV6eohYVIXd+TE=
136,200,oXUg4qYNa2MNME7SgSnH0dg2lpY=,5TB+JfJU7n7YWFV6eohYVIXd+TE=
134,200,oXUg4qYNa2MNME7SgSnH0dg2lpY=,5TB+JfJU7n7YWFV6eohYVIXd+TE=
133,200,oXUg4qYNa2MNME7SgSnH0dg2lpY=,5TB+JfJU7n7YWFV6eohYVIXd+TE=
132,200,oXUg4qYNa2MNME7SgSnH0dg2lpY=,5TB+JfJU7n7YWFV6eohYVIXd+TE=
131,200,oXUg4qYNa2MNME7SgSnH0dg2lpY=,5TB+JfJU7n7YWFV6eohYVIXd+TE=
130,200,oXUg4qYNa2MNME7SgSnH0dg2lpY=,5TB+JfJU7n7YWFV6eohYVIXd+TE=
129,200,oXUg4qYNa2MNME7SgSnH0dg2lpY=,5TB+JfJU7n7YWFV6eohYVIXd+TE=
128,200,oXUg4qYNa2MNME7SgSnH0dg2lpY=,5TB+JfJU7n7YWFV6eohYVIXd+TE=
138,192,oXUg4qYNa2MNME7SgSnH0dg2lpY=,5TB+JfJU7n7YWFV6eohYVIXd+TE=
139,194,oXUg4qYNa2MNME7SgSnH0dg2lpY=,5TB+JfJU7n7YWFV6eohYVIXd+TE=
138,193,oXUg4qYNa2MNME7SgSnH0dg2lpY=,5TB+JfJU7n7YWFV6eohYVIXd+TE=
143,199,oXUg4qYNa2MNME7SgSnH0dg2lpY=,5TB+JfJU7n7YWFV6eohYVIXd+TE=
142,199,oXUg4qYNa2MNME7SgSnH0dg2lpY=,5TB+JfJU7n7YWFV6eohYVIXd+TE=
141,199,oXUg4qYNa2MNME7SgSnH0dg2lpY=,5TB+JfJU7n7YWFV6eohYVIXd+TE=
140,199,oXUg4qYNa2MNME7SgSnH0dg2lpY=,5TB+JfJU7n7YWFV6eohYVIXd+TE=
135,200,oXUg4qYNa2MNME7SgSnH0dg2lpY=,5TB+JfJU7n7YWFV6eohYVIXd+TE=
139,199,oXUg4qYNa2MNME7SgSnH0dg2lpY=,5TB+JfJU7n7YWFV6eohYVIXd+TE=
138,199,oXUg4qYNa2MNME7SgSnH0dg2lpY=,5TB+JfJU7n7YWFV6eohYVIXd+TE=
136,199,oXUg4qYNa2MNME7SgSnH0dg2lpY=,5TB+JfJU7n7YWFV6eohYVIXd+TE=
135,199,oXUg4qYNa2MNME7SgSnH0dg2lpY=,5TB+JfJU7n7YWFV6eohYVIXd+TE=
137,199,oXUg4qYNa2MNME7SgSnH0dg2lpY=,5TB+JfJU7n7YWFV6eohYVIXd+TE=
133,199,oXUg4qYNa2MNME7SgSnH0dg2lpY=,5TB+JfJU7n7YWFV6eohYVIXd+TE=
134,199,oXUg4qYNa2MNME7SgSnH0dg2lpY=,5TB+JfJU7n7YWFV6eohYVIXd+TE=
130,199,oXUg4qYNa2MNME7SgSnH0dg2lpY=,5TB+JfJU7n7YWFV6eohYVIXd+TE=
132,199,oXUg4qYNa2MNME7SgSnH0dg2lpY=,5TB+JfJU7n7YWFV6eohYVIXd+TE=
131,199,oXUg4qYNa2MNME7SgSnH0dg2lpY=,5TB+JfJU7n7YWFV6eohYVIXd+TE=
129,199,oXUg4qYNa2MNME7SgSnH0dg2lpY=,5TB+JfJU7n7YWFV6eohYVIXd+TE=
138,194,oXUg4qYNa2MNME7SgSnH0dg2lpY=,5TB+JfJU7n7YWFV6eohYVIXd+TE=
128,199,oXUg4qYNa2MNME7SgSnH0dg2lpY=,5TB+JfJU7n7YWFV6eohYVIXd+TE=
137,192,oXUg4qYNa2MNME7SgSnH0dg2lpY=,5TB+JfJU7n7YWFV6eohYVIXd+TE=
137,193,oXUg4qYNa2MNME7SgSnH0dg2lpY=,5TB+JfJU7n7YWFV6eohYVIXd+TE=
143,198,oXUg4qYNa2MNME7SgSnH0dg2lpY=,5TB+JfJU7n7YWFV6eohYVIXd+TE=
140,198,oXUg4qYNa2MNME7SgSnH0dg2lpY=,5TB+JfJU7n7YWFV6eohYVIXd+TE=
142,198,oXUg4qYNa2MNME7SgSnH0dg2lpY=,5TB+JfJU7n7YWFV6eohYVIXd+TE=
141,198,oXUg4qYNa2MNME7SgSnH0dg2lpY=,5TB+JfJU7n7YWFV6eohYVIXd+TE=
138,198,oXUg4qYNa2MNME7SgSnH0dg2lpY=,5TB+JfJU7n7YWFV6eohYVIXd+TE=
139,198,oXUg4qYNa2MNME7SgSnH0dg2lpY=,5TB+JfJU7n7YWFV6eohYVIXd+TE=
135,198,oXUg4qYNa2MNME7SgSnH0dg2lpY=,5TB+JfJU7n7YWFV6eohYVIXd+TE=
137,198,oXUg4qYNa2MNME7SgSnH0dg2lpY=,5TB+JfJU7n7YWFV6eohYVIXd+TE=
136,198,oXUg4qYNa2MNME7SgSnH0dg2lpY=,5TB+JfJU7n7YWFV6eohYVIXd+TE=
133,198,oXUg4qYNa2MNME7SgSnH0dg2lpY=,5TB+JfJU7n7YWFV6eohYVIXd+TE=
134,198,oXUg4qYNa2MNME7SgSnH0dg2lpY=,5TB+JfJU7n7YWFV6eohYVIXd+TE=
130,198,oXUg4qYNa2MNME7SgSnH0dg2lpY=,5TB+JfJU7n7YWFV6eohYVIXd+TE=
132,198,oXUg4qYNa2MNME7SgSnH0dg2lpY=,5TB+JfJU7n7YWFV6eohYVIXd+TE=
131,198,oXUg4qYNa2MNME7SgSnH0dg2lpY=,5TB+JfJU7n7YWFV6eohYVIXd+TE=
129,198,oXUg4qYNa2MNME7SgSnH0dg2lpY=,5TB+JfJU7n7YWFV6eohYVIXd+TE=
137,194,oXUg4qYNa2MNME7SgSnH0dg2lpY=,5TB+JfJU7n7YWFV6eohYVIXd+TE=
136,192,oXUg4qYNa2MNME7SgSnH0dg2lpY=,5TB+JfJU7n7YWFV6eohYVIXd+TE=
136,193,oXUg4qYNa2MNME7SgSnH0dg2lpY=,5TB+JfJU7n7YWFV6eohYVIXd+TE=
143,197,oXUg4qYNa2MNME7SgSnH0dg2lpY=,5TB+JfJU7n7YWFV6eohYVIXd+TE=
142,197,oXUg4qYNa2MNME7SgSnH0dg2lpY=,5TB+JfJU7n7YWFV6eohYVIXd+TE=
141,197,oXUg4qYNa2MNME7SgSnH0dg2lpY=,5TB+JfJU7n7YWFV6eohYVIXd+TE=
140,197,oXUg4qYNa2MNME7SgSnH0dg2lpY=,5TB+JfJU7n7YWFV6eohYVIXd+TE=
139,197,oXUg4qYNa2MNME7SgSnH0dg2lpY=,5TB+JfJU7n7YWFV6eohYVIXd+TE=
138,197,oXUg4qYNa2MNME7SgSnH0dg2lpY=,5TB+JfJU7n7YWFV6eohYVIXd+TE=
135,197,oXUg4qYNa2MNME7SgSnH0dg2lpY=,5TB+JfJU7n7YWFV6eohYVIXd+TE=
136,197,oXUg4qYNa2MNME7SgSnH0dg2lpY=,5TB+JfJU7n7YWFV6eohYVIXd+TE=
134,197,oXUg4qYNa2MNME7SgSnH0dg2lpY=,5TB+JfJU7n7YWFV6eohYVIXd+TE=
133,197,oXUg4qYNa2MNME7SgSnH0dg2lpY=,5TB+JfJU7n7YWFV6eohYVIXd+TE=
128,198,oXUg4qYNa2MNME7SgSnH0dg2lpY=,5TB+JfJU7n7YWFV6eohYVIXd+TE=
137,197,oXUg4qYNa2MNME7SgSnH0dg2lpY=,5TB+JfJU7n7YWFV6eohYVIXd+TE=
129,197,oXUg4qYNa2MNME7SgSnH0dg2lpY=,5TB+JfJU7n7YWFV6eohYVIXd+TE=
130,197,oXUg4qYNa2MNME7SgSnH0dg2lpY=,5TB+JfJU7n7YWFV6eohYVIXd+TE=
136,194,oXUg4qYNa2MNME7SgSnH0dg2lpY=,5TB+JfJU7n7YWFV6eohYVIXd+TE=
128,197,oXUg4qYNa2MNME7SgSnH0dg2lpY=,5TB+JfJU7n7YWFV6eohYVIXd+TE=
135,192,oXUg4qYNa2MNME7SgSnH0dg2lpY=,5TB+JfJU7n7YWFV6eohYVIXd+TE=
143,196,oXUg4qYNa2MNME7SgSnH0dg2lpY=,5TB+JfJU7n7YWFV6eohYVIXd+TE=
135,193,oXUg4qYNa2MNME7SgSnH0dg2lpY=,5TB+JfJU7n7YWFV6eohYVIXd+TE=
142,196,oXUg4qYNa2MNME7SgSnH0dg2lpY=,5TB+JfJU7n7YWFV6eohYVIXd+TE=
141,196,oXUg4qYNa2MNME7SgSnH0dg2lpY=,5TB+JfJU7n7YWFV6eohYVIXd+TE=
139,196,oXUg4qYNa2MNME7SgSnH0dg2lpY=,5TB+JfJU7n7YWFV6eohYVIXd+TE=
140,196,oXUg4qYNa2MNME7SgSnH0dg2lpY=,5TB+JfJU7n7YWFV6eohYVIXd+TE=
138,196,oXUg4qYNa2MNME7SgSnH0dg2lpY=,5TB+JfJU7n7YWFV6eohYVIXd+TE=
137,196,oXUg4qYNa2MNME7SgSnH0dg2lpY=,5TB+JfJU7n7YWFV6eohYVIXd+TE=
136,196,oXUg4qYNa2MNME7SgSnH0dg2lpY=,5TB+JfJU7n7YWFV6eohYVIXd+TE=
135,196,oXUg4qYNa2MNME7SgSnH0dg2lpY=,5TB+JfJU7n7YWFV6eohYVIXd+TE=
134,196,oXUg4qYNa2MNME7SgSnH0dg2lpY=,5TB+JfJU7n7YWFV6eohYVIXd+TE=
133,196,oXUg4qYNa2MNME7SgSnH0dg2lpY=,5TB+JfJU7n7YWFV6eohYVIXd+TE=
132,196,oXUg4qYNa2MNME7SgSnH0dg2lpY=,5TB+JfJU7n7YWFV6eohYVIXd+TE=
131,196,oXUg4qYNa2MNME7SgSnH0dg2lpY=,5TB+JfJU7n7YWFV6eohYVIXd+TE=
130,196,oXUg4qYNa2MNME7SgSnH0dg2lpY=,5TB+JfJU7n7YWFV6eohYVIXd+TE=
128,196,oXUg4qYNa2MNME7SgSnH0dg2lpY=,5TB+JfJU7n7YWFV6eohYVIXd+TE=
135,194,oXUg4qYNa2MNME7SgSnH0dg2lpY=,5TB+JfJU7n7YWFV6eohYVIXd+TE=
134,192,oXUg4qYNa2MNME7SgSnH0dg2lpY=,5TB+JfJU7n7YWFV6eohYVIXd+TE=
134,193,oXUg4qYNa2MNME7SgSnH0dg2lpY=,5TB+JfJU7n7YWFV6eohYVIXd+TE=
129,196,oXUg4qYNa2MNME7SgSnH0dg2lpY=,5TB+JfJU7n7YWFV6eohYVIXd+TE=
143,195,oXUg4qYNa2MNME7SgSnH0dg2lpY=,5TB+JfJU7n7YWFV6eohYVIXd+TE=
128,192,oXUg4qYNa2MNME7SgSnH0dg2lpY=,5TB+JfJU7n7YWFV6eohYVIXd+TE=
142,195,oXUg4qYNa2MNME7SgSnH0dg2lpY=,5TB+JfJU7n7YWFV6eohYVIXd+TE=
139,195,oXUg4qYNa2MNME7SgSnH0dg2lpY=,5TB+JfJU7n7YWFV6eohYVIXd+TE=
141,195,oXUg4qYNa2MNME7SgSnH0dg2lpY=,5TB+JfJU7n7YWFV6eohYVIXd+TE=
140,195,oXUg4qYNa2MNME7SgSnH0dg2lpY=,5TB+JfJU7n7YWFV6eohYVIXd+TE=
138,195,oXUg4qYNa2MNME7SgSnH0dg2lpY=,5TB+JfJU7n7YWFV6eohYVIXd+TE=
136,195,oXUg4qYNa2MNME7SgSnH0dg2lpY=,5TB+JfJU7n7YWFV6eohYVIXd+TE=
137,195,oXUg4qYNa2MNME7SgSnH0dg2lpY=,5TB+JfJU7n7YWFV6eohYVIXd+TE=
132,197,oXUg4qYNa2MNME7SgSnH0dg2lpY=,5TB+JfJU7n7YWFV6eohYVIXd+TE=
131,197,oXUg4qYNa2MNME7SgSnH0dg2lpY=,5TB+JfJU7n7YWFV6eohYVIXd+TE=
129,204,oXUg4qYNa2MNME7SgSnH0dg2lpY=,5TB+JfJU7n7YWFV6eohYVIXd+TE=
128,206,oXUg4qYNa2MNME7SgSnH0dg2lpY=,5TB+JfJU7n7YWFV6eohYVIXd+TE=
128,203,oXUg4qYNa2MNME7SgSnH0dg2lpY=,5TB+JfJU7n7YWFV6eohYVIXd+TE=
128,204,oXUg4qYNa2MNME7SgSnH0dg2lpY=,5TB+JfJU7n7YWFV6eohYVIXd+TE=
135,211,hm/qWnqnhD897FsNJCMR9SFzLhw=,Rp2fBpVWcHwPWab29T45TEcyhjY=
134,211,FGGLdGoMHTkt0gJIUGtBv/mhpgw=,Rp2fBpVWcHwPWab29T45TEcyhjY=
133,208,FGGLdGoMHTkt0gJIUGtBv/mhpgw=,Rp2fBpVWcHwPWab29T45TEcyhjY=
134,210,FGGLdGoMHTkt0gJIUGtBv/mhpgw=,Rp2fBpVWcHwPWab29T45TEcyhjY=
131,208,FGGLdGoMHTkt0gJIUGtBv/mhpgw=,Rp2fBpVWcHwPWab29T45TEcyhjY=
133,211,FGGLdGoMHTkt0gJIUGtBv/mhpgw=,Rp2fBpVWcHwPWab29T45TEcyhjY=
133,209,FGGLdGoMHTkt0gJIUGtBv/mhpgw=,Rp2fBpVWcHwPWab29T45TEcyhjY=
132,209,FGGLdGoMHTkt0gJIUGtBv/mhpgw=,Rp2fBpVWcHwPWab29T45TEcyhjY=
129,208,FGGLdGoMHTkt0gJIUGtBv/mhpgw=,Rp2fBpVWcHwPWab29T45TEcyhjY=
143,223,FGGLdGoMHTkt0gJIUGtBv/mhpgw=,Rp2fBpVWcHwPWab29T45TEcyhjY=
132,210,FGGLdGoMHTkt0gJIUGtBv/mhpgw=,Rp2fBpVWcHwPWab29T45TEcyhjY=
142,223,FGGLdGoMHTkt0gJIUGtBv/mhpgw=,Rp2fBpVWcHwPWab29T45TEcyhjY=
140,223,FGGLdGoMHTkt0gJIUGtBv/mhpgw=,Rp2fBpVWcHwPWab29T45TEcyhjY=
139,223,FGGLdGoMHTkt0gJIUGtBv/mhpgw=,Rp2fBpVWcHwPWab29T45TEcyhjY=
137,223,FGGLdGoMHTkt0gJIUGtBv/mhpgw=,Rp2fBpVWcHwPWab29T45TEcyhjY=
136,223,FGGLdGoMHTkt0gJIUGtBv/mhpgw=,Rp2fBpVWcHwPWab29T45TEcyhjY=
135,223,FGGLdGoMHTkt0gJIUGtBv/mhpgw=,Rp2fBpVWcHwPWab29T45TEcyhjY=
134,223,FGGLdGoMHTkt0gJIUGtBv/mhpgw=,Rp2fBpVWcHwPWab29T45TEcyhjY=
133,223,FGGLdGoMHTkt0gJIUGtBv/mhpgw=,Rp2fBpVWcHwPWab29T45TEcyhjY=
132,223,FGGLdGoMHTkt0gJIUGtBv/mhpgw=,Rp2fBpVWcHwPWab29T45TEcyhjY=
131,223,FGGLdGoMHTkt0gJIUGtBv/mhpgw=,Rp2fBpVWcHwPWab29T45TEcyhjY=
130,223,FGGLdGoMHTkt0gJIUGtBv/mhpgw=,Rp2fBpVWcHwPWab29T45TEcyhjY=
129,223,FGGLdGoMHTkt0gJIUGtBv/mhpgw=,Rp2fBpVWcHwPWab29T45TEcyhjY=
128,223,FGGLdGoMHTkt0gJIUGtBv/mhpgw=,Rp2fBpVWcHwPWab29T45TEcyhjY=
132,208,FGGLdGoMHTkt0gJIUGtBv/mhpgw=,Rp2fBpVWcHwPWab29T45TEcyhjY=
143,222,FGGLdGoMHTkt0gJIUGtBv/mhpgw=,Rp2fBpVWcHwPWab29T45TEcyhjY=
142,222,FGGLdGoMHTkt0gJIUGtBv/mhpgw=,Rp2fBpVWcHwPWab29T45TEcyhjY=
141,222,FGGLdGoMHTkt0gJIUGtBv/mhpgw=,Rp2fBpVWcHwPWab29T45TEcyhjY=
139,222,FGGLdGoMHTkt0gJIUGtBv/mhpgw=,Rp2fBpVWcHwPWab29T45TEcyhjY=
137,222,FGGLdGoMHTkt0gJIUGtBv/mhpgw=,Rp2fBpVWcHwPWab29T45TEcyhjY=
135,222,FGGLdGoMHTkt0gJIUGtBv/mhpgw=,Rp2fBpVWcHwPWab29T45TEcyhjY=
134,222,FGGLdGoMHTkt0gJIUGtBv/mhpgw=,Rp2fBpVWcHwPWab29T45TEcyhjY=
133,222,FGGLdGoMHTkt0gJIUGtBv/mhpgw=,Rp2fBpVWcHwPWab29T45TEcyhjY=
131,222,FGGLdGoMHTkt0gJIUGtBv/mhpgw=,Rp2fBpVWcHwPWab29T45TEcyhjY=
130,222,FGGLdGoMHTkt0gJIUGtBv/mhpgw=,Rp2fBpVWcHwPWab29T45TEcyhjY=
129,222,FGGLdGoMHTkt0gJIUGtBv/mhpgw=,Rp2fBpVWcHwPWab29T45TEcyhjY=
132,222,FGGLdGoMHTkt0gJIUGtBv/mhpgw=,Rp2fBpVWcHwPWab29T45TEcyhjY=
143,221,FGGLdGoMHTkt0gJIUGtBv/mhpgw=,Rp2fBpVWcHwPWab29T45TEcyhjY=
128,222,FGGLdGoMHTkt0gJIUGtBv/mhpgw=,Rp2fBpVWcHwPWab29T45TEcyhjY=
142,221,FGGLdGoMHTkt0gJIUGtBv/mhpgw=,Rp2fBpVWcHwPWab29T45TEcyhjY=
141,221,FGGLdGoMHTkt0gJIUGtBv/mhpgw=,Rp2fBpVWcHwPWab29T45TEcyhjY=
140,221,FGGLdGoMHTkt0gJIUGtBv/mhpgw=,Rp2fBpVWcHwPWab29T45TEcyhjY=
139,221,FGGLdGoMHTkt0gJIUGtBv/mhpgw=,Rp2fBpVWcHwPWab29T45TEcyhjY=
137,221,FGGLdGoMHTkt0gJIUGtBv/mhpgw=,Rp2fBpVWcHwPWab29T45TEcyhjY=
135,221,FGGLdGoMHTkt0gJIUGtBv/mhpgw=,Rp2fBpVWcHwPWab29T45TEcyhjY=
134,221,FGGLdGoMHTkt0gJIUGtBv/mhpgw=,Rp2fBpVWcHwPWab29T45TEcyhjY=
133,221,FGGLdGoMHTkt0gJIUGtBv/mhpgw=,Rp2fBpVWcHwPWab29T45TEcyhjY=
132,221,FGGLdGoMHTkt0gJIUGtBv/mhpgw=,Rp2fBpVWcHwPWab29T45TEcyhjY=
131,221,FGGLdGoMHTkt0gJIUGtBv/mhpgw=,Rp2fBpVWcHwPWab29T45TEcyhjY=
130,221,FGGLdGoMHTkt0gJIUGtBv/mhpgw=,Rp2fBpVWcHwPWab29T45TEcyhjY=
129,221,FGGLdGoMHTkt0gJIUGtBv/mhpgw=,Rp2fBpVWcHwPWab29T45TEcyhjY=
128,221,FGGLdGoMHTkt0gJIUGtBv/mhpgw=,Rp2fBpVWcHwPWab29T45TEcyhjY=
130,209,FGGLdGoMHTkt0gJIUGtBv/mhpgw=,Rp2fBpVWcHwPWab29T45TEcyhjY=
143,220,FGGLdGoMHTkt0gJIUGtBv/mhpgw=,Rp2fBpVWcHwPWab29T45TEcyhjY=
141,220,FGGLdGoMHTkt0gJIUGtBv/mhpgw=,Rp2fBpVWcHwPWab29T45TEcyhjY=
140,220,FGGLdGoMHTkt0gJIUGtBv/mhpgw=,Rp2fBpVWcHwPWab29T45TEcyhjY=
142,220,FGGLdGoMHTkt0gJIUGtBv/mhpgw=,Rp2fBpVWcHwPWab29T45TEcyhjY=
139,220,FGGLdGoMHTkt0gJIUGtBv/mhpgw=,Rp2fBpVWcHwPWab29T45TEcyhjY=
130,211,FGGLdGoMHTkt0gJIUGtBv/mhpgw=,Rp2fBpVWcHwPWab29T45TEcyhjY=
131,210,FGGLdGoMHTkt0gJIUGtBv/mhpgw=,Rp2fBpVWcHwPWab29T45TEcyhjY=
133,210,FGGLdGoMHTkt0gJIUGtBv/mhpgw=,Rp2fBpVWcHwPWab29T45TEcyhjY=
133,220,FGGLdGoMHTkt0gJIUGtBv/mhpgw=,Rp2fBpVWcHwPWab29T45TEcyhjY=
132,220,FGGLdGoMHTkt0gJIUGtBv/mhpgw=,Rp2fBpVWcHwPWab29T45TEcyhjY=
131,220,FGGLdGoMHTkt0gJIUGtBv/mhpgw=,Rp2fBpVWcHwPWab29T45TEcyhjY=
130,220,FGGLdGoMHTkt0gJIUGtBv/mhpgw=,Rp2fBpVWcHwPWab29T45TEcyhjY=
129,220,FGGLdGoMHTkt0gJIUGtBv/mhpgw=,Rp2fBpVWcHwPWab29T45TEcyhjY=
131,209,FGGLdGoMHTkt0gJIUGtBv/mhpgw=,Rp2fBpVWcHwPWab29T45TEcyhjY=
128,220,FGGLdGoMHTkt0gJIUGtBv/mhpgw=,Rp2fBpVWcHwPWab29T45TEcyhjY=
138,220,FGGLdGoMHTkt0gJIUGtBv/mhpgw=,Rp2fBpVWcHwPWab29T45TEcyhjY=
136,221,FGGLdGoMHTkt0gJIUGtBv/mhpgw=,Rp2fBpVWcHwPWab29T45TEcyhjY=
143,208,FGGLdGoMHTkt0gJIUGtBv/mhpgw=,Rp2fBpVWcHwPWab29T45TEcyhjY=
138,223,FGGLdGoMHTkt0gJIUGtBv/mhpgw=,Rp2fBpVWcHwPWab29T45TEcyhjY=
134,220,FGGLdGoMHTkt0gJIUGtBv/mhpgw=,Rp2fBpVWcHwPWab29T45TEcyhjY=
130,208,FGGLdGoMHTkt0gJIUGtBv/mhpgw=,Rp2fBpVWcHwPWab29T45TEcyhjY=
142,208,FGGLdGoMHTkt0gJIUGtBv/mhpgw=,Rp2fBpVWcHwPWab29T45TEcyhjY=
143,210,FGGLdGoMHTkt0gJIUGtBv/mhpgw=,Rp2fBpVWcHwPWab29T45TEcyhjY=
143,209,FGGLdGoMHTkt0gJIUGtBv/mhpgw=,Rp2fBpVWcHwPWab29T45TEcyhjY=
143,219,FGGLdGoMHTkt0gJIUGtBv/mhpgw=,Rp2fBpVWcHwPWab29T45TEcyhjY=
142,219,FGGLdGoMHTkt0gJIUGtBv/mhpgw=,Rp2fBpVWcHwPWab29T45TEcyhjY=
142,209,FGGLdGoMHTkt0gJIUGtBv/mhpgw=,Rp2fBpVWcHwPWab29T45TEcyhjY=
141,219,FGGLdGoMHTkt0gJIUGtBv/mhpgw=,Rp2fBpVWcHwPWab29T45TEcyhjY=
140,219,FGGLdGoMHTkt0gJIUGtBv/mhpgw=,Rp2fBpVWcHwPWab29T45TEcyhjY=
139,219,FGGLdGoMHTkt0gJIUGtBv/mhpgw=,Rp2fBpVWcHwPWab29T45TEcyhjY=
130,210,FGGLdGoMHTkt0gJIUGtBv/mhpgw=,Rp2fBpVWcHwPWab29T45TEcyhjY=
132,211,FGGLdGoMHTkt0gJIUGtBv/mhpgw=,Rp2fBpVWcHwPWab29T45TEcyhjY=
135,220,FGGLdGoMHTkt0gJIUGtBv/mhpgw=,Rp2fBpVWcHwPWab29T45TEcyhjY=
131,211,FGGLdGoMHTkt0gJIUGtBv/mhpgw=,Rp2fBpVWcHwPWab29T45TEcyhjY=
136,222,FGGLdGoMHTkt0gJIUGtBv/mhpgw=,Rp2fBpVWcHwPWab29T45TEcyhjY=
132,219,FGGLdGoMHTkt0gJIUGtBv/mhpgw=,Rp2fBpVWcHwPWab29T45TEcyhjY=
131,219,FGGLdGoMHTkt0gJIUGtBv/mhpgw=,Rp2fBpVWcHwPWab29T45TEcyhjY=
130,219,FGGLdGoMHTkt0gJIUGtBv/mhpgw=,Rp2fBpVWcHwPWab29T45TEcyhjY=
129,219,FGGLdGoMHTkt0gJIUGtBv/mhpgw=,Rp2fBpVWcHwPWab29T45TEcyhjY=
128,219,FGGLdGoMHTkt0gJIUGtBv/mhpgw=,Rp2fBpVWcHwPWab29T45TEcyhjY=
141,208,FGGLdGoMHTkt0gJIUGtBv/mhpgw=,Rp2fBpVWcHwPWab29T45TEcyhjY=
142,210,FGGLdGoMHTkt0gJIUGtBv/mhpgw=,Rp2fBpVWcHwPWab29T45TEcyhjY=
141,209,FGGLdGoMHTkt0gJIUGtBv/mhpgw=,Rp2fBpVWcHwPWab29T45TEcyhjY=
143,218,FGGLdGoMHTkt0gJIUGtBv/mhpgw=,Rp2fBpVWcHwPWab29T45TEcyhjY=
142,218,FGGLdGoMHTkt0gJIUGtBv/mhpgw=,Rp2fBpVWcHwPWab29T45TEcyhjY=
141,218,FGGLdGoMHTkt0gJIUGtBv/mhpgw=,Rp2fBpVWcHwPWab29T45TEcyhjY=
140,218,FGGLdGoMHTkt0gJIUGtBv/mhpgw=,Rp2fBpVWcHwPWab29T45TEcyhjY=
139,218,FGGLdGoMHTkt0gJIUGtBv/mhpgw=,Rp2fBpVWcHwPWab29T45TEcyhjY=
138,218,FGGLdGoMHTkt0gJIUGtBv/mhpgw=,Rp2fBpVWcHwPWab29T45TEcyhjY=
141,223,FGGLdGoMHTkt0gJIUGtBv/mhpgw=,Rp2fBpVWcHwPWab29T45TEcyhjY=
129,211,FGGLdGoMHTkt0gJIUGtBv/mhpgw=,Rp2fBpVWcHwPWab29T45TEcyhjY=
138,219,FGGLdGoMHTkt0gJIUGtBv/mhpgw=,Rp2fBpVWcHwPWab29T45TEcyhjY=
140,222,FGGLdGoMHTkt0gJIUGtBv/mhpgw=,Rp2fBpVWcHwPWab29T45TEcyhjY=
137,219,FGGLdGoMHTkt0gJIUGtBv/mhpgw=,Rp2fBpVWcHwPWab29T45TEcyhjY=
132,218,FGGLdGoMHTkt0gJIUGtBv/mhpgw=,Rp2fBpVWcHwPWab29T45TEcyhjY=
130,218,FGGLdGoMHTkt0gJIUGtBv/mhpgw=,Rp2fBpVWcHwPWab29T45TEcyhjY=
131,218,FGGLdGoMHTkt0gJIUGtBv/mhpgw=,Rp2fBpVWcHwPWab29T45TEcyhjY=
129,218,FGGLdGoMHTkt0gJIUGtBv/mhpgw=,Rp2fBpVWcHwPWab29T45TEcyhjY=
140,208,FGGLdGoMHTkt0gJIUGtBv/mhpgw=,Rp2fBpVWcHwPWab29T45TEcyhjY=
141,210,FGGLdGoMHTkt0gJIUGtBv/mhpgw=,Rp2fBpVWcHwPWab29T45TEcyhjY=
128,218,FGGLdGoMHTkt0gJIUGtBv/mhpgw=,Rp2fBpVWcHwPWab29T45TEcyhjY=
140,209,FGGLdGoMHTkt0gJIUGtBv/mhpgw=,Rp2fBpVWcHwPWab29T45TEcyhjY=
143,217,FGGLdGoMHTkt0gJIUGtBv/mhpgw=,Rp2fBpVWcHwPWab29T45TEcyhjY=
142,217,FGGLdGoMHTkt0gJIUGtBv/mhpgw=,Rp2fBpVWcHwPWab29T45TEcyhjY=
141,217,FGGLdGoMHTkt0gJIUGtBv/mhpgw=,Rp2fBpVWcHwPWab29T45TEcyhjY=
140,217,FGGLdGoMHTkt0gJIUGtBv/mhpgw=,Rp2fBpVWcHwPWab29T45TEcyhjY=
139,217,FGGLdGoMHTkt0gJIUGtBv/mhpgw=,Rp2fBpVWcHwPWab29T45TEcyhjY=
138,217,FGGLdGoMHTkt0gJIUGtBv/mhpgw=,Rp2fBpVWcHwPWab29T45TEcyhjY=
137,217,FGGLdGoMHTkt0gJIUGtBv/mhpgw=,Rp2fBpVWcHwPWab29T45TEcyhjY=
136,220,FGGLdGoMHTkt0gJIUGtBv/mhpgw=,Rp2fBpVWcHwPWab29T45TEcyhjY=
129,210,FGGLdGoMHTkt0gJIUGtBv/mhpgw=,Rp2fBpVWcHwPWab29T45TEcyhjY=
138,221,FGGLdGoMHTkt0gJIUGtBv/mhpgw=,Rp2fBpVWcHwPWab29T45TEcyhjY=
133,219,FGGLdGoMHTkt0gJIUGtBv/mhpgw=,Rp2fBpVWcHwPWab29T45TEcyhjY=
129,209,FGGLdGoMHTkt0gJIUGtBv/mhpgw=,Rp2fBpVWcHwPWab29T45TEcyhjY=
131,217,FGGLdGoMHTkt0gJIUGtBv/mhpgw=,Rp2fBpVWcHwPWab29T45TEcyhjY=
130,217,FGGLdGoMHTkt0gJIUGtBv/mhpgw=,Rp2fBpVWcHwPWab29T45TEcyhjY=
129,217,FGGLdGoMHTkt0gJIUGtBv/mhpgw=,Rp2fBpVWcHwPWab29T45TEcyhjY=
139,208,FGGLdGoMHTkt0gJIUGtBv/mhpgw=,Rp2fBpVWcHwPWab29T45TEcyhjY=
140,210,FGGLdGoMHTkt0gJIUGtBv/mhpgw=,Rp2fBpVWcHwPWab29T45TEcyhjY=
128,217,FGGLdGoMHTkt0gJIUGtBv/mhpgw=,Rp2fBpVWcHwPWab29T45TEcyhjY=
139,209,FGGLdGoMHTkt0gJIUGtBv/mhpgw=,Rp2fBpVWcHwPWab29T45TEcyhjY=
143,216,FGGLdGoMHTkt0gJIUGtBv/mhpgw=,Rp2fBpVWcHwPWab29T45TEcyhjY=
142,216,FGGLdGoMHTkt0gJIUGtBv/mhpgw=,Rp2fBpVWcHwPWab29T45TEcyhjY=
141,216,FGGLdGoMHTkt0gJIUGtBv/mhpgw=,Rp2fBpVWcHwPWab29T45TEcyhjY=
140,216,FGGLdGoMHTkt0gJIUGtBv/mhpgw=,Rp2fBpVWcHwPWab29T45TEcyhjY=
139,216,FGGLdGoMHTkt0gJIUGtBv/mhpgw=,Rp2fBpVWcHwPWab29T45TEcyhjY=
138,216,FGGLdGoMHTkt0gJIUGtBv/mhpgw=,Rp2fBpVWcHwPWab29T45TEcyhjY=
137,216,FGGLdGoMHTkt0gJIUGtBv/mhpgw=,Rp2fBpVWcHwPWab29T45TEcyhjY=
137,218,FGGLdGoMHTkt0gJIUGtBv/mhpgw=,Rp2fBpVWcHwPWab29T45TEcyhjY=
137,220,FGGLdGoMHTkt0gJIUGtBv/mhpgw=,Rp2fBpVWcHwPWab29T45TEcyhjY=
135,219,FGGLdGoMHTkt0gJIUGtBv/mhpgw=,Rp2fBpVWcHwPWab29T45TEcyhjY=
128,209,FGGLdGoMHTkt0gJIUGtBv/mhpgw=,Rp2fBpVWcHwPWab29T45TEcyhjY=
128,211,FGGLdGoMHTkt0gJIUGtBv/mhpgw=,Rp2fBpVWcHwPWab29T45TEcyhjY=
135,218,FGGLdGoMHTkt0gJIUGtBv/mhpgw=,Rp2fBpVWcHwPWab29T45TEcyhjY=
130,216,FGGLdGoMHTkt0gJIUGtBv/mhpgw=,Rp2fBpVWcHwPWab29T45TEcyhjY=
129,216,FGGLdGoMHTkt0gJIUGtBv/mhpgw=,Rp2fBpVWcHwPWab29T45TEcyhjY=
139,210,FGGLdGoMHTkt0gJIUGtBv/mhpgw=,Rp2fBpVWcHwPWab29T45TEcyhjY=
128,216,FGGLdGoMHTkt0gJIUGtBv/mhpgw=,Rp2fBpVWcHwPWab29T45TEcyhjY=
138,208,FGGLdGoMHTkt0gJIUGtBv/mhpgw=,Rp2fBpVWcHwPWab29T45TEcyhjY=
143,215,FGGLdGoMHTkt0gJIUGtBv/mhpgw=,Rp2fBpVWcHwPWab29T45TEcyhjY=
138,209,FGGLdGoMHTkt0gJIUGtBv/mhpgw=,Rp2fBpVWcHwPWab29T45TEcyhjY=
142,215,FGGLdGoMHTkt0gJIUGtBv/mhpgw=,Rp2fBpVWcHwPWab29T45TEcyhjY=
141,215,FGGLdGoMHTkt0gJIUGtBv/mhpgw=,Rp2fBpVWcHwPWab29T45TEcyhjY=
139,215,FGGLdGoMHTkt0gJIUGtBv/mhpgw=,Rp2fBpVWcHwPWab29T45TEcyhjY=
140,215,FGGLdGoMHTkt0gJIUGtBv/mhpgw=,Rp2fBpVWcHwPWab29T45TEcyhjY=
137,215,FGGLdGoMHTkt0gJIUGtBv/mhpgw=,Rp2fBpVWcHwPWab29T45TEcyhjY=
136,215,FGGLdGoMHTkt0gJIUGtBv/mhpgw=,Rp2fBpVWcHwPWab29T45TEcyhjY=
136,216,FGGLdGoMHTkt0gJIUGtBv/mhpgw=,Rp2fBpVWcHwPWab29T45TEcyhjY=
138,215,FGGLdGoMHTkt0gJIUGtBv/mhpgw=,Rp2fBpVWcHwPWab29T45TEcyhjY=
136,218,FGGLdGoMHTkt0gJIUGtBv/mhpgw=,Rp2fBpVWcHwPWab29T45TEcyhjY=
128,210,FGGLdGoMHTkt0gJIUGtBv/mhpgw=,Rp2fBpVWcHwPWab29T45TEcyhjY=
133,218,FGGLdGoMHTkt0gJIUGtBv/mhpgw=,Rp2fBpVWcHwPWab29T45TEcyhjY=
136,219,FGGLdGoMHTkt0gJIUGtBv/mhpgw=,Rp2fBpVWcHwPWab29T45TEcyhjY=
134,216,FGGLdGoMHTkt0gJIUGtBv/mhpgw=,Rp2fBpVWcHwPWab29T45TEcyhjY=
129,215,FGGLdGoMHTkt0gJIUGtBv/mhpgw=,Rp2fBpVWcHwPWab29T45TEcyhjY=
128,215,FGGLdGoMHTkt0gJIUGtBv/mhpgw=,Rp2fBpVWcHwPWab29T45TEcyhjY=
137,208,FGGLdGoMHTkt0gJIUGtBv/mhpgw=,Rp2fBpVWcHwPWab29T45TEcyhjY=
138,210,FGGLdGoMHTkt0gJIUGtBv/mhpgw=,Rp2fBpVWcHwPWab29T45TEcyhjY=
143,214,FGGLdGoMHTkt0gJIUGtBv/mhpgw=,Rp2fBpVWcHwPWab29T45TEcyhjY=
137,209,FGGLdGoMHTkt0gJIUGtBv/mhpgw=,Rp2fBpVWcHwPWab29T45TEcyhjY=
142,214,FGGLdGoMHTkt0gJIUGtBv/mhpgw=,Rp2fBpVWcHwPWab29T45TEcyhjY=
141,214,FGGLdGoMHTkt0gJIUGtBv/mhpgw=,Rp2fBpVWcHwPWab29T45TEcyhjY=
140,214,FGGLdGoMHTkt0gJIUGtBv/mhpgw=,Rp2fBpVWcHwPWab29T45TEcyhjY=
139,214,FGGLdGoMHTkt0gJIUGtBv/mhpgw=,Rp2fBpVWcHwPWab29T45TEcyhjY=
138,214,FGGLdGoMHTkt0gJIUGtBv/mhpgw=,Rp2fBpVWcHwPWab29T45TEcyhjY=
137,214,FGGLdGoMHTkt0gJIUGtBv/mhpgw=,Rp2fBpVWcHwPWab29T45TEcyhjY=
135,214,FGGLdGoMHTkt0gJIUGtBv/mhpgw=,Rp2fBpVWcHwPWab29T45TEcyhjY=
136,214,FGGLdGoMHTkt0gJIUGtBv/mhpgw=,Rp2fBpVWcHwPWab29T45TEcyhjY=
134,214,FGGLdGoMHTkt0gJIUGtBv/mhpgw=,Rp2fBpVWcHwPWab29T45TEcyhjY=
135,217,FGGLdGoMHTkt0gJIUGtBv/mhpgw=,Rp2fBpVWcHwPWab29T45TEcyhjY=
132,216,FGGLdGoMHTkt0gJIUGtBv/mhpgw=,Rp2fBpVWcHwPWab29T45TEcyhjY=
129,214,FGGLdGoMHTkt0gJIUGtBv/mhpgw=,Rp2fBpVWcHwPWab29T45TEcyhjY=
134,218,FGGLdGoMHTkt0gJIUGtBv/mhpgw=,Rp2fBpVWcHwPWab29T45TEcyhjY=
137,210,FGGLdGoMHTkt0gJIUGtBv/mhpgw=,Rp2fBpVWcHwPWab29T45TEcyhjY=
133,214,FGGLdGoMHTkt0gJIUGtBv/mhpgw=,Rp2fBpVWcHwPWab29T45TEcyhjY=
136,208,FGGLdGoMHTkt0gJIUGtBv/mhpgw=,Rp2fBpVWcHwPWab29T45TEcyhjY=
143,213,FGGLdGoMHTkt0gJIUGtBv/mhpgw=,Rp2fBpVWcHwPWab29T45TEcyhjY=
136,209,FGGLdGoMHTkt0gJIUGtBv/mhpgw=,Rp2fBpVWcHwPWab29T45TEcyhjY=
142,213,FGGLdGoMHTkt0gJIUGtBv/mhpgw=,Rp2fBpVWcHwPWab29T45TEcyhjY=
141,213,FGGLdGoMHTkt0gJIUGtBv/mhpgw=,Rp2fBpVWcHwPWab29T45TEcyhjY=
140,213,FGGLdGoMHTkt0gJIUGtBv/mhpgw=,Rp2fBpVWcHwPWab29T45TEcyhjY=
139,213,FGGLdGoMHTkt0gJIUGtBv/mhpgw=,Rp2fBpVWcHwPWab29T45TEcyhjY=
138,213,FGGLdGoMHTkt0gJIUGtBv/mhpgw=,Rp2fBpVWcHwPWab29T45TEcyhjY=
137,213,FGGLdGoMHTkt0gJIUGtBv/mhpgw=,Rp2fBpVWcHwPWab29T45TEcyhjY=
136,213,FGGLdGoMHTkt0gJIUGtBv/mhpgw=,Rp2fBpVWcHwPWab29T45TEcyhjY=
135,213,FGGLdGoMHTkt0gJIUGtBv/mhpgw=,Rp2fBpVWcHwPWab29T45TEcyhjY=
134,213,FGGLdGoMHTkt0gJIUGtBv/mhpgw=,Rp2fBpVWcHwPWab29T45TEcyhjY=
135,216,FGGLdGoMHTkt0gJIUGtBv/mhpgw=,Rp2fBpVWcHwPWab29T45TEcyhjY=
131,216,FGGLdGoMHTkt0gJIUGtBv/mhpgw=,Rp2fBpVWcHwPWab29T45TEcyhjY=
130,215,FGGLdGoMHTkt0gJIUGtBv/mhpgw=,Rp2fBpVWcHwPWab29T45TEcyhjY=
130,214,FGGLdGoMHTkt0gJIUGtBv/mhpgw=,Rp2fBpVWcHwPWab29T45TEcyhjY=
131,214,FGGLdGoMHTkt0gJIUGtBv/mhpgw=,Rp2fBpVWcHwPWab29T45TEcyhjY=
133,216,FGGLdGoMHTkt0gJIUGtBv/mhpgw=,Rp2fBpVWcHwPWab29T45TEcyhjY=
136,210,FGGLdGoMHTkt0gJIUGtBv/mhpgw=,Rp2fBpVWcHwPWab29T45TEcyhjY=
135,208,FGGLdGoMHTkt0gJIUGtBv/mhpgw=,Rp2fBpVWcHwPWab29T45TEcyhjY=
143,212,FGGLdGoMHTkt0gJIUGtBv/mhpgw=,Rp2fBpVWcHwPWab29T45TEcyhjY=
135,209,FGGLdGoMHTkt0gJIUGtBv/mhpgw=,Rp2fBpVWcHwPWab29T45TEcyhjY=
142,212,FGGLdGoMHTkt0gJIUGtBv/mhpgw=,Rp2fBpVWcHwPWab29T45TEcyhjY=
141,212,FGGLdGoMHTkt0gJIUGtBv/mhpgw=,Rp2fBpVWcHwPWab29T45TEcyhjY=
140,212,FGGLdGoMHTkt0gJIUGtBv/mhpgw=,Rp2fBpVWcHwPWab29T45TEcyhjY=
139,212,FGGLdGoMHTkt0gJIUGtBv/mhpgw=,Rp2fBpVWcHwPWab29T45TEcyhjY=
138,212,FGGLdGoMHTkt0gJIUGtBv/mhpgw=,Rp2fBpVWcHwPWab29T45TEcyhjY=
137,212,FGGLdGoMHTkt0gJIUGtBv/mhpgw=,Rp2fBpVWcHwPWab29T45TEcyhjY=
136,212,FGGLdGoMHTkt0gJIUGtBv/mhpgw=,Rp2fBpVWcHwPWab29T45TEcyhjY=
135,212,FGGLdGoMHTkt0gJIUGtBv/mhpgw=,Rp2fBpVWcHwPWab29T45TEcyhjY=
134,212,FGGLdGoMHTkt0gJIUGtBv/mhpgw=,Rp2fBpVWcHwPWab29T45TEcyhjY=
133,212,FGGLdGoMHTkt0gJIUGtBv/mhpgw=,Rp2fBpVWcHwPWab29T45TEcyhjY=
132,212,FGGLdGoMHTkt0gJIUGtBv/mhpgw=,Rp2fBpVWcHwPWab29T45TEcyhjY=
133,217,FGGLdGoMHTkt0gJIUGtBv/mhpgw=,Rp2fBpVWcHwPWab29T45TEcyhjY=
132,214,FGGLdGoMHTkt0gJIUGtBv/mhpgw=,Rp2fBpVWcHwPWab29T45TEcyhjY=
135,215,FGGLdGoMHTkt0gJIUGtBv/mhpgw=,Rp2fBpVWcHwPWab29T45TEcyhjY=
135,210,FGGLdGoMHTkt0gJIUGtBv/mhpgw=,Rp2fBpVWcHwPWab29T45TEcyhjY=
128,214,FGGLdGoMHTkt0gJIUGtBv/mhpgw=,Rp2fBpVWcHwPWab29T45TEcyhjY=
134,208,FGGLdGoMHTkt0gJIUGtBv/mhpgw=,Rp2fBpVWcHwPWab29T45TEcyhjY=
143,211,FGGLdGoMHTkt0gJIUGtBv/mhpgw=,Rp2fBpVWcHwPWab29T45TEcyhjY=
134,209,FGGLdGoMHTkt0gJIUGtBv/mhpgw=,Rp2fBpVWcHwPWab29T45TEcyhjY=
128,208,FGGLdGoMHTkt0gJIUGtBv/mhpgw=,Rp2fBpVWcHwPWab29T45TEcyhjY=
142,211,FGGLdGoMHTkt0gJIUGtBv/mhpgw=,Rp2fBpVWcHwPWab29T45TEcyhjY=
141,211,FGGLdGoMHTkt0gJIUGtBv/mhpgw=,Rp2fBpVWcHwPWab29T45TEcyhjY=
140,211,FGGLdGoMHTkt0gJIUGtBv/mhpgw=,Rp2fBpVWcHwPWab29T45TEcyhjY=
139,211,FGGLdGoMHTkt0gJIUGtBv/mhpgw=,Rp2fBpVWcHwPWab29T45TEcyhjY=
138,211,FGGLdGoMHTkt0gJIUGtBv/mhpgw=,Rp2fBpVWcHwPWab29T45TEcyhjY=
131,215,FGGLdGoMHTkt0gJIUGtBv/mhpgw=,Rp2fBpVWcHwPWab29T45TEcyhjY=
136,211,FGGLdGoMHTkt0gJIUGtBv/mhpgw=,Rp2fBpVWcHwPWab29T45TEcyhjY=
130,213,FGGLdGoMHTkt0gJIUGtBv/mhpgw=,Rp2fBpVWcHwPWab29T45TEcyhjY=
133,213,FGGLdGoMHTkt0gJIUGtBv/mhpgw=,Rp2fBpVWcHwPWab29T45TEcyhjY=
132,213,FGGLdGoMHTkt0gJIUGtBv/mhpgw=,Rp2fBpVWcHwPWab29T45TEcyhjY=
137,211,FGGLdGoMHTkt0gJIUGtBv/mhpgw=,Rp2fBpVWcHwPWab29T45TEcyhjY=
132,217,FGGLdGoMHTkt0gJIUGtBv/mhpgw=,Rp2fBpVWcHwPWab29T45TEcyhjY=
129,212,FGGLdGoMHTkt0gJIUGtBv/mhpgw=,Rp2fBpVWcHwPWab29T45TEcyhjY=
133,215,FGGLdGoMHTkt0gJIUGtBv/mhpgw=,Rp2fBpVWcHwPWab29T45TEcyhjY=
134,219,FGGLdGoMHTkt0gJIUGtBv/mhpgw=,Rp2fBpVWcHwPWab29T45TEcyhjY=
129,213,FGGLdGoMHTkt0gJIUGtBv/mhpgw=,Rp2fBpVWcHwPWab29T45TEcyhjY=
134,215,FGGLdGoMHTkt0gJIUGtBv/mhpgw=,Rp2fBpVWcHwPWab29T45TEcyhjY=
131,213,FGGLdGoMHTkt0gJIUGtBv/mhpgw=,Rp2fBpVWcHwPWab29T45TEcyhjY=
128,213,FGGLdGoMHTkt0gJIUGtBv/mhpgw=,Rp2fBpVWcHwPWab29T45TEcyhjY=
138,222,FGGLdGoMHTkt0gJIUGtBv/mhpgw=,Rp2fBpVWcHwPWab29T45TEcyhjY=
131,212,FGGLdGoMHTkt0gJIUGtBv/mhpgw=,Rp2fBpVWcHwPWab29T45TEcyhjY=
134,217,FGGLdGoMHTkt0gJIUGtBv/mhpgw=,Rp2fBpVWcHwPWab29T45TEcyhjY=
132,215,FGGLdGoMHTkt0gJIUGtBv/mhpgw=,Rp2fBpVWcHwPWab29T45TEcyhjY=
136,217,FGGLdGoMHTkt0gJIUGtBv/mhpgw=,Rp2fBpVWcHwPWab29T45TEcyhjY=
128,212,FGGLdGoMHTkt0gJIUGtBv/mhpgw=,Rp2fBpVWcHwPWab29T45TEcyhjY=
130,212,FGGLdGoMHTkt0gJIUGtBv/mhpgw=,Rp2fBpVWcHwPWab29T45TEcyhjY=
